35,9,MO4bp0KtoACb2M+GgCBZFSpi+cM=,rC11WxR1kply5tGRb8CNfpOUGn0=
36,10,MO4bp0KtoACb2M+GgCBZFSpi+cM=,vw0LoO1/OUylUwf9di9ra57sP3M=
36,9,MO4bp0KtoACb2M+GgCBZFSpi+cM=,c2E8PZf2MVa2+NhjuusGJo+ZuGI=
37,9,MO4bp0KtoACb2M+GgCBZFSpi+cM=,c2E8PZf2MVa2+NhjuusGJo+ZuGI=
35,10,MO4bp0KtoACb2M+GgCBZFSpi+cM=,d2v0CJnnogn0cfkRf38Qij8/5tE=
37,10,MO4bp0KtoACb2M+GgCBZFSpi+cM=,vw0LoO1/OUylUwf9di9ra57sP3M=
38,9,MO4bp0KtoACb2M+GgCBZFSpi+cM=,8H+XUMhy7Mm+jHQoGuQUC050RgE=
38,10,MO4bp0KtoACb2M+GgCBZFSpi+cM=,hSM4GEb5Ru1P9P3bONjMnGI+1N8=
35,4,pfyD/ZEtj0PM5SyuQycqOi9zG64=,p0p6U34zrWtgJpqcGDOqfZZ83S0=
35,3,pfyD/ZEtj0PM5SyuQycqOi9zG64=,EHPB14joma5TVQG3x1GqbkyE1Qw=
36,4,pfyD/ZEtj0PM5SyuQycqOi9zG64=,sihbpHhHlUosNQk2va8ketNZBX0=
36,3,pfyD/ZEtj0PM5SyuQycqOi9zG64=,M5hO4kZ5N5+Bwj8uk479G2IzU08=
37,4,pfyD/ZEtj0PM5SyuQycqOi9zG64=,sihbpHhHlUosNQk2va8ketNZBX0=
38,3,pfyD/ZEtj0PM5SyuQycqOi9zG64=,Op5zQX/2dr5pU/iz3//vEuV4SkE=
37,3,pfyD/ZEtj0PM5SyuQycqOi9zG64=,M5hO4kZ5N5+Bwj8uk479G2IzU08=
38,4,pfyD/ZEtj0PM5SyuQycqOi9zG64=,VuaGi/AnNIdCANvhLUOqDAO7MZ0=
38,1,pfyD/ZEtj0PM5SyuQycqOi9zG64=,ZhLz/KfmfIZcaCUVL8mKSXlmOkU=
38,2,pfyD/ZEtj0PM5SyuQycqOi9zG64=,Op5zQX/2dr5pU/iz3//vEuV4SkE=
37,2,pfyD/ZEtj0PM5SyuQycqOi9zG64=,M5hO4kZ5N5+Bwj8uk479G2IzU08=
37,1,pfyD/ZEtj0PM5SyuQycqOi9zG64=,Q9lueMRES0xRbpLvvbi1fc61e2w=
39,3,pfyD/ZEtj0PM5SyuQycqOi9zG64=,Op5zQX/2dr5pU/iz3//vEuV4SkE=
39,4,pfyD/ZEtj0PM5SyuQycqOi9zG64=,VuaGi/AnNIdCANvhLUOqDAO7MZ0=
40,4,pfyD/ZEtj0PM5SyuQycqOi9zG64=,7zzsWbtwXtrpGSydIdixtFdr0JE=
40,3,pfyD/ZEtj0PM5SyuQycqOi9zG64=,MYD9/UX+7Ia3+jlCOer9g/J+LwY=
41,3,r8BHdTWvFmAoqjlkPvOLPFtY/Yw=,MYD9/UX+7Ia3+jlCOer9g/J+LwY=
42,4,r8BHdTWvFmAoqjlkPvOLPFtY/Yw=,O5LQGfzgL+M45tyzNke5UhGzkmI=
41,4,r8BHdTWvFmAoqjlkPvOLPFtY/Yw=,7zzsWbtwXtrpGSydIdixtFdr0JE=
44,3,r8BHdTWvFmAoqjlkPvOLPFtY/Yw=,5m/DRVa7xOxnu7nBI3mUUCr15cs=
42,3,r8BHdTWvFmAoqjlkPvOLPFtY/Yw=,usrKMkqsRmhuQtqqzOargCVLayI=
43,3,r8BHdTWvFmAoqjlkPvOLPFtY/Yw=,usrKMkqsRmhuQtqqzOargCVLayI=
43,4,r8BHdTWvFmAoqjlkPvOLPFtY/Yw=,O5LQGfzgL+M45tyzNke5UhGzkmI=
44,4,r8BHdTWvFmAoqjlkPvOLPFtY/Yw=,55tTZ+AsqW+cUtq0aZRSWN7GEKE=
43,2,r8BHdTWvFmAoqjlkPvOLPFtY/Yw=,usrKMkqsRmhuQtqqzOargCVLayI=
43,5,r8BHdTWvFmAoqjlkPvOLPFtY/Yw=,O5LQGfzgL+M45tyzNke5UhGzkmI=
44,2,r8BHdTWvFmAoqjlkPvOLPFtY/Yw=,5m/DRVa7xOxnu7nBI3mUUCr15cs=
44,6,r8BHdTWvFmAoqjlkPvOLPFtY/Yw=,DEv0ZeEK59Guv/CXetxII6Ic9Tg=
44,5,r8BHdTWvFmAoqjlkPvOLPFtY/Yw=,55tTZ+AsqW+cUtq0aZRSWN7GEKE=
44,1,r8BHdTWvFmAoqjlkPvOLPFtY/Yw=,ddCtutLpsaVEinAw7p9xayi4pis=
42,6,r8BHdTWvFmAoqjlkPvOLPFtY/Yw=,XaRuSsyXBNhsNnVxWvL6oOnK7c8=
43,6,r8BHdTWvFmAoqjlkPvOLPFtY/Yw=,XaRuSsyXBNhsNnVxWvL6oOnK7c8=
43,1,r8BHdTWvFmAoqjlkPvOLPFtY/Yw=,RsdBnlWl6t3sir36IP2Haa23dyc=
41,6,r8BHdTWvFmAoqjlkPvOLPFtY/Yw=,xwFulyPm+QFlgGam2CzK0mmDQE4=
42,5,r8BHdTWvFmAoqjlkPvOLPFtY/Yw=,O5LQGfzgL+M45tyzNke5UhGzkmI=
39,5,r8BHdTWvFmAoqjlkPvOLPFtY/Yw=,VuaGi/AnNIdCANvhLUOqDAO7MZ0=
40,6,r8BHdTWvFmAoqjlkPvOLPFtY/Yw=,xwFulyPm+QFlgGam2CzK0mmDQE4=
41,5,r8BHdTWvFmAoqjlkPvOLPFtY/Yw=,7zzsWbtwXtrpGSydIdixtFdr0JE=
40,5,r8BHdTWvFmAoqjlkPvOLPFtY/Yw=,7zzsWbtwXtrpGSydIdixtFdr0JE=
39,6,r8BHdTWvFmAoqjlkPvOLPFtY/Yw=,FuB7ghYRIBKvaUaW5jIyEY+D0mc=
39,7,wbVXKInEc6ytUQvXR1OWZLJRfmY=,FuB7ghYRIBKvaUaW5jIyEY+D0mc=
36,5,wbVXKInEc6ytUQvXR1OWZLJRfmY=,sihbpHhHlUosNQk2va8ketNZBX0=
44,8,wbVXKInEc6ytUQvXR1OWZLJRfmY=,x+h3+LrnlLCJ9/6oCilhq83uKLo=
40,8,wbVXKInEc6ytUQvXR1OWZLJRfmY=,AtK1E7iBRTCF+mZT0uEER5GzEnA=
40,7,wbVXKInEc6ytUQvXR1OWZLJRfmY=,xwFulyPm+QFlgGam2CzK0mmDQE4=
44,7,wbVXKInEc6ytUQvXR1OWZLJRfmY=,DEv0ZeEK59Guv/CXetxII6Ic9Tg=
38,5,wbVXKInEc6ytUQvXR1OWZLJRfmY=,VuaGi/AnNIdCANvhLUOqDAO7MZ0=
43,7,wbVXKInEc6ytUQvXR1OWZLJRfmY=,XaRuSsyXBNhsNnVxWvL6oOnK7c8=
35,5,wbVXKInEc6ytUQvXR1OWZLJRfmY=,p0p6U34zrWtgJpqcGDOqfZZ83S0=
38,8,wbVXKInEc6ytUQvXR1OWZLJRfmY=,8H+XUMhy7Mm+jHQoGuQUC050RgE=
38,7,wbVXKInEc6ytUQvXR1OWZLJRfmY=,FuB7ghYRIBKvaUaW5jIyEY+D0mc=
39,8,wbVXKInEc6ytUQvXR1OWZLJRfmY=,8H+XUMhy7Mm+jHQoGuQUC050RgE=
37,5,wbVXKInEc6ytUQvXR1OWZLJRfmY=,sihbpHhHlUosNQk2va8ketNZBX0=
41,8,wbVXKInEc6ytUQvXR1OWZLJRfmY=,AtK1E7iBRTCF+mZT0uEER5GzEnA=
36,8,wbVXKInEc6ytUQvXR1OWZLJRfmY=,c2E8PZf2MVa2+NhjuusGJo+ZuGI=
37,8,wbVXKInEc6ytUQvXR1OWZLJRfmY=,c2E8PZf2MVa2+NhjuusGJo+ZuGI=
42,7,wbVXKInEc6ytUQvXR1OWZLJRfmY=,XaRuSsyXBNhsNnVxWvL6oOnK7c8=
41,7,wbVXKInEc6ytUQvXR1OWZLJRfmY=,xwFulyPm+QFlgGam2CzK0mmDQE4=
38,6,wbVXKInEc6ytUQvXR1OWZLJRfmY=,FuB7ghYRIBKvaUaW5jIyEY+D0mc=
37,6,wbVXKInEc6ytUQvXR1OWZLJRfmY=,ua4egXmUKTHPMmJeVz1ulCgEOc4=
40,9,wbVXKInEc6ytUQvXR1OWZLJRfmY=,AtK1E7iBRTCF+mZT0uEER5GzEnA=
43,8,wbVXKInEc6ytUQvXR1OWZLJRfmY=,xtvbiHb6RX2JvlnXyVEVda5MLug=
36,7,wbVXKInEc6ytUQvXR1OWZLJRfmY=,ua4egXmUKTHPMmJeVz1ulCgEOc4=
42,8,wbVXKInEc6ytUQvXR1OWZLJRfmY=,xtvbiHb6RX2JvlnXyVEVda5MLug=
35,8,wbVXKInEc6ytUQvXR1OWZLJRfmY=,rC11WxR1kply5tGRb8CNfpOUGn0=
37,7,wbVXKInEc6ytUQvXR1OWZLJRfmY=,ua4egXmUKTHPMmJeVz1ulCgEOc4=
35,7,wbVXKInEc6ytUQvXR1OWZLJRfmY=,Am9E4yUod/KdIhkRltEnvw0O/SU=
40,10,wbVXKInEc6ytUQvXR1OWZLJRfmY=,rhOs/pq2/WPerf7keJo+BNaQ+o0=
42,9,wbVXKInEc6ytUQvXR1OWZLJRfmY=,xtvbiHb6RX2JvlnXyVEVda5MLug=
35,6,wbVXKInEc6ytUQvXR1OWZLJRfmY=,Am9E4yUod/KdIhkRltEnvw0O/SU=
36,6,wbVXKInEc6ytUQvXR1OWZLJRfmY=,ua4egXmUKTHPMmJeVz1ulCgEOc4=
41,9,wbVXKInEc6ytUQvXR1OWZLJRfmY=,AtK1E7iBRTCF+mZT0uEER5GzEnA=
39,10,wbVXKInEc6ytUQvXR1OWZLJRfmY=,hSM4GEb5Ru1P9P3bONjMnGI+1N8=
39,9,wbVXKInEc6ytUQvXR1OWZLJRfmY=,8H+XUMhy7Mm+jHQoGuQUC050RgE=
42,10,wbVXKInEc6ytUQvXR1OWZLJRfmY=,F4ECtg2wcywMpI338gKpQA3ePWo=
41,12,wbVXKInEc6ytUQvXR1OWZLJRfmY=,ZvX5ln0WwZ5c8P/DCDwkUlNQhIA=
41,10,wbVXKInEc6ytUQvXR1OWZLJRfmY=,rhOs/pq2/WPerf7keJo+BNaQ+o0=
42,11,wbVXKInEc6ytUQvXR1OWZLJRfmY=,F4ECtg2wcywMpI338gKpQA3ePWo=
42,12,wbVXKInEc6ytUQvXR1OWZLJRfmY=,AjJVAo30zdCkypPd/iWd9pgzFwA=
41,11,wbVXKInEc6ytUQvXR1OWZLJRfmY=,rhOs/pq2/WPerf7keJo+BNaQ+o0=
39,12,XBgo31BF1+9o5IQq6zT+UgqwKRc=,osu/IBzYkVvJUiODAelf1BQWotg=
40,11,XBgo31BF1+9o5IQq6zT+UgqwKRc=,rhOs/pq2/WPerf7keJo+BNaQ+o0=
39,11,XBgo31BF1+9o5IQq6zT+UgqwKRc=,hSM4GEb5Ru1P9P3bONjMnGI+1N8=
40,12,XBgo31BF1+9o5IQq6zT+UgqwKRc=,ZvX5ln0WwZ5c8P/DCDwkUlNQhIA=
37,14,XBgo31BF1+9o5IQq6zT+UgqwKRc=,fpHd8JohCM8FwQq4P/V/uOOGJpA=
38,12,XBgo31BF1+9o5IQq6zT+UgqwKRc=,osu/IBzYkVvJUiODAelf1BQWotg=
37,12,XBgo31BF1+9o5IQq6zT+UgqwKRc=,7kGr1VOYSDl67jO6Af1qoxSf42s=
37,13,XBgo31BF1+9o5IQq6zT+UgqwKRc=,7kGr1VOYSDl67jO6Af1qoxSf42s=
38,13,XBgo31BF1+9o5IQq6zT+UgqwKRc=,osu/IBzYkVvJUiODAelf1BQWotg=
38,14,XBgo31BF1+9o5IQq6zT+UgqwKRc=,9J98Vrkqi2fitHKnTWWl1e5XVNk=
37,11,XBgo31BF1+9o5IQq6zT+UgqwKRc=,vw0LoO1/OUylUwf9di9ra57sP3M=
38,11,XBgo31BF1+9o5IQq6zT+UgqwKRc=,hSM4GEb5Ru1P9P3bONjMnGI+1N8=
36,14,XBgo31BF1+9o5IQq6zT+UgqwKRc=,fpHd8JohCM8FwQq4P/V/uOOGJpA=
36,12,XBgo31BF1+9o5IQq6zT+UgqwKRc=,7kGr1VOYSDl67jO6Af1qoxSf42s=
36,11,XBgo31BF1+9o5IQq6zT+UgqwKRc=,vw0LoO1/OUylUwf9di9ra57sP3M=
35,14,XBgo31BF1+9o5IQq6zT+UgqwKRc=,Ugd4vhvrIlwpmlk9N+AnVjOn4/c=
35,11,XBgo31BF1+9o5IQq6zT+UgqwKRc=,d2v0CJnnogn0cfkRf38Qij8/5tE=
36,13,XBgo31BF1+9o5IQq6zT+UgqwKRc=,7kGr1VOYSDl67jO6Af1qoxSf42s=
35,13,XBgo31BF1+9o5IQq6zT+UgqwKRc=,Dt5/rknMQy1TzEdCcrWuqfAZAIw=
33,14,XBgo31BF1+9o5IQq6zT+UgqwKRc=,B16Q/83lK2iVeWMjFfxqw4Q84EU=
33,13,XBgo31BF1+9o5IQq6zT+UgqwKRc=,c2TLiuD+y/1UXlA3wjaxhR17sDU=
35,12,EeKpizkXg1HfktwmDqCP5ucsoN8=,Dt5/rknMQy1TzEdCcrWuqfAZAIw=
33,11,EeKpizkXg1HfktwmDqCP5ucsoN8=,vatWP9vqMEU2IeWo2MnioDdECeg=
34,14,EeKpizkXg1HfktwmDqCP5ucsoN8=,Ugd4vhvrIlwpmlk9N+AnVjOn4/c=
34,12,EeKpizkXg1HfktwmDqCP5ucsoN8=,Dt5/rknMQy1TzEdCcrWuqfAZAIw=
34,13,EeKpizkXg1HfktwmDqCP5ucsoN8=,Dt5/rknMQy1TzEdCcrWuqfAZAIw=
33,12,EeKpizkXg1HfktwmDqCP5ucsoN8=,c2TLiuD+y/1UXlA3wjaxhR17sDU=
33,10,EeKpizkXg1HfktwmDqCP5ucsoN8=,vatWP9vqMEU2IeWo2MnioDdECeg=
34,10,EeKpizkXg1HfktwmDqCP5ucsoN8=,d2v0CJnnogn0cfkRf38Qij8/5tE=
34,9,EeKpizkXg1HfktwmDqCP5ucsoN8=,rC11WxR1kply5tGRb8CNfpOUGn0=
33,9,EeKpizkXg1HfktwmDqCP5ucsoN8=,sIOZbfF51liKdYcRnutG2+waivE=
34,11,EeKpizkXg1HfktwmDqCP5ucsoN8=,d2v0CJnnogn0cfkRf38Qij8/5tE=
34,8,EeKpizkXg1HfktwmDqCP5ucsoN8=,rC11WxR1kply5tGRb8CNfpOUGn0=
33,6,EeKpizkXg1HfktwmDqCP5ucsoN8=,d+Lcf1eoXKCWD7Omr4oW8IpZgeU=
34,4,EeKpizkXg1HfktwmDqCP5ucsoN8=,p0p6U34zrWtgJpqcGDOqfZZ83S0=
33,5,EeKpizkXg1HfktwmDqCP5ucsoN8=,5j8MtPT3bZ3k33tvuU6E7szb7Bg=
33,4,EeKpizkXg1HfktwmDqCP5ucsoN8=,5j8MtPT3bZ3k33tvuU6E7szb7Bg=
34,3,EeKpizkXg1HfktwmDqCP5ucsoN8=,EHPB14joma5TVQG3x1GqbkyE1Qw=
33,8,EeKpizkXg1HfktwmDqCP5ucsoN8=,sIOZbfF51liKdYcRnutG2+waivE=
34,5,EeKpizkXg1HfktwmDqCP5ucsoN8=,p0p6U34zrWtgJpqcGDOqfZZ83S0=
34,7,EeKpizkXg1HfktwmDqCP5ucsoN8=,Am9E4yUod/KdIhkRltEnvw0O/SU=
33,3,EeKpizkXg1HfktwmDqCP5ucsoN8=,sLR7+CrRFfCdgAf3p4/SBQzGk14=
34,6,EeKpizkXg1HfktwmDqCP5ucsoN8=,Am9E4yUod/KdIhkRltEnvw0O/SU=
33,7,EeKpizkXg1HfktwmDqCP5ucsoN8=,d+Lcf1eoXKCWD7Omr4oW8IpZgeU=
36,2,EeKpizkXg1HfktwmDqCP5ucsoN8=,M5hO4kZ5N5+Bwj8uk479G2IzU08=
33,1,EeKpizkXg1HfktwmDqCP5ucsoN8=,wTyPclzPRMTL4vnyFiQWs1ZHdCg=
34,1,EeKpizkXg1HfktwmDqCP5ucsoN8=,pNKuKdp5fhcDuHr/zkADkVUz7kY=
36,1,EeKpizkXg1HfktwmDqCP5ucsoN8=,Q9lueMRES0xRbpLvvbi1fc61e2w=
35,1,EeKpizkXg1HfktwmDqCP5ucsoN8=,pNKuKdp5fhcDuHr/zkADkVUz7kY=
33,2,EeKpizkXg1HfktwmDqCP5ucsoN8=,sLR7+CrRFfCdgAf3p4/SBQzGk14=
34,2,EeKpizkXg1HfktwmDqCP5ucsoN8=,EHPB14joma5TVQG3x1GqbkyE1Qw=
35,2,EeKpizkXg1HfktwmDqCP5ucsoN8=,EHPB14joma5TVQG3x1GqbkyE1Qw=
34,0,EeKpizkXg1HfktwmDqCP5ucsoN8=,pNKuKdp5fhcDuHr/zkADkVUz7kY=
45,8,EeKpizkXg1HfktwmDqCP5ucsoN8=,x+h3+LrnlLCJ9/6oCilhq83uKLo=
45,7,EeKpizkXg1HfktwmDqCP5ucsoN8=,DEv0ZeEK59Guv/CXetxII6Ic9Tg=
37,0,EeKpizkXg1HfktwmDqCP5ucsoN8=,Q9lueMRES0xRbpLvvbi1fc61e2w=
44,10,EeKpizkXg1HfktwmDqCP5ucsoN8=,cw/ogESOw+Yimky26TgXfg54Yug=
38,0,EeKpizkXg1HfktwmDqCP5ucsoN8=,ZhLz/KfmfIZcaCUVL8mKSXlmOkU=
33,0,EeKpizkXg1HfktwmDqCP5ucsoN8=,wTyPclzPRMTL4vnyFiQWs1ZHdCg=
45,10,EeKpizkXg1HfktwmDqCP5ucsoN8=,cw/ogESOw+Yimky26TgXfg54Yug=
44,0,EeKpizkXg1HfktwmDqCP5ucsoN8=,ddCtutLpsaVEinAw7p9xayi4pis=
36,0,EeKpizkXg1HfktwmDqCP5ucsoN8=,Q9lueMRES0xRbpLvvbi1fc61e2w=
35,0,EeKpizkXg1HfktwmDqCP5ucsoN8=,pNKuKdp5fhcDuHr/zkADkVUz7kY=
45,9,EeKpizkXg1HfktwmDqCP5ucsoN8=,x+h3+LrnlLCJ9/6oCilhq83uKLo=
44,9,EeKpizkXg1HfktwmDqCP5ucsoN8=,x+h3+LrnlLCJ9/6oCilhq83uKLo=
45,11,EeKpizkXg1HfktwmDqCP5ucsoN8=,cw/ogESOw+Yimky26TgXfg54Yug=
44,11,EeKpizkXg1HfktwmDqCP5ucsoN8=,cw/ogESOw+Yimky26TgXfg54Yug=
43,12,EeKpizkXg1HfktwmDqCP5ucsoN8=,AjJVAo30zdCkypPd/iWd9pgzFwA=
43,11,EeKpizkXg1HfktwmDqCP5ucsoN8=,F4ECtg2wcywMpI338gKpQA3ePWo=
43,10,EeKpizkXg1HfktwmDqCP5ucsoN8=,F4ECtg2wcywMpI338gKpQA3ePWo=
43,9,EeKpizkXg1HfktwmDqCP5ucsoN8=,xtvbiHb6RX2JvlnXyVEVda5MLug=
43,0,EeKpizkXg1HfktwmDqCP5ucsoN8=,RsdBnlWl6t3sir36IP2Haa23dyc=
39,2,amDca9n6aOq6ykMnXSWUradCrUg=,Op5zQX/2dr5pU/iz3//vEuV4SkE=
38,15,amDca9n6aOq6ykMnXSWUradCrUg=,9J98Vrkqi2fitHKnTWWl1e5XVNk=
43,13,amDca9n6aOq6ykMnXSWUradCrUg=,AjJVAo30zdCkypPd/iWd9pgzFwA=
43,14,amDca9n6aOq6ykMnXSWUradCrUg=,Iroz97jUXSHXWuvIfx6Jwy4iJZo=
37,15,amDca9n6aOq6ykMnXSWUradCrUg=,fpHd8JohCM8FwQq4P/V/uOOGJpA=
33,15,amDca9n6aOq6ykMnXSWUradCrUg=,B16Q/83lK2iVeWMjFfxqw4Q84EU=
43,15,amDca9n6aOq6ykMnXSWUradCrUg=,Iroz97jUXSHXWuvIfx6Jwy4iJZo=
39,0,amDca9n6aOq6ykMnXSWUradCrUg=,ZhLz/KfmfIZcaCUVL8mKSXlmOkU=
35,15,amDca9n6aOq6ykMnXSWUradCrUg=,Ugd4vhvrIlwpmlk9N+AnVjOn4/c=
34,15,amDca9n6aOq6ykMnXSWUradCrUg=,Ugd4vhvrIlwpmlk9N+AnVjOn4/c=
36,15,amDca9n6aOq6ykMnXSWUradCrUg=,fpHd8JohCM8FwQq4P/V/uOOGJpA=
39,1,amDca9n6aOq6ykMnXSWUradCrUg=,ZhLz/KfmfIZcaCUVL8mKSXlmOkU=
40,2,amDca9n6aOq6ykMnXSWUradCrUg=,MYD9/UX+7Ia3+jlCOer9g/J+LwY=
41,2,amDca9n6aOq6ykMnXSWUradCrUg=,MYD9/UX+7Ia3+jlCOer9g/J+LwY=
42,2,amDca9n6aOq6ykMnXSWUradCrUg=,usrKMkqsRmhuQtqqzOargCVLayI=
42,13,amDca9n6aOq6ykMnXSWUradCrUg=,AjJVAo30zdCkypPd/iWd9pgzFwA=
42,1,amDca9n6aOq6ykMnXSWUradCrUg=,RsdBnlWl6t3sir36IP2Haa23dyc=
40,1,amDca9n6aOq6ykMnXSWUradCrUg=,m7cTx0T9NjOmJlE9vetYz0O6VME=
41,1,amDca9n6aOq6ykMnXSWUradCrUg=,m7cTx0T9NjOmJlE9vetYz0O6VME=
42,0,amDca9n6aOq6ykMnXSWUradCrUg=,RsdBnlWl6t3sir36IP2Haa23dyc=
32,1,amDca9n6aOq6ykMnXSWUradCrUg=,wTyPclzPRMTL4vnyFiQWs1ZHdCg=
40,0,amDca9n6aOq6ykMnXSWUradCrUg=,m7cTx0T9NjOmJlE9vetYz0O6VME=
32,6,amDca9n6aOq6ykMnXSWUradCrUg=,d+Lcf1eoXKCWD7Omr4oW8IpZgeU=
32,5,amDca9n6aOq6ykMnXSWUradCrUg=,5j8MtPT3bZ3k33tvuU6E7szb7Bg=
32,3,amDca9n6aOq6ykMnXSWUradCrUg=,sLR7+CrRFfCdgAf3p4/SBQzGk14=
32,4,amDca9n6aOq6ykMnXSWUradCrUg=,5j8MtPT3bZ3k33tvuU6E7szb7Bg=
39,13,amDca9n6aOq6ykMnXSWUradCrUg=,osu/IBzYkVvJUiODAelf1BQWotg=
41,0,amDca9n6aOq6ykMnXSWUradCrUg=,m7cTx0T9NjOmJlE9vetYz0O6VME=
32,2,amDca9n6aOq6ykMnXSWUradCrUg=,sLR7+CrRFfCdgAf3p4/SBQzGk14=
32,7,amDca9n6aOq6ykMnXSWUradCrUg=,d+Lcf1eoXKCWD7Omr4oW8IpZgeU=
42,14,amDca9n6aOq6ykMnXSWUradCrUg=,Iroz97jUXSHXWuvIfx6Jwy4iJZo=
32,8,amDca9n6aOq6ykMnXSWUradCrUg=,sIOZbfF51liKdYcRnutG2+waivE=
45,5,amDca9n6aOq6ykMnXSWUradCrUg=,55tTZ+AsqW+cUtq0aZRSWN7GEKE=
45,6,amDca9n6aOq6ykMnXSWUradCrUg=,DEv0ZeEK59Guv/CXetxII6Ic9Tg=
45,1,amDca9n6aOq6ykMnXSWUradCrUg=,ddCtutLpsaVEinAw7p9xayi4pis=
45,2,amDca9n6aOq6ykMnXSWUradCrUg=,5m/DRVa7xOxnu7nBI3mUUCr15cs=
45,4,amDca9n6aOq6ykMnXSWUradCrUg=,55tTZ+AsqW+cUtq0aZRSWN7GEKE=
45,3,amDca9n6aOq6ykMnXSWUradCrUg=,5m/DRVa7xOxnu7nBI3mUUCr15cs=
45,0,amDca9n6aOq6ykMnXSWUradCrUg=,ddCtutLpsaVEinAw7p9xayi4pis=
42,15,amDca9n6aOq6ykMnXSWUradCrUg=,Iroz97jUXSHXWuvIfx6Jwy4iJZo=
39,14,amDca9n6aOq6ykMnXSWUradCrUg=,9J98Vrkqi2fitHKnTWWl1e5XVNk=
40,13,amDca9n6aOq6ykMnXSWUradCrUg=,ZvX5ln0WwZ5c8P/DCDwkUlNQhIA=
41,13,amDca9n6aOq6ykMnXSWUradCrUg=,ZvX5ln0WwZ5c8P/DCDwkUlNQhIA=
40,15,amDca9n6aOq6ykMnXSWUradCrUg=,fih/guATfDxz4/EF2PqlIi8RIL8=
41,15,amDca9n6aOq6ykMnXSWUradCrUg=,fih/guATfDxz4/EF2PqlIi8RIL8=
39,15,amDca9n6aOq6ykMnXSWUradCrUg=,9J98Vrkqi2fitHKnTWWl1e5XVNk=
32,0,amDca9n6aOq6ykMnXSWUradCrUg=,wTyPclzPRMTL4vnyFiQWs1ZHdCg=
32,11,amDca9n6aOq6ykMnXSWUradCrUg=,vatWP9vqMEU2IeWo2MnioDdECeg=
40,14,amDca9n6aOq6ykMnXSWUradCrUg=,fih/guATfDxz4/EF2PqlIi8RIL8=
32,9,amDca9n6aOq6ykMnXSWUradCrUg=,sIOZbfF51liKdYcRnutG2+waivE=
41,14,amDca9n6aOq6ykMnXSWUradCrUg=,fih/guATfDxz4/EF2PqlIi8RIL8=
32,10,amDca9n6aOq6ykMnXSWUradCrUg=,vatWP9vqMEU2IeWo2MnioDdECeg=
32,12,amDca9n6aOq6ykMnXSWUradCrUg=,c2TLiuD+y/1UXlA3wjaxhR17sDU=
32,15,amDca9n6aOq6ykMnXSWUradCrUg=,B16Q/83lK2iVeWMjFfxqw4Q84EU=
32,13,amDca9n6aOq6ykMnXSWUradCrUg=,c2TLiuD+y/1UXlA3wjaxhR17sDU=
32,14,amDca9n6aOq6ykMnXSWUradCrUg=,B16Q/83lK2iVeWMjFfxqw4Q84EU=
40,20,E9lIUXxXQ4Bj8DLqQM0XVQ0h9mY=,k81Lidi9/wHCByBaMKDfnxcpFHE=
40,19,E9lIUXxXQ4Bj8DLqQM0XVQ0h9mY=,t5CqzmFdgMA3nNbltrHCgponDQ0=
39,20,E9lIUXxXQ4Bj8DLqQM0XVQ0h9mY=,R8SGspDYFSlFutF/jkuNcKYGS8w=
39,19,E9lIUXxXQ4Bj8DLqQM0XVQ0h9mY=,GZmS5mgUaFaJPC+A+wxmVBhNOoM=
40,17,E9lIUXxXQ4Bj8DLqQM0XVQ0h9mY=,vHN79hrAOqJ54z/RDftPBGbdflY=
39,17,E9lIUXxXQ4Bj8DLqQM0XVQ0h9mY=,nb7xWAW3ekZUJBIzN/d3rYIxYww=
39,18,E9lIUXxXQ4Bj8DLqQM0XVQ0h9mY=,GZmS5mgUaFaJPC+A+wxmVBhNOoM=
40,18,E9lIUXxXQ4Bj8DLqQM0XVQ0h9mY=,t5CqzmFdgMA3nNbltrHCgponDQ0=
37,18,E9lIUXxXQ4Bj8DLqQM0XVQ0h9mY=,EVNnr8nCOnl5byQnchfI4ey6qCk=
37,17,E9lIUXxXQ4Bj8DLqQM0XVQ0h9mY=,1DZwoafNfiMkgn2O2ddyTHwU3nY=
38,17,E9lIUXxXQ4Bj8DLqQM0XVQ0h9mY=,nb7xWAW3ekZUJBIzN/d3rYIxYww=
38,19,E9lIUXxXQ4Bj8DLqQM0XVQ0h9mY=,GZmS5mgUaFaJPC+A+wxmVBhNOoM=
38,20,E9lIUXxXQ4Bj8DLqQM0XVQ0h9mY=,R8SGspDYFSlFutF/jkuNcKYGS8w=
37,19,E9lIUXxXQ4Bj8DLqQM0XVQ0h9mY=,EVNnr8nCOnl5byQnchfI4ey6qCk=
38,18,E9lIUXxXQ4Bj8DLqQM0XVQ0h9mY=,GZmS5mgUaFaJPC+A+wxmVBhNOoM=
37,20,o7tWzUx+y+LR+Y5hGMBOVOL9jtc=,em8jvb0YXPqhOWus66IsfgXOjSQ=
36,18,o7tWzUx+y+LR+Y5hGMBOVOL9jtc=,EVNnr8nCOnl5byQnchfI4ey6qCk=
35,18,o7tWzUx+y+LR+Y5hGMBOVOL9jtc=,57bXV2KoCAtB/ql65U9Djhoav9s=
36,19,o7tWzUx+y+LR+Y5hGMBOVOL9jtc=,EVNnr8nCOnl5byQnchfI4ey6qCk=
36,17,o7tWzUx+y+LR+Y5hGMBOVOL9jtc=,1DZwoafNfiMkgn2O2ddyTHwU3nY=
35,17,o7tWzUx+y+LR+Y5hGMBOVOL9jtc=,BuMN0udpMo5TfjY3aEnV6+vmN3s=
35,19,o7tWzUx+y+LR+Y5hGMBOVOL9jtc=,57bXV2KoCAtB/ql65U9Djhoav9s=
36,20,o7tWzUx+y+LR+Y5hGMBOVOL9jtc=,em8jvb0YXPqhOWus66IsfgXOjSQ=
35,20,o7tWzUx+y+LR+Y5hGMBOVOL9jtc=,tKnDYYhpFmh4QEf3RTXfJFz3AAU=
33,22,o7tWzUx+y+LR+Y5hGMBOVOL9jtc=,tmx+iC9psPfdvk2nkDxZ8lhYhzw=
33,21,o7tWzUx+y+LR+Y5hGMBOVOL9jtc=,lZc+vJ7OqGxZZ1RrhRSeQGbvhjE=
34,21,o7tWzUx+y+LR+Y5hGMBOVOL9jtc=,tKnDYYhpFmh4QEf3RTXfJFz3AAU=
40,21,o7tWzUx+y+LR+Y5hGMBOVOL9jtc=,k81Lidi9/wHCByBaMKDfnxcpFHE=
39,23,o7tWzUx+y+LR+Y5hGMBOVOL9jtc=,UmYi2jtokDhlyUAMWaAgxZCbBek=
39,24,o7tWzUx+y+LR+Y5hGMBOVOL9jtc=,XKJb4WMd3MdMFdLiXguhOT13Fbg=
42,17,o7tWzUx+y+LR+Y5hGMBOVOL9jtc=,CXfR7hPKnmUShrEzmIN3hj7KE7Y=
39,22,o7tWzUx+y+LR+Y5hGMBOVOL9jtc=,UmYi2jtokDhlyUAMWaAgxZCbBek=
41,18,o7tWzUx+y+LR+Y5hGMBOVOL9jtc=,t5CqzmFdgMA3nNbltrHCgponDQ0=
34,22,o7tWzUx+y+LR+Y5hGMBOVOL9jtc=,DLVzzUFL+Kw+dGEmiCY0ZVmqKSk=
39,21,o7tWzUx+y+LR+Y5hGMBOVOL9jtc=,R8SGspDYFSlFutF/jkuNcKYGS8w=
41,17,o7tWzUx+y+LR+Y5hGMBOVOL9jtc=,vHN79hrAOqJ54z/RDftPBGbdflY=
33,24,o7tWzUx+y+LR+Y5hGMBOVOL9jtc=,+dipCerpPCynysHaV8tmd0a7Opc=
33,23,o7tWzUx+y+LR+Y5hGMBOVOL9jtc=,tmx+iC9psPfdvk2nkDxZ8lhYhzw=
34,24,o7tWzUx+y+LR+Y5hGMBOVOL9jtc=,50eaMEgjEY+UuZtwbkOCZhq6JXQ=
34,23,o7tWzUx+y+LR+Y5hGMBOVOL9jtc=,DLVzzUFL+Kw+dGEmiCY0ZVmqKSk=
42,16,o7tWzUx+y+LR+Y5hGMBOVOL9jtc=,CXfR7hPKnmUShrEzmIN3hj7KE7Y=
41,16,SDsieuG0JQg8uDyCvWlxsnsMFqQ=,vHN79hrAOqJ54z/RDftPBGbdflY=
35,22,SDsieuG0JQg8uDyCvWlxsnsMFqQ=,DLVzzUFL+Kw+dGEmiCY0ZVmqKSk=
40,16,SDsieuG0JQg8uDyCvWlxsnsMFqQ=,vHN79hrAOqJ54z/RDftPBGbdflY=
37,16,SDsieuG0JQg8uDyCvWlxsnsMFqQ=,1DZwoafNfiMkgn2O2ddyTHwU3nY=
37,24,SDsieuG0JQg8uDyCvWlxsnsMFqQ=,5OKPaTQz58bc+icfDfLe60VMI90=
38,16,SDsieuG0JQg8uDyCvWlxsnsMFqQ=,nb7xWAW3ekZUJBIzN/d3rYIxYww=
35,21,SDsieuG0JQg8uDyCvWlxsnsMFqQ=,tKnDYYhpFmh4QEf3RTXfJFz3AAU=
36,21,SDsieuG0JQg8uDyCvWlxsnsMFqQ=,em8jvb0YXPqhOWus66IsfgXOjSQ=
39,16,SDsieuG0JQg8uDyCvWlxsnsMFqQ=,nb7xWAW3ekZUJBIzN/d3rYIxYww=
36,16,SDsieuG0JQg8uDyCvWlxsnsMFqQ=,1DZwoafNfiMkgn2O2ddyTHwU3nY=
36,22,SDsieuG0JQg8uDyCvWlxsnsMFqQ=,uHH2i/BaJt2EqUP4t9En3LTYWuY=
38,21,SDsieuG0JQg8uDyCvWlxsnsMFqQ=,R8SGspDYFSlFutF/jkuNcKYGS8w=
36,24,SDsieuG0JQg8uDyCvWlxsnsMFqQ=,5OKPaTQz58bc+icfDfLe60VMI90=
38,22,SDsieuG0JQg8uDyCvWlxsnsMFqQ=,UmYi2jtokDhlyUAMWaAgxZCbBek=
37,21,SDsieuG0JQg8uDyCvWlxsnsMFqQ=,em8jvb0YXPqhOWus66IsfgXOjSQ=
35,16,SDsieuG0JQg8uDyCvWlxsnsMFqQ=,BuMN0udpMo5TfjY3aEnV6+vmN3s=
37,22,SDsieuG0JQg8uDyCvWlxsnsMFqQ=,uHH2i/BaJt2EqUP4t9En3LTYWuY=
35,23,SDsieuG0JQg8uDyCvWlxsnsMFqQ=,DLVzzUFL+Kw+dGEmiCY0ZVmqKSk=
37,23,SDsieuG0JQg8uDyCvWlxsnsMFqQ=,uHH2i/BaJt2EqUP4t9En3LTYWuY=
36,23,SDsieuG0JQg8uDyCvWlxsnsMFqQ=,uHH2i/BaJt2EqUP4t9En3LTYWuY=
34,20,SDsieuG0JQg8uDyCvWlxsnsMFqQ=,tKnDYYhpFmh4QEf3RTXfJFz3AAU=
34,19,SDsieuG0JQg8uDyCvWlxsnsMFqQ=,57bXV2KoCAtB/ql65U9Djhoav9s=
38,24,SDsieuG0JQg8uDyCvWlxsnsMFqQ=,XKJb4WMd3MdMFdLiXguhOT13Fbg=
33,20,SDsieuG0JQg8uDyCvWlxsnsMFqQ=,lZc+vJ7OqGxZZ1RrhRSeQGbvhjE=
38,23,SDsieuG0JQg8uDyCvWlxsnsMFqQ=,UmYi2jtokDhlyUAMWaAgxZCbBek=
35,24,SDsieuG0JQg8uDyCvWlxsnsMFqQ=,50eaMEgjEY+UuZtwbkOCZhq6JXQ=
41,20,SDsieuG0JQg8uDyCvWlxsnsMFqQ=,k81Lidi9/wHCByBaMKDfnxcpFHE=
41,19,SDsieuG0JQg8uDyCvWlxsnsMFqQ=,t5CqzmFdgMA3nNbltrHCgponDQ0=
43,16,SDsieuG0JQg8uDyCvWlxsnsMFqQ=,CXfR7hPKnmUShrEzmIN3hj7KE7Y=
34,18,SDsieuG0JQg8uDyCvWlxsnsMFqQ=,57bXV2KoCAtB/ql65U9Djhoav9s=
33,17,SDsieuG0JQg8uDyCvWlxsnsMFqQ=,76y3eY9ODDrJY8YsddOJ4zdun9I=
33,18,SDsieuG0JQg8uDyCvWlxsnsMFqQ=,LjSoZ6RzvgKcE8i5atm5Sm2fv1U=
34,17,SDsieuG0JQg8uDyCvWlxsnsMFqQ=,BuMN0udpMo5TfjY3aEnV6+vmN3s=
34,16,SDsieuG0JQg8uDyCvWlxsnsMFqQ=,BuMN0udpMo5TfjY3aEnV6+vmN3s=
33,19,SDsieuG0JQg8uDyCvWlxsnsMFqQ=,LjSoZ6RzvgKcE8i5atm5Sm2fv1U=
33,16,SDsieuG0JQg8uDyCvWlxsnsMFqQ=,76y3eY9ODDrJY8YsddOJ4zdun9I=
32,18,SDsieuG0JQg8uDyCvWlxsnsMFqQ=,LjSoZ6RzvgKcE8i5atm5Sm2fv1U=
38,25,SDsieuG0JQg8uDyCvWlxsnsMFqQ=,XKJb4WMd3MdMFdLiXguhOT13Fbg=
37,26,SDsieuG0JQg8uDyCvWlxsnsMFqQ=,+MX+iBv+URNe6N+daQhqAYw4cfk=
37,27,SDsieuG0JQg8uDyCvWlxsnsMFqQ=,+MX+iBv+URNe6N+daQhqAYw4cfk=
37,25,SDsieuG0JQg8uDyCvWlxsnsMFqQ=,5OKPaTQz58bc+icfDfLe60VMI90=
35,28,SDsieuG0JQg8uDyCvWlxsnsMFqQ=,IM1MPrak2KGgsS99q3T+on6s/kQ=
36,27,SDsieuG0JQg8uDyCvWlxsnsMFqQ=,+MX+iBv+URNe6N+daQhqAYw4cfk=
32,16,SDsieuG0JQg8uDyCvWlxsnsMFqQ=,76y3eY9ODDrJY8YsddOJ4zdun9I=
36,26,SDsieuG0JQg8uDyCvWlxsnsMFqQ=,+MX+iBv+URNe6N+daQhqAYw4cfk=
32,17,SDsieuG0JQg8uDyCvWlxsnsMFqQ=,76y3eY9ODDrJY8YsddOJ4zdun9I=
35,25,SDsieuG0JQg8uDyCvWlxsnsMFqQ=,50eaMEgjEY+UuZtwbkOCZhq6JXQ=
36,25,SDsieuG0JQg8uDyCvWlxsnsMFqQ=,5OKPaTQz58bc+icfDfLe60VMI90=
35,26,SDsieuG0JQg8uDyCvWlxsnsMFqQ=,VzBMopx/dn9jjr/IwA86j03WKpY=
35,27,SDsieuG0JQg8uDyCvWlxsnsMFqQ=,VzBMopx/dn9jjr/IwA86j03WKpY=
34,28,ZDFDJBFVvMF/OzkgDDGlPWH9Llg=,IM1MPrak2KGgsS99q3T+on6s/kQ=
33,25,ZDFDJBFVvMF/OzkgDDGlPWH9Llg=,+dipCerpPCynysHaV8tmd0a7Opc=
34,30,ZDFDJBFVvMF/OzkgDDGlPWH9Llg=,oeDA+jwXODNirwwF4kRy7u8ovR4=
33,31,ZDFDJBFVvMF/OzkgDDGlPWH9Llg=,o9wnzHvA5xIwOnfcbJDRgrnKq2Y=
34,31,ZDFDJBFVvMF/OzkgDDGlPWH9Llg=,oeDA+jwXODNirwwF4kRy7u8ovR4=
32,28,ZDFDJBFVvMF/OzkgDDGlPWH9Llg=,fJu2btpJtA6y064xDqdtFQR1x2w=
34,26,ZDFDJBFVvMF/OzkgDDGlPWH9Llg=,VzBMopx/dn9jjr/IwA86j03WKpY=
33,26,ZDFDJBFVvMF/OzkgDDGlPWH9Llg=,xnFRocPoaKc4LHz82iFfpgJ/5qU=
34,27,ZDFDJBFVvMF/OzkgDDGlPWH9Llg=,VzBMopx/dn9jjr/IwA86j03WKpY=
33,28,ZDFDJBFVvMF/OzkgDDGlPWH9Llg=,fJu2btpJtA6y064xDqdtFQR1x2w=
34,29,ZDFDJBFVvMF/OzkgDDGlPWH9Llg=,IM1MPrak2KGgsS99q3T+on6s/kQ=
34,25,ZDFDJBFVvMF/OzkgDDGlPWH9Llg=,50eaMEgjEY+UuZtwbkOCZhq6JXQ=
33,27,ZDFDJBFVvMF/OzkgDDGlPWH9Llg=,xnFRocPoaKc4LHz82iFfpgJ/5qU=
33,30,ZDFDJBFVvMF/OzkgDDGlPWH9Llg=,o9wnzHvA5xIwOnfcbJDRgrnKq2Y=
33,29,ZDFDJBFVvMF/OzkgDDGlPWH9Llg=,fJu2btpJtA6y064xDqdtFQR1x2w=
35,30,ZDFDJBFVvMF/OzkgDDGlPWH9Llg=,oeDA+jwXODNirwwF4kRy7u8ovR4=
35,29,ZDFDJBFVvMF/OzkgDDGlPWH9Llg=,IM1MPrak2KGgsS99q3T+on6s/kQ=
35,31,ZDFDJBFVvMF/OzkgDDGlPWH9Llg=,oeDA+jwXODNirwwF4kRy7u8ovR4=
41,21,ZDFDJBFVvMF/OzkgDDGlPWH9Llg=,k81Lidi9/wHCByBaMKDfnxcpFHE=
43,17,ZDFDJBFVvMF/OzkgDDGlPWH9Llg=,CXfR7hPKnmUShrEzmIN3hj7KE7Y=
39,25,ZDFDJBFVvMF/OzkgDDGlPWH9Llg=,XKJb4WMd3MdMFdLiXguhOT13Fbg=
32,29,ZDFDJBFVvMF/OzkgDDGlPWH9Llg=,fJu2btpJtA6y064xDqdtFQR1x2w=
32,31,ZDFDJBFVvMF/OzkgDDGlPWH9Llg=,o9wnzHvA5xIwOnfcbJDRgrnKq2Y=
32,30,ZDFDJBFVvMF/OzkgDDGlPWH9Llg=,o9wnzHvA5xIwOnfcbJDRgrnKq2Y=
32,20,ZDFDJBFVvMF/OzkgDDGlPWH9Llg=,lZc+vJ7OqGxZZ1RrhRSeQGbvhjE=
32,22,ZDFDJBFVvMF/OzkgDDGlPWH9Llg=,tmx+iC9psPfdvk2nkDxZ8lhYhzw=
32,19,ZDFDJBFVvMF/OzkgDDGlPWH9Llg=,LjSoZ6RzvgKcE8i5atm5Sm2fv1U=
32,23,ZDFDJBFVvMF/OzkgDDGlPWH9Llg=,tmx+iC9psPfdvk2nkDxZ8lhYhzw=
32,24,ZDFDJBFVvMF/OzkgDDGlPWH9Llg=,+dipCerpPCynysHaV8tmd0a7Opc=
32,21,ZDFDJBFVvMF/OzkgDDGlPWH9Llg=,lZc+vJ7OqGxZZ1RrhRSeQGbvhjE=
32,25,ZDFDJBFVvMF/OzkgDDGlPWH9Llg=,+dipCerpPCynysHaV8tmd0a7Opc=
32,26,ZDFDJBFVvMF/OzkgDDGlPWH9Llg=,xnFRocPoaKc4LHz82iFfpgJ/5qU=
32,27,ZDFDJBFVvMF/OzkgDDGlPWH9Llg=,xnFRocPoaKc4LHz82iFfpgJ/5qU=
