-25,7,3S9oa083PCFFau3PDxs38EppWzY=,h8WbL/KIbP96fqxgTytT6dM1+7c=
-26,7,3S9oa083PCFFau3PDxs38EppWzY=,h8WbL/KIbP96fqxgTytT6dM1+7c=
-26,0,3S9oa083PCFFau3PDxs38EppWzY=,h8WbL/KIbP96fqxgTytT6dM1+7c=
-27,0,3S9oa083PCFFau3PDxs38EppWzY=,h8WbL/KIbP96fqxgTytT6dM1+7c=
-28,0,3S9oa083PCFFau3PDxs38EppWzY=,h8WbL/KIbP96fqxgTytT6dM1+7c=
-25,3,3S9oa083PCFFau3PDxs38EppWzY=,h8WbL/KIbP96fqxgTytT6dM1+7c=
-26,3,WAQaNp9ZJ/1yRZ7uEEQS4j69nnU=,h8WbL/KIbP96fqxgTytT6dM1+7c=
-27,3,WAQaNp9ZJ/1yRZ7uEEQS4j69nnU=,h8WbL/KIbP96fqxgTytT6dM1+7c=
-25,1,WAQaNp9ZJ/1yRZ7uEEQS4j69nnU=,h8WbL/KIbP96fqxgTytT6dM1+7c=
-28,3,WAQaNp9ZJ/1yRZ7uEEQS4j69nnU=,h8WbL/KIbP96fqxgTytT6dM1+7c=
-25,2,WAQaNp9ZJ/1yRZ7uEEQS4j69nnU=,h8WbL/KIbP96fqxgTytT6dM1+7c=
-21,0,WAQaNp9ZJ/1yRZ7uEEQS4j69nnU=,dx1awDd2/bPc865CHM1l7EV3NSk=
-25,0,WAQaNp9ZJ/1yRZ7uEEQS4j69nnU=,h8WbL/KIbP96fqxgTytT6dM1+7c=
-26,1,WAQaNp9ZJ/1yRZ7uEEQS4j69nnU=,h8WbL/KIbP96fqxgTytT6dM1+7c=
-22,0,WAQaNp9ZJ/1yRZ7uEEQS4j69nnU=,dx1awDd2/bPc865CHM1l7EV3NSk=
-27,1,WAQaNp9ZJ/1yRZ7uEEQS4j69nnU=,h8WbL/KIbP96fqxgTytT6dM1+7c=
-23,0,WAQaNp9ZJ/1yRZ7uEEQS4j69nnU=,dx1awDd2/bPc865CHM1l7EV3NSk=
-28,1,WAQaNp9ZJ/1yRZ7uEEQS4j69nnU=,h8WbL/KIbP96fqxgTytT6dM1+7c=
-24,0,WAQaNp9ZJ/1yRZ7uEEQS4j69nnU=,dx1awDd2/bPc865CHM1l7EV3NSk=
-26,2,WAQaNp9ZJ/1yRZ7uEEQS4j69nnU=,h8WbL/KIbP96fqxgTytT6dM1+7c=
-24,3,WAQaNp9ZJ/1yRZ7uEEQS4j69nnU=,dx1awDd2/bPc865CHM1l7EV3NSk=
-27,2,WAQaNp9ZJ/1yRZ7uEEQS4j69nnU=,h8WbL/KIbP96fqxgTytT6dM1+7c=
-24,2,WAQaNp9ZJ/1yRZ7uEEQS4j69nnU=,dx1awDd2/bPc865CHM1l7EV3NSk=
-28,2,WAQaNp9ZJ/1yRZ7uEEQS4j69nnU=,h8WbL/KIbP96fqxgTytT6dM1+7c=
-24,1,WAQaNp9ZJ/1yRZ7uEEQS4j69nnU=,dx1awDd2/bPc865CHM1l7EV3NSk=
-21,3,WAQaNp9ZJ/1yRZ7uEEQS4j69nnU=,dx1awDd2/bPc865CHM1l7EV3NSk=
-22,3,WAQaNp9ZJ/1yRZ7uEEQS4j69nnU=,dx1awDd2/bPc865CHM1l7EV3NSk=
-23,3,WAQaNp9ZJ/1yRZ7uEEQS4j69nnU=,dx1awDd2/bPc865CHM1l7EV3NSk=
-21,2,WAQaNp9ZJ/1yRZ7uEEQS4j69nnU=,dx1awDd2/bPc865CHM1l7EV3NSk=
-22,2,WAQaNp9ZJ/1yRZ7uEEQS4j69nnU=,dx1awDd2/bPc865CHM1l7EV3NSk=
-23,2,WAQaNp9ZJ/1yRZ7uEEQS4j69nnU=,dx1awDd2/bPc865CHM1l7EV3NSk=
-21,1,WAQaNp9ZJ/1yRZ7uEEQS4j69nnU=,dx1awDd2/bPc865CHM1l7EV3NSk=
-23,1,WAQaNp9ZJ/1yRZ7uEEQS4j69nnU=,dx1awDd2/bPc865CHM1l7EV3NSk=
-22,1,WAQaNp9ZJ/1yRZ7uEEQS4j69nnU=,dx1awDd2/bPc865CHM1l7EV3NSk=
-32,7,WAQaNp9ZJ/1yRZ7uEEQS4j69nnU=,h8WbL/KIbP96fqxgTytT6dM1+7c=
-32,4,WAQaNp9ZJ/1yRZ7uEEQS4j69nnU=,h8WbL/KIbP96fqxgTytT6dM1+7c=
-32,6,WAQaNp9ZJ/1yRZ7uEEQS4j69nnU=,h8WbL/KIbP96fqxgTytT6dM1+7c=
-29,7,WAQaNp9ZJ/1yRZ7uEEQS4j69nnU=,h8WbL/KIbP96fqxgTytT6dM1+7c=
-30,7,WAQaNp9ZJ/1yRZ7uEEQS4j69nnU=,h8WbL/KIbP96fqxgTytT6dM1+7c=
-32,5,WAQaNp9ZJ/1yRZ7uEEQS4j69nnU=,h8WbL/KIbP96fqxgTytT6dM1+7c=
-31,7,WAQaNp9ZJ/1yRZ7uEEQS4j69nnU=,h8WbL/KIbP96fqxgTytT6dM1+7c=
-29,4,WAQaNp9ZJ/1yRZ7uEEQS4j69nnU=,h8WbL/KIbP96fqxgTytT6dM1+7c=
-30,4,WAQaNp9ZJ/1yRZ7uEEQS4j69nnU=,h8WbL/KIbP96fqxgTytT6dM1+7c=
-31,4,WAQaNp9ZJ/1yRZ7uEEQS4j69nnU=,h8WbL/KIbP96fqxgTytT6dM1+7c=
-29,6,WAQaNp9ZJ/1yRZ7uEEQS4j69nnU=,h8WbL/KIbP96fqxgTytT6dM1+7c=
-30,6,WAQaNp9ZJ/1yRZ7uEEQS4j69nnU=,h8WbL/KIbP96fqxgTytT6dM1+7c=
-31,6,5RJKRwYnDlr6DfIQji4fVqcKnxA=,h8WbL/KIbP96fqxgTytT6dM1+7c=
-29,5,5RJKRwYnDlr6DfIQji4fVqcKnxA=,h8WbL/KIbP96fqxgTytT6dM1+7c=
-31,5,5RJKRwYnDlr6DfIQji4fVqcKnxA=,h8WbL/KIbP96fqxgTytT6dM1+7c=
-30,5,5RJKRwYnDlr6DfIQji4fVqcKnxA=,h8WbL/KIbP96fqxgTytT6dM1+7c=
-27,7,5RJKRwYnDlr6DfIQji4fVqcKnxA=,h8WbL/KIbP96fqxgTytT6dM1+7c=
-17,7,5RJKRwYnDlr6DfIQji4fVqcKnxA=,dx1awDd2/bPc865CHM1l7EV3NSk=
-17,5,5RJKRwYnDlr6DfIQji4fVqcKnxA=,dx1awDd2/bPc865CHM1l7EV3NSk=
-18,5,5RJKRwYnDlr6DfIQji4fVqcKnxA=,dx1awDd2/bPc865CHM1l7EV3NSk=
-19,5,5RJKRwYnDlr6DfIQji4fVqcKnxA=,dx1awDd2/bPc865CHM1l7EV3NSk=
-20,5,5RJKRwYnDlr6DfIQji4fVqcKnxA=,dx1awDd2/bPc865CHM1l7EV3NSk=
-17,4,5RJKRwYnDlr6DfIQji4fVqcKnxA=,dx1awDd2/bPc865CHM1l7EV3NSk=
-18,4,5RJKRwYnDlr6DfIQji4fVqcKnxA=,dx1awDd2/bPc865CHM1l7EV3NSk=
-19,4,5RJKRwYnDlr6DfIQji4fVqcKnxA=,dx1awDd2/bPc865CHM1l7EV3NSk=
-28,7,5RJKRwYnDlr6DfIQji4fVqcKnxA=,h8WbL/KIbP96fqxgTytT6dM1+7c=
-17,0,5RJKRwYnDlr6DfIQji4fVqcKnxA=,dx1awDd2/bPc865CHM1l7EV3NSk=
-20,1,5RJKRwYnDlr6DfIQji4fVqcKnxA=,dx1awDd2/bPc865CHM1l7EV3NSk=
-19,1,5RJKRwYnDlr6DfIQji4fVqcKnxA=,dx1awDd2/bPc865CHM1l7EV3NSk=
-28,14,5RJKRwYnDlr6DfIQji4fVqcKnxA=,Vr1zU/mpHjvzpv7rIuwReTK0UAs=
-17,15,5RJKRwYnDlr6DfIQji4fVqcKnxA=,A7aZVQRQCkpCxiE80DWR+xq+Kek=
-20,6,5RJKRwYnDlr6DfIQji4fVqcKnxA=,dx1awDd2/bPc865CHM1l7EV3NSk=
-19,6,5RJKRwYnDlr6DfIQji4fVqcKnxA=,dx1awDd2/bPc865CHM1l7EV3NSk=
-23,10,5RJKRwYnDlr6DfIQji4fVqcKnxA=,A7aZVQRQCkpCxiE80DWR+xq+Kek=
-18,6,5RJKRwYnDlr6DfIQji4fVqcKnxA=,dx1awDd2/bPc865CHM1l7EV3NSk=
-27,14,5RJKRwYnDlr6DfIQji4fVqcKnxA=,Vr1zU/mpHjvzpv7rIuwReTK0UAs=
-20,9,5RJKRwYnDlr6DfIQji4fVqcKnxA=,A7aZVQRQCkpCxiE80DWR+xq+Kek=
-20,4,5RJKRwYnDlr6DfIQji4fVqcKnxA=,dx1awDd2/bPc865CHM1l7EV3NSk=
-24,12,5RJKRwYnDlr6DfIQji4fVqcKnxA=,A7aZVQRQCkpCxiE80DWR+xq+Kek=
-18,0,5RJKRwYnDlr6DfIQji4fVqcKnxA=,dx1awDd2/bPc865CHM1l7EV3NSk=
-29,14,5RJKRwYnDlr6DfIQji4fVqcKnxA=,Vr1zU/mpHjvzpv7rIuwReTK0UAs=
-22,10,5RJKRwYnDlr6DfIQji4fVqcKnxA=,A7aZVQRQCkpCxiE80DWR+xq+Kek=
-30,14,5RJKRwYnDlr6DfIQji4fVqcKnxA=,Vr1zU/mpHjvzpv7rIuwReTK0UAs=
-25,13,5RJKRwYnDlr6DfIQji4fVqcKnxA=,Vr1zU/mpHjvzpv7rIuwReTK0UAs=
-17,14,5RJKRwYnDlr6DfIQji4fVqcKnxA=,A7aZVQRQCkpCxiE80DWR+xq+Kek=
-31,14,5RJKRwYnDlr6DfIQji4fVqcKnxA=,Vr1zU/mpHjvzpv7rIuwReTK0UAs=
-26,13,5RJKRwYnDlr6DfIQji4fVqcKnxA=,Vr1zU/mpHjvzpv7rIuwReTK0UAs=
-23,7,5RJKRwYnDlr6DfIQji4fVqcKnxA=,dx1awDd2/bPc865CHM1l7EV3NSk=
-22,7,5RJKRwYnDlr6DfIQji4fVqcKnxA=,dx1awDd2/bPc865CHM1l7EV3NSk=
-26,14,5RJKRwYnDlr6DfIQji4fVqcKnxA=,Vr1zU/mpHjvzpv7rIuwReTK0UAs=
-19,9,5RJKRwYnDlr6DfIQji4fVqcKnxA=,A7aZVQRQCkpCxiE80DWR+xq+Kek=
-18,7,5RJKRwYnDlr6DfIQji4fVqcKnxA=,dx1awDd2/bPc865CHM1l7EV3NSk=
-19,0,5RJKRwYnDlr6DfIQji4fVqcKnxA=,dx1awDd2/bPc865CHM1l7EV3NSk=
-17,6,5RJKRwYnDlr6DfIQji4fVqcKnxA=,dx1awDd2/bPc865CHM1l7EV3NSk=
-22,4,5RJKRwYnDlr6DfIQji4fVqcKnxA=,dx1awDd2/bPc865CHM1l7EV3NSk=
-19,7,5RJKRwYnDlr6DfIQji4fVqcKnxA=,dx1awDd2/bPc865CHM1l7EV3NSk=
-20,7,5RJKRwYnDlr6DfIQji4fVqcKnxA=,dx1awDd2/bPc865CHM1l7EV3NSk=
-21,4,5RJKRwYnDlr6DfIQji4fVqcKnxA=,dx1awDd2/bPc865CHM1l7EV3NSk=
-17,13,5RJKRwYnDlr6DfIQji4fVqcKnxA=,A7aZVQRQCkpCxiE80DWR+xq+Kek=
-23,4,5RJKRwYnDlr6DfIQji4fVqcKnxA=,dx1awDd2/bPc865CHM1l7EV3NSk=
-21,7,5RJKRwYnDlr6DfIQji4fVqcKnxA=,dx1awDd2/bPc865CHM1l7EV3NSk=
-21,10,5RJKRwYnDlr6DfIQji4fVqcKnxA=,A7aZVQRQCkpCxiE80DWR+xq+Kek=
-18,9,5RJKRwYnDlr6DfIQji4fVqcKnxA=,A7aZVQRQCkpCxiE80DWR+xq+Kek=
-23,5,5RJKRwYnDlr6DfIQji4fVqcKnxA=,dx1awDd2/bPc865CHM1l7EV3NSk=
-20,0,5RJKRwYnDlr6DfIQji4fVqcKnxA=,dx1awDd2/bPc865CHM1l7EV3NSk=
-21,5,5RJKRwYnDlr6DfIQji4fVqcKnxA=,dx1awDd2/bPc865CHM1l7EV3NSk=
-23,6,5RJKRwYnDlr6DfIQji4fVqcKnxA=,dx1awDd2/bPc865CHM1l7EV3NSk=
-22,6,5RJKRwYnDlr6DfIQji4fVqcKnxA=,dx1awDd2/bPc865CHM1l7EV3NSk=
-18,1,5RJKRwYnDlr6DfIQji4fVqcKnxA=,dx1awDd2/bPc865CHM1l7EV3NSk=
-17,8,5RJKRwYnDlr6DfIQji4fVqcKnxA=,A7aZVQRQCkpCxiE80DWR+xq+Kek=
-26,6,5RJKRwYnDlr6DfIQji4fVqcKnxA=,h8WbL/KIbP96fqxgTytT6dM1+7c=
-23,11,5RJKRwYnDlr6DfIQji4fVqcKnxA=,A7aZVQRQCkpCxiE80DWR+xq+Kek=
-21,6,5RJKRwYnDlr6DfIQji4fVqcKnxA=,dx1awDd2/bPc865CHM1l7EV3NSk=
-25,6,5RJKRwYnDlr6DfIQji4fVqcKnxA=,h8WbL/KIbP96fqxgTytT6dM1+7c=
-22,11,5RJKRwYnDlr6DfIQji4fVqcKnxA=,A7aZVQRQCkpCxiE80DWR+xq+Kek=
-32,2,5RJKRwYnDlr6DfIQji4fVqcKnxA=,h8WbL/KIbP96fqxgTytT6dM1+7c=
-20,10,5RJKRwYnDlr6DfIQji4fVqcKnxA=,A7aZVQRQCkpCxiE80DWR+xq+Kek=
-17,3,5RJKRwYnDlr6DfIQji4fVqcKnxA=,dx1awDd2/bPc865CHM1l7EV3NSk=
-26,4,5RJKRwYnDlr6DfIQji4fVqcKnxA=,h8WbL/KIbP96fqxgTytT6dM1+7c=
-32,0,5RJKRwYnDlr6DfIQji4fVqcKnxA=,h8WbL/KIbP96fqxgTytT6dM1+7c=
-30,2,5RJKRwYnDlr6DfIQji4fVqcKnxA=,h8WbL/KIbP96fqxgTytT6dM1+7c=
-29,2,5RJKRwYnDlr6DfIQji4fVqcKnxA=,h8WbL/KIbP96fqxgTytT6dM1+7c=
-17,12,5RJKRwYnDlr6DfIQji4fVqcKnxA=,A7aZVQRQCkpCxiE80DWR+xq+Kek=
-25,4,5RJKRwYnDlr6DfIQji4fVqcKnxA=,h8WbL/KIbP96fqxgTytT6dM1+7c=
-31,1,5RJKRwYnDlr6DfIQji4fVqcKnxA=,h8WbL/KIbP96fqxgTytT6dM1+7c=
-28,5,5RJKRwYnDlr6DfIQji4fVqcKnxA=,h8WbL/KIbP96fqxgTytT6dM1+7c=
-19,10,5RJKRwYnDlr6DfIQji4fVqcKnxA=,A7aZVQRQCkpCxiE80DWR+xq+Kek=
-26,5,5RJKRwYnDlr6DfIQji4fVqcKnxA=,h8WbL/KIbP96fqxgTytT6dM1+7c=
-25,5,5RJKRwYnDlr6DfIQji4fVqcKnxA=,h8WbL/KIbP96fqxgTytT6dM1+7c=
-32,3,5RJKRwYnDlr6DfIQji4fVqcKnxA=,h8WbL/KIbP96fqxgTytT6dM1+7c=
-20,11,5RJKRwYnDlr6DfIQji4fVqcKnxA=,A7aZVQRQCkpCxiE80DWR+xq+Kek=
-18,10,5RJKRwYnDlr6DfIQji4fVqcKnxA=,A7aZVQRQCkpCxiE80DWR+xq+Kek=
-18,3,5RJKRwYnDlr6DfIQji4fVqcKnxA=,dx1awDd2/bPc865CHM1l7EV3NSk=
-21,11,5RJKRwYnDlr6DfIQji4fVqcKnxA=,A7aZVQRQCkpCxiE80DWR+xq+Kek=
-23,12,5RJKRwYnDlr6DfIQji4fVqcKnxA=,A7aZVQRQCkpCxiE80DWR+xq+Kek=
-19,11,5RJKRwYnDlr6DfIQji4fVqcKnxA=,A7aZVQRQCkpCxiE80DWR+xq+Kek=
-22,12,5RJKRwYnDlr6DfIQji4fVqcKnxA=,A7aZVQRQCkpCxiE80DWR+xq+Kek=
-30,1,5RJKRwYnDlr6DfIQji4fVqcKnxA=,h8WbL/KIbP96fqxgTytT6dM1+7c=
-18,11,5RJKRwYnDlr6DfIQji4fVqcKnxA=,A7aZVQRQCkpCxiE80DWR+xq+Kek=
-27,5,5RJKRwYnDlr6DfIQji4fVqcKnxA=,h8WbL/KIbP96fqxgTytT6dM1+7c=
-21,12,5RJKRwYnDlr6DfIQji4fVqcKnxA=,A7aZVQRQCkpCxiE80DWR+xq+Kek=
-32,1,5RJKRwYnDlr6DfIQji4fVqcKnxA=,h8WbL/KIbP96fqxgTytT6dM1+7c=
-28,6,5RJKRwYnDlr6DfIQji4fVqcKnxA=,h8WbL/KIbP96fqxgTytT6dM1+7c=
-24,4,5RJKRwYnDlr6DfIQji4fVqcKnxA=,dx1awDd2/bPc865CHM1l7EV3NSk=
-17,1,5RJKRwYnDlr6DfIQji4fVqcKnxA=,dx1awDd2/bPc865CHM1l7EV3NSk=
-19,3,5RJKRwYnDlr6DfIQji4fVqcKnxA=,dx1awDd2/bPc865CHM1l7EV3NSk=
-27,6,5RJKRwYnDlr6DfIQji4fVqcKnxA=,h8WbL/KIbP96fqxgTytT6dM1+7c=
-24,5,5RJKRwYnDlr6DfIQji4fVqcKnxA=,dx1awDd2/bPc865CHM1l7EV3NSk=
-23,13,5RJKRwYnDlr6DfIQji4fVqcKnxA=,A7aZVQRQCkpCxiE80DWR+xq+Kek=
-29,1,5RJKRwYnDlr6DfIQji4fVqcKnxA=,h8WbL/KIbP96fqxgTytT6dM1+7c=
-24,6,5RJKRwYnDlr6DfIQji4fVqcKnxA=,dx1awDd2/bPc865CHM1l7EV3NSk=
-31,3,5RJKRwYnDlr6DfIQji4fVqcKnxA=,h8WbL/KIbP96fqxgTytT6dM1+7c=
-28,4,5RJKRwYnDlr6DfIQji4fVqcKnxA=,h8WbL/KIbP96fqxgTytT6dM1+7c=
-29,0,5RJKRwYnDlr6DfIQji4fVqcKnxA=,h8WbL/KIbP96fqxgTytT6dM1+7c=
-27,4,5RJKRwYnDlr6DfIQji4fVqcKnxA=,h8WbL/KIbP96fqxgTytT6dM1+7c=
-24,7,5RJKRwYnDlr6DfIQji4fVqcKnxA=,dx1awDd2/bPc865CHM1l7EV3NSk=
-20,12,5RJKRwYnDlr6DfIQji4fVqcKnxA=,A7aZVQRQCkpCxiE80DWR+xq+Kek=
-20,3,5RJKRwYnDlr6DfIQji4fVqcKnxA=,dx1awDd2/bPc865CHM1l7EV3NSk=
-22,5,5RJKRwYnDlr6DfIQji4fVqcKnxA=,dx1awDd2/bPc865CHM1l7EV3NSk=
-18,12,5RJKRwYnDlr6DfIQji4fVqcKnxA=,A7aZVQRQCkpCxiE80DWR+xq+Kek=
-19,12,5RJKRwYnDlr6DfIQji4fVqcKnxA=,A7aZVQRQCkpCxiE80DWR+xq+Kek=
-30,3,5RJKRwYnDlr6DfIQji4fVqcKnxA=,h8WbL/KIbP96fqxgTytT6dM1+7c=
-20,13,5RJKRwYnDlr6DfIQji4fVqcKnxA=,A7aZVQRQCkpCxiE80DWR+xq+Kek=
-29,3,5RJKRwYnDlr6DfIQji4fVqcKnxA=,h8WbL/KIbP96fqxgTytT6dM1+7c=
-31,0,5RJKRwYnDlr6DfIQji4fVqcKnxA=,h8WbL/KIbP96fqxgTytT6dM1+7c=
-31,2,5RJKRwYnDlr6DfIQji4fVqcKnxA=,h8WbL/KIbP96fqxgTytT6dM1+7c=
-19,13,5RJKRwYnDlr6DfIQji4fVqcKnxA=,A7aZVQRQCkpCxiE80DWR+xq+Kek=
-19,2,5RJKRwYnDlr6DfIQji4fVqcKnxA=,dx1awDd2/bPc865CHM1l7EV3NSk=
-20,2,5RJKRwYnDlr6DfIQji4fVqcKnxA=,dx1awDd2/bPc865CHM1l7EV3NSk=
-17,2,5RJKRwYnDlr6DfIQji4fVqcKnxA=,dx1awDd2/bPc865CHM1l7EV3NSk=
-20,14,5RJKRwYnDlr6DfIQji4fVqcKnxA=,A7aZVQRQCkpCxiE80DWR+xq+Kek=
-17,11,5RJKRwYnDlr6DfIQji4fVqcKnxA=,A7aZVQRQCkpCxiE80DWR+xq+Kek=
-18,13,5RJKRwYnDlr6DfIQji4fVqcKnxA=,A7aZVQRQCkpCxiE80DWR+xq+Kek=
-19,14,5RJKRwYnDlr6DfIQji4fVqcKnxA=,A7aZVQRQCkpCxiE80DWR+xq+Kek=
-30,0,5RJKRwYnDlr6DfIQji4fVqcKnxA=,h8WbL/KIbP96fqxgTytT6dM1+7c=
-18,14,5RJKRwYnDlr6DfIQji4fVqcKnxA=,A7aZVQRQCkpCxiE80DWR+xq+Kek=
-20,8,5RJKRwYnDlr6DfIQji4fVqcKnxA=,A7aZVQRQCkpCxiE80DWR+xq+Kek=
-19,8,5RJKRwYnDlr6DfIQji4fVqcKnxA=,A7aZVQRQCkpCxiE80DWR+xq+Kek=
-18,2,5RJKRwYnDlr6DfIQji4fVqcKnxA=,dx1awDd2/bPc865CHM1l7EV3NSk=
-18,8,5RJKRwYnDlr6DfIQji4fVqcKnxA=,A7aZVQRQCkpCxiE80DWR+xq+Kek=
-19,15,5RJKRwYnDlr6DfIQji4fVqcKnxA=,A7aZVQRQCkpCxiE80DWR+xq+Kek=
-18,15,5RJKRwYnDlr6DfIQji4fVqcKnxA=,A7aZVQRQCkpCxiE80DWR+xq+Kek=
-20,15,5RJKRwYnDlr6DfIQji4fVqcKnxA=,A7aZVQRQCkpCxiE80DWR+xq+Kek=
-17,9,5RJKRwYnDlr6DfIQji4fVqcKnxA=,A7aZVQRQCkpCxiE80DWR+xq+Kek=
-21,13,5RJKRwYnDlr6DfIQji4fVqcKnxA=,A7aZVQRQCkpCxiE80DWR+xq+Kek=
-22,14,5RJKRwYnDlr6DfIQji4fVqcKnxA=,A7aZVQRQCkpCxiE80DWR+xq+Kek=
-17,10,5RJKRwYnDlr6DfIQji4fVqcKnxA=,A7aZVQRQCkpCxiE80DWR+xq+Kek=
-23,14,5RJKRwYnDlr6DfIQji4fVqcKnxA=,A7aZVQRQCkpCxiE80DWR+xq+Kek=
-23,9,5RJKRwYnDlr6DfIQji4fVqcKnxA=,A7aZVQRQCkpCxiE80DWR+xq+Kek=
-21,14,5RJKRwYnDlr6DfIQji4fVqcKnxA=,A7aZVQRQCkpCxiE80DWR+xq+Kek=
-22,9,5RJKRwYnDlr6DfIQji4fVqcKnxA=,A7aZVQRQCkpCxiE80DWR+xq+Kek=
-23,8,5RJKRwYnDlr6DfIQji4fVqcKnxA=,A7aZVQRQCkpCxiE80DWR+xq+Kek=
-21,9,5RJKRwYnDlr6DfIQji4fVqcKnxA=,A7aZVQRQCkpCxiE80DWR+xq+Kek=
-22,8,5RJKRwYnDlr6DfIQji4fVqcKnxA=,A7aZVQRQCkpCxiE80DWR+xq+Kek=
-31,9,5RJKRwYnDlr6DfIQji4fVqcKnxA=,Vr1zU/mpHjvzpv7rIuwReTK0UAs=
-21,8,5RJKRwYnDlr6DfIQji4fVqcKnxA=,A7aZVQRQCkpCxiE80DWR+xq+Kek=
-29,9,5RJKRwYnDlr6DfIQji4fVqcKnxA=,Vr1zU/mpHjvzpv7rIuwReTK0UAs=
-30,9,5RJKRwYnDlr6DfIQji4fVqcKnxA=,Vr1zU/mpHjvzpv7rIuwReTK0UAs=
-27,9,5RJKRwYnDlr6DfIQji4fVqcKnxA=,Vr1zU/mpHjvzpv7rIuwReTK0UAs=
-26,9,5RJKRwYnDlr6DfIQji4fVqcKnxA=,Vr1zU/mpHjvzpv7rIuwReTK0UAs=
-28,9,5RJKRwYnDlr6DfIQji4fVqcKnxA=,Vr1zU/mpHjvzpv7rIuwReTK0UAs=
-24,10,5RJKRwYnDlr6DfIQji4fVqcKnxA=,A7aZVQRQCkpCxiE80DWR+xq+Kek=
-25,9,5RJKRwYnDlr6DfIQji4fVqcKnxA=,Vr1zU/mpHjvzpv7rIuwReTK0UAs=
-31,10,5RJKRwYnDlr6DfIQji4fVqcKnxA=,Vr1zU/mpHjvzpv7rIuwReTK0UAs=
-30,10,5RJKRwYnDlr6DfIQji4fVqcKnxA=,Vr1zU/mpHjvzpv7rIuwReTK0UAs=
-28,10,5RJKRwYnDlr6DfIQji4fVqcKnxA=,Vr1zU/mpHjvzpv7rIuwReTK0UAs=
-27,10,5RJKRwYnDlr6DfIQji4fVqcKnxA=,Vr1zU/mpHjvzpv7rIuwReTK0UAs=
-22,13,5RJKRwYnDlr6DfIQji4fVqcKnxA=,A7aZVQRQCkpCxiE80DWR+xq+Kek=
-26,10,5RJKRwYnDlr6DfIQji4fVqcKnxA=,Vr1zU/mpHjvzpv7rIuwReTK0UAs=
-29,10,5RJKRwYnDlr6DfIQji4fVqcKnxA=,Vr1zU/mpHjvzpv7rIuwReTK0UAs=
-25,10,5RJKRwYnDlr6DfIQji4fVqcKnxA=,Vr1zU/mpHjvzpv7rIuwReTK0UAs=
-31,11,5RJKRwYnDlr6DfIQji4fVqcKnxA=,Vr1zU/mpHjvzpv7rIuwReTK0UAs=
-30,11,5RJKRwYnDlr6DfIQji4fVqcKnxA=,Vr1zU/mpHjvzpv7rIuwReTK0UAs=
-27,11,5RJKRwYnDlr6DfIQji4fVqcKnxA=,Vr1zU/mpHjvzpv7rIuwReTK0UAs=
-29,11,5RJKRwYnDlr6DfIQji4fVqcKnxA=,Vr1zU/mpHjvzpv7rIuwReTK0UAs=
-26,11,5RJKRwYnDlr6DfIQji4fVqcKnxA=,Vr1zU/mpHjvzpv7rIuwReTK0UAs=
-31,8,5RJKRwYnDlr6DfIQji4fVqcKnxA=,Vr1zU/mpHjvzpv7rIuwReTK0UAs=
-25,11,5RJKRwYnDlr6DfIQji4fVqcKnxA=,Vr1zU/mpHjvzpv7rIuwReTK0UAs=
-31,12,5RJKRwYnDlr6DfIQji4fVqcKnxA=,Vr1zU/mpHjvzpv7rIuwReTK0UAs=
-30,12,5RJKRwYnDlr6DfIQji4fVqcKnxA=,Vr1zU/mpHjvzpv7rIuwReTK0UAs=
-29,12,5RJKRwYnDlr6DfIQji4fVqcKnxA=,Vr1zU/mpHjvzpv7rIuwReTK0UAs=
-28,12,5RJKRwYnDlr6DfIQji4fVqcKnxA=,Vr1zU/mpHjvzpv7rIuwReTK0UAs=
-26,12,5RJKRwYnDlr6DfIQji4fVqcKnxA=,Vr1zU/mpHjvzpv7rIuwReTK0UAs=
-24,11,5RJKRwYnDlr6DfIQji4fVqcKnxA=,A7aZVQRQCkpCxiE80DWR+xq+Kek=
-25,12,5RJKRwYnDlr6DfIQji4fVqcKnxA=,Vr1zU/mpHjvzpv7rIuwReTK0UAs=
-27,12,5RJKRwYnDlr6DfIQji4fVqcKnxA=,Vr1zU/mpHjvzpv7rIuwReTK0UAs=
-31,13,5RJKRwYnDlr6DfIQji4fVqcKnxA=,Vr1zU/mpHjvzpv7rIuwReTK0UAs=
-29,13,5RJKRwYnDlr6DfIQji4fVqcKnxA=,Vr1zU/mpHjvzpv7rIuwReTK0UAs=
-30,13,5RJKRwYnDlr6DfIQji4fVqcKnxA=,Vr1zU/mpHjvzpv7rIuwReTK0UAs=
-28,13,5RJKRwYnDlr6DfIQji4fVqcKnxA=,Vr1zU/mpHjvzpv7rIuwReTK0UAs=
-27,13,5RJKRwYnDlr6DfIQji4fVqcKnxA=,Vr1zU/mpHjvzpv7rIuwReTK0UAs=
-25,14,5RJKRwYnDlr6DfIQji4fVqcKnxA=,Vr1zU/mpHjvzpv7rIuwReTK0UAs=
-31,15,5RJKRwYnDlr6DfIQji4fVqcKnxA=,Vr1zU/mpHjvzpv7rIuwReTK0UAs=
-29,15,5RJKRwYnDlr6DfIQji4fVqcKnxA=,Vr1zU/mpHjvzpv7rIuwReTK0UAs=
-28,15,5RJKRwYnDlr6DfIQji4fVqcKnxA=,Vr1zU/mpHjvzpv7rIuwReTK0UAs=
-27,15,5RJKRwYnDlr6DfIQji4fVqcKnxA=,Vr1zU/mpHjvzpv7rIuwReTK0UAs=
-25,15,5RJKRwYnDlr6DfIQji4fVqcKnxA=,Vr1zU/mpHjvzpv7rIuwReTK0UAs=
-30,15,5RJKRwYnDlr6DfIQji4fVqcKnxA=,Vr1zU/mpHjvzpv7rIuwReTK0UAs=
-24,15,5RJKRwYnDlr6DfIQji4fVqcKnxA=,A7aZVQRQCkpCxiE80DWR+xq+Kek=
-26,15,5RJKRwYnDlr6DfIQji4fVqcKnxA=,Vr1zU/mpHjvzpv7rIuwReTK0UAs=
-22,15,5RJKRwYnDlr6DfIQji4fVqcKnxA=,A7aZVQRQCkpCxiE80DWR+xq+Kek=
-23,15,5RJKRwYnDlr6DfIQji4fVqcKnxA=,A7aZVQRQCkpCxiE80DWR+xq+Kek=
-21,15,5RJKRwYnDlr6DfIQji4fVqcKnxA=,A7aZVQRQCkpCxiE80DWR+xq+Kek=
-32,10,5RJKRwYnDlr6DfIQji4fVqcKnxA=,Vr1zU/mpHjvzpv7rIuwReTK0UAs=
-32,11,5RJKRwYnDlr6DfIQji4fVqcKnxA=,Vr1zU/mpHjvzpv7rIuwReTK0UAs=
-24,8,5RJKRwYnDlr6DfIQji4fVqcKnxA=,A7aZVQRQCkpCxiE80DWR+xq+Kek=
-32,12,5RJKRwYnDlr6DfIQji4fVqcKnxA=,Vr1zU/mpHjvzpv7rIuwReTK0UAs=
-32,9,5RJKRwYnDlr6DfIQji4fVqcKnxA=,Vr1zU/mpHjvzpv7rIuwReTK0UAs=
-32,13,5RJKRwYnDlr6DfIQji4fVqcKnxA=,Vr1zU/mpHjvzpv7rIuwReTK0UAs=
-32,14,5RJKRwYnDlr6DfIQji4fVqcKnxA=,Vr1zU/mpHjvzpv7rIuwReTK0UAs=
-27,8,5RJKRwYnDlr6DfIQji4fVqcKnxA=,Vr1zU/mpHjvzpv7rIuwReTK0UAs=
-32,8,5RJKRwYnDlr6DfIQji4fVqcKnxA=,Vr1zU/mpHjvzpv7rIuwReTK0UAs=
-28,8,5RJKRwYnDlr6DfIQji4fVqcKnxA=,Vr1zU/mpHjvzpv7rIuwReTK0UAs=
-26,8,5RJKRwYnDlr6DfIQji4fVqcKnxA=,Vr1zU/mpHjvzpv7rIuwReTK0UAs=
-25,8,5RJKRwYnDlr6DfIQji4fVqcKnxA=,Vr1zU/mpHjvzpv7rIuwReTK0UAs=
-28,11,5RJKRwYnDlr6DfIQji4fVqcKnxA=,Vr1zU/mpHjvzpv7rIuwReTK0UAs=
-32,15,5RJKRwYnDlr6DfIQji4fVqcKnxA=,Vr1zU/mpHjvzpv7rIuwReTK0UAs=
-24,14,5RJKRwYnDlr6DfIQji4fVqcKnxA=,A7aZVQRQCkpCxiE80DWR+xq+Kek=
-29,8,5RJKRwYnDlr6DfIQji4fVqcKnxA=,Vr1zU/mpHjvzpv7rIuwReTK0UAs=
-24,9,5RJKRwYnDlr6DfIQji4fVqcKnxA=,A7aZVQRQCkpCxiE80DWR+xq+Kek=
-30,8,5RJKRwYnDlr6DfIQji4fVqcKnxA=,Vr1zU/mpHjvzpv7rIuwReTK0UAs=
-24,13,5RJKRwYnDlr6DfIQji4fVqcKnxA=,A7aZVQRQCkpCxiE80DWR+xq+Kek=
-26,23,5eaFk6xywgIwjrJiUWMod0+ka40=,FRuxHsFfxndulyQ4mOgceSuEeSE=
-27,22,5eaFk6xywgIwjrJiUWMod0+ka40=,FRuxHsFfxndulyQ4mOgceSuEeSE=
-27,23,5eaFk6xywgIwjrJiUWMod0+ka40=,FRuxHsFfxndulyQ4mOgceSuEeSE=
-27,21,5eaFk6xywgIwjrJiUWMod0+ka40=,FRuxHsFfxndulyQ4mOgceSuEeSE=
-28,22,5eaFk6xywgIwjrJiUWMod0+ka40=,FRuxHsFfxndulyQ4mOgceSuEeSE=
-32,23,5eaFk6xywgIwjrJiUWMod0+ka40=,FRuxHsFfxndulyQ4mOgceSuEeSE=
-32,21,5eaFk6xywgIwjrJiUWMod0+ka40=,FRuxHsFfxndulyQ4mOgceSuEeSE=
-32,20,5eaFk6xywgIwjrJiUWMod0+ka40=,FRuxHsFfxndulyQ4mOgceSuEeSE=
-32,22,5eaFk6xywgIwjrJiUWMod0+ka40=,FRuxHsFfxndulyQ4mOgceSuEeSE=
-29,23,5eaFk6xywgIwjrJiUWMod0+ka40=,FRuxHsFfxndulyQ4mOgceSuEeSE=
-29,22,5eaFk6xywgIwjrJiUWMod0+ka40=,FRuxHsFfxndulyQ4mOgceSuEeSE=
-29,21,5eaFk6xywgIwjrJiUWMod0+ka40=,FRuxHsFfxndulyQ4mOgceSuEeSE=
-30,21,5eaFk6xywgIwjrJiUWMod0+ka40=,FRuxHsFfxndulyQ4mOgceSuEeSE=
-31,21,5eaFk6xywgIwjrJiUWMod0+ka40=,FRuxHsFfxndulyQ4mOgceSuEeSE=
-30,22,5eaFk6xywgIwjrJiUWMod0+ka40=,FRuxHsFfxndulyQ4mOgceSuEeSE=
-29,20,5eaFk6xywgIwjrJiUWMod0+ka40=,FRuxHsFfxndulyQ4mOgceSuEeSE=
-30,20,5eaFk6xywgIwjrJiUWMod0+ka40=,FRuxHsFfxndulyQ4mOgceSuEeSE=
-31,20,5eaFk6xywgIwjrJiUWMod0+ka40=,FRuxHsFfxndulyQ4mOgceSuEeSE=
-30,23,5eaFk6xywgIwjrJiUWMod0+ka40=,FRuxHsFfxndulyQ4mOgceSuEeSE=
-31,23,5eaFk6xywgIwjrJiUWMod0+ka40=,FRuxHsFfxndulyQ4mOgceSuEeSE=
-31,22,5eaFk6xywgIwjrJiUWMod0+ka40=,FRuxHsFfxndulyQ4mOgceSuEeSE=
-25,23,5eaFk6xywgIwjrJiUWMod0+ka40=,FRuxHsFfxndulyQ4mOgceSuEeSE=
-32,27,5eaFk6xywgIwjrJiUWMod0+ka40=,Mng6kdqplAVvoIRM88+ga1PRmA4=
-30,25,5eaFk6xywgIwjrJiUWMod0+ka40=,Mng6kdqplAVvoIRM88+ga1PRmA4=
-29,25,5eaFk6xywgIwjrJiUWMod0+ka40=,Mng6kdqplAVvoIRM88+ga1PRmA4=
-32,31,5eaFk6xywgIwjrJiUWMod0+ka40=,Mng6kdqplAVvoIRM88+ga1PRmA4=
-32,26,5eaFk6xywgIwjrJiUWMod0+ka40=,Mng6kdqplAVvoIRM88+ga1PRmA4=
-32,30,5eaFk6xywgIwjrJiUWMod0+ka40=,Mng6kdqplAVvoIRM88+ga1PRmA4=
-31,25,5eaFk6xywgIwjrJiUWMod0+ka40=,Mng6kdqplAVvoIRM88+ga1PRmA4=
-32,24,5eaFk6xywgIwjrJiUWMod0+ka40=,Mng6kdqplAVvoIRM88+ga1PRmA4=
-32,29,5eaFk6xywgIwjrJiUWMod0+ka40=,Mng6kdqplAVvoIRM88+ga1PRmA4=
-17,16,5eaFk6xywgIwjrJiUWMod0+ka40=,D8vDTt+EUpwDNKxyZNIs+1NRIog=
-18,16,5eaFk6xywgIwjrJiUWMod0+ka40=,D8vDTt+EUpwDNKxyZNIs+1NRIog=
-19,16,5eaFk6xywgIwjrJiUWMod0+ka40=,D8vDTt+EUpwDNKxyZNIs+1NRIog=
-20,16,5eaFk6xywgIwjrJiUWMod0+ka40=,D8vDTt+EUpwDNKxyZNIs+1NRIog=
-17,19,5eaFk6xywgIwjrJiUWMod0+ka40=,D8vDTt+EUpwDNKxyZNIs+1NRIog=
-18,19,5eaFk6xywgIwjrJiUWMod0+ka40=,D8vDTt+EUpwDNKxyZNIs+1NRIog=
-19,19,5eaFk6xywgIwjrJiUWMod0+ka40=,D8vDTt+EUpwDNKxyZNIs+1NRIog=
-20,19,5eaFk6xywgIwjrJiUWMod0+ka40=,D8vDTt+EUpwDNKxyZNIs+1NRIog=
-17,23,5eaFk6xywgIwjrJiUWMod0+ka40=,D8vDTt+EUpwDNKxyZNIs+1NRIog=
-17,18,5eaFk6xywgIwjrJiUWMod0+ka40=,D8vDTt+EUpwDNKxyZNIs+1NRIog=
-32,25,5eaFk6xywgIwjrJiUWMod0+ka40=,Mng6kdqplAVvoIRM88+ga1PRmA4=
-18,18,5eaFk6xywgIwjrJiUWMod0+ka40=,D8vDTt+EUpwDNKxyZNIs+1NRIog=
-32,28,5eaFk6xywgIwjrJiUWMod0+ka40=,Mng6kdqplAVvoIRM88+ga1PRmA4=
-19,18,5eaFk6xywgIwjrJiUWMod0+ka40=,D8vDTt+EUpwDNKxyZNIs+1NRIog=
-20,18,5eaFk6xywgIwjrJiUWMod0+ka40=,D8vDTt+EUpwDNKxyZNIs+1NRIog=
-31,28,5eaFk6xywgIwjrJiUWMod0+ka40=,Mng6kdqplAVvoIRM88+ga1PRmA4=
-17,17,5eaFk6xywgIwjrJiUWMod0+ka40=,D8vDTt+EUpwDNKxyZNIs+1NRIog=
-18,17,5eaFk6xywgIwjrJiUWMod0+ka40=,D8vDTt+EUpwDNKxyZNIs+1NRIog=
-18,23,5eaFk6xywgIwjrJiUWMod0+ka40=,D8vDTt+EUpwDNKxyZNIs+1NRIog=
-19,17,5eaFk6xywgIwjrJiUWMod0+ka40=,D8vDTt+EUpwDNKxyZNIs+1NRIog=
-20,17,5eaFk6xywgIwjrJiUWMod0+ka40=,D8vDTt+EUpwDNKxyZNIs+1NRIog=
-28,16,5eaFk6xywgIwjrJiUWMod0+ka40=,FRuxHsFfxndulyQ4mOgceSuEeSE=
-29,24,5eaFk6xywgIwjrJiUWMod0+ka40=,Mng6kdqplAVvoIRM88+ga1PRmA4=
-25,16,5eaFk6xywgIwjrJiUWMod0+ka40=,FRuxHsFfxndulyQ4mOgceSuEeSE=
-26,16,5eaFk6xywgIwjrJiUWMod0+ka40=,FRuxHsFfxndulyQ4mOgceSuEeSE=
-27,16,5eaFk6xywgIwjrJiUWMod0+ka40=,FRuxHsFfxndulyQ4mOgceSuEeSE=
-24,16,5eaFk6xywgIwjrJiUWMod0+ka40=,D8vDTt+EUpwDNKxyZNIs+1NRIog=
-19,23,5eaFk6xywgIwjrJiUWMod0+ka40=,D8vDTt+EUpwDNKxyZNIs+1NRIog=
-29,31,nb1abz1zVRYZjmRuTiHqkeDICdA=,Mng6kdqplAVvoIRM88+ga1PRmA4=
-21,16,nb1abz1zVRYZjmRuTiHqkeDICdA=,D8vDTt+EUpwDNKxyZNIs+1NRIog=
-22,16,nb1abz1zVRYZjmRuTiHqkeDICdA=,D8vDTt+EUpwDNKxyZNIs+1NRIog=
-23,16,nb1abz1zVRYZjmRuTiHqkeDICdA=,D8vDTt+EUpwDNKxyZNIs+1NRIog=
-20,22,nb1abz1zVRYZjmRuTiHqkeDICdA=,D8vDTt+EUpwDNKxyZNIs+1NRIog=
-25,18,nb1abz1zVRYZjmRuTiHqkeDICdA=,FRuxHsFfxndulyQ4mOgceSuEeSE=
-25,17,nb1abz1zVRYZjmRuTiHqkeDICdA=,FRuxHsFfxndulyQ4mOgceSuEeSE=
-26,18,nb1abz1zVRYZjmRuTiHqkeDICdA=,FRuxHsFfxndulyQ4mOgceSuEeSE=
-32,16,nb1abz1zVRYZjmRuTiHqkeDICdA=,FRuxHsFfxndulyQ4mOgceSuEeSE=
-27,18,nb1abz1zVRYZjmRuTiHqkeDICdA=,FRuxHsFfxndulyQ4mOgceSuEeSE=
-28,25,nb1abz1zVRYZjmRuTiHqkeDICdA=,Mng6kdqplAVvoIRM88+ga1PRmA4=
-26,25,nb1abz1zVRYZjmRuTiHqkeDICdA=,Mng6kdqplAVvoIRM88+ga1PRmA4=
-31,16,nb1abz1zVRYZjmRuTiHqkeDICdA=,FRuxHsFfxndulyQ4mOgceSuEeSE=
-26,17,nb1abz1zVRYZjmRuTiHqkeDICdA=,FRuxHsFfxndulyQ4mOgceSuEeSE=
-29,16,nb1abz1zVRYZjmRuTiHqkeDICdA=,FRuxHsFfxndulyQ4mOgceSuEeSE=
-29,28,nb1abz1zVRYZjmRuTiHqkeDICdA=,Mng6kdqplAVvoIRM88+ga1PRmA4=
-27,25,nb1abz1zVRYZjmRuTiHqkeDICdA=,Mng6kdqplAVvoIRM88+ga1PRmA4=
-30,16,nb1abz1zVRYZjmRuTiHqkeDICdA=,FRuxHsFfxndulyQ4mOgceSuEeSE=
-20,23,nb1abz1zVRYZjmRuTiHqkeDICdA=,D8vDTt+EUpwDNKxyZNIs+1NRIog=
-23,17,nb1abz1zVRYZjmRuTiHqkeDICdA=,D8vDTt+EUpwDNKxyZNIs+1NRIog=
-31,26,nb1abz1zVRYZjmRuTiHqkeDICdA=,Mng6kdqplAVvoIRM88+ga1PRmA4=
-28,18,nb1abz1zVRYZjmRuTiHqkeDICdA=,FRuxHsFfxndulyQ4mOgceSuEeSE=
-32,18,nb1abz1zVRYZjmRuTiHqkeDICdA=,FRuxHsFfxndulyQ4mOgceSuEeSE=
-30,24,nb1abz1zVRYZjmRuTiHqkeDICdA=,Mng6kdqplAVvoIRM88+ga1PRmA4=
-30,29,nb1abz1zVRYZjmRuTiHqkeDICdA=,Mng6kdqplAVvoIRM88+ga1PRmA4=
-27,17,nb1abz1zVRYZjmRuTiHqkeDICdA=,FRuxHsFfxndulyQ4mOgceSuEeSE=
-32,19,nb1abz1zVRYZjmRuTiHqkeDICdA=,FRuxHsFfxndulyQ4mOgceSuEeSE=
-22,17,nb1abz1zVRYZjmRuTiHqkeDICdA=,D8vDTt+EUpwDNKxyZNIs+1NRIog=
-32,17,nb1abz1zVRYZjmRuTiHqkeDICdA=,FRuxHsFfxndulyQ4mOgceSuEeSE=
-28,17,nb1abz1zVRYZjmRuTiHqkeDICdA=,FRuxHsFfxndulyQ4mOgceSuEeSE=
-31,29,nb1abz1zVRYZjmRuTiHqkeDICdA=,Mng6kdqplAVvoIRM88+ga1PRmA4=
-31,18,nb1abz1zVRYZjmRuTiHqkeDICdA=,FRuxHsFfxndulyQ4mOgceSuEeSE=
-24,19,nb1abz1zVRYZjmRuTiHqkeDICdA=,D8vDTt+EUpwDNKxyZNIs+1NRIog=
-30,31,nb1abz1zVRYZjmRuTiHqkeDICdA=,Mng6kdqplAVvoIRM88+ga1PRmA4=
-30,19,nb1abz1zVRYZjmRuTiHqkeDICdA=,FRuxHsFfxndulyQ4mOgceSuEeSE=
-29,19,nb1abz1zVRYZjmRuTiHqkeDICdA=,FRuxHsFfxndulyQ4mOgceSuEeSE=
-24,18,nb1abz1zVRYZjmRuTiHqkeDICdA=,D8vDTt+EUpwDNKxyZNIs+1NRIog=
-31,19,nb1abz1zVRYZjmRuTiHqkeDICdA=,FRuxHsFfxndulyQ4mOgceSuEeSE=
-28,26,nb1abz1zVRYZjmRuTiHqkeDICdA=,Mng6kdqplAVvoIRM88+ga1PRmA4=
-29,18,nb1abz1zVRYZjmRuTiHqkeDICdA=,FRuxHsFfxndulyQ4mOgceSuEeSE=
-25,19,nb1abz1zVRYZjmRuTiHqkeDICdA=,FRuxHsFfxndulyQ4mOgceSuEeSE=
-19,22,nb1abz1zVRYZjmRuTiHqkeDICdA=,D8vDTt+EUpwDNKxyZNIs+1NRIog=
-21,17,nb1abz1zVRYZjmRuTiHqkeDICdA=,D8vDTt+EUpwDNKxyZNIs+1NRIog=
-26,19,nb1abz1zVRYZjmRuTiHqkeDICdA=,FRuxHsFfxndulyQ4mOgceSuEeSE=
-29,17,nb1abz1zVRYZjmRuTiHqkeDICdA=,FRuxHsFfxndulyQ4mOgceSuEeSE=
-30,17,nb1abz1zVRYZjmRuTiHqkeDICdA=,FRuxHsFfxndulyQ4mOgceSuEeSE=
-21,23,nb1abz1zVRYZjmRuTiHqkeDICdA=,D8vDTt+EUpwDNKxyZNIs+1NRIog=
-27,19,nb1abz1zVRYZjmRuTiHqkeDICdA=,FRuxHsFfxndulyQ4mOgceSuEeSE=
-30,18,nb1abz1zVRYZjmRuTiHqkeDICdA=,FRuxHsFfxndulyQ4mOgceSuEeSE=
-31,17,nb1abz1zVRYZjmRuTiHqkeDICdA=,FRuxHsFfxndulyQ4mOgceSuEeSE=
-27,26,nb1abz1zVRYZjmRuTiHqkeDICdA=,Mng6kdqplAVvoIRM88+ga1PRmA4=
-18,22,nb1abz1zVRYZjmRuTiHqkeDICdA=,D8vDTt+EUpwDNKxyZNIs+1NRIog=
-24,17,nb1abz1zVRYZjmRuTiHqkeDICdA=,D8vDTt+EUpwDNKxyZNIs+1NRIog=
-28,19,nb1abz1zVRYZjmRuTiHqkeDICdA=,FRuxHsFfxndulyQ4mOgceSuEeSE=
-21,19,nb1abz1zVRYZjmRuTiHqkeDICdA=,D8vDTt+EUpwDNKxyZNIs+1NRIog=
-22,19,nb1abz1zVRYZjmRuTiHqkeDICdA=,D8vDTt+EUpwDNKxyZNIs+1NRIog=
-28,27,nb1abz1zVRYZjmRuTiHqkeDICdA=,Mng6kdqplAVvoIRM88+ga1PRmA4=
-27,27,nb1abz1zVRYZjmRuTiHqkeDICdA=,Mng6kdqplAVvoIRM88+ga1PRmA4=
-23,18,nb1abz1zVRYZjmRuTiHqkeDICdA=,D8vDTt+EUpwDNKxyZNIs+1NRIog=
-22,18,nb1abz1zVRYZjmRuTiHqkeDICdA=,D8vDTt+EUpwDNKxyZNIs+1NRIog=
-23,19,nb1abz1zVRYZjmRuTiHqkeDICdA=,D8vDTt+EUpwDNKxyZNIs+1NRIog=
-21,18,nb1abz1zVRYZjmRuTiHqkeDICdA=,D8vDTt+EUpwDNKxyZNIs+1NRIog=
-31,24,nb1abz1zVRYZjmRuTiHqkeDICdA=,Mng6kdqplAVvoIRM88+ga1PRmA4=
-22,23,nb1abz1zVRYZjmRuTiHqkeDICdA=,D8vDTt+EUpwDNKxyZNIs+1NRIog=
-28,28,nb1abz1zVRYZjmRuTiHqkeDICdA=,Mng6kdqplAVvoIRM88+ga1PRmA4=
-26,27,nb1abz1zVRYZjmRuTiHqkeDICdA=,Mng6kdqplAVvoIRM88+ga1PRmA4=
-31,31,nb1abz1zVRYZjmRuTiHqkeDICdA=,Mng6kdqplAVvoIRM88+ga1PRmA4=
-17,30,nb1abz1zVRYZjmRuTiHqkeDICdA=,VYSZHFZnUFFMTVrk7Zp204G63Uo=
-27,28,nb1abz1zVRYZjmRuTiHqkeDICdA=,Mng6kdqplAVvoIRM88+ga1PRmA4=
-26,26,nb1abz1zVRYZjmRuTiHqkeDICdA=,Mng6kdqplAVvoIRM88+ga1PRmA4=
-17,22,nb1abz1zVRYZjmRuTiHqkeDICdA=,D8vDTt+EUpwDNKxyZNIs+1NRIog=
-23,31,nb1abz1zVRYZjmRuTiHqkeDICdA=,VYSZHFZnUFFMTVrk7Zp204G63Uo=
-23,23,nb1abz1zVRYZjmRuTiHqkeDICdA=,D8vDTt+EUpwDNKxyZNIs+1NRIog=
-29,27,nb1abz1zVRYZjmRuTiHqkeDICdA=,Mng6kdqplAVvoIRM88+ga1PRmA4=
-29,29,nb1abz1zVRYZjmRuTiHqkeDICdA=,Mng6kdqplAVvoIRM88+ga1PRmA4=
-29,30,nb1abz1zVRYZjmRuTiHqkeDICdA=,Mng6kdqplAVvoIRM88+ga1PRmA4=
-30,30,nb1abz1zVRYZjmRuTiHqkeDICdA=,Mng6kdqplAVvoIRM88+ga1PRmA4=
-30,26,nb1abz1zVRYZjmRuTiHqkeDICdA=,Mng6kdqplAVvoIRM88+ga1PRmA4=
-23,20,nb1abz1zVRYZjmRuTiHqkeDICdA=,D8vDTt+EUpwDNKxyZNIs+1NRIog=
-24,23,nb1abz1zVRYZjmRuTiHqkeDICdA=,D8vDTt+EUpwDNKxyZNIs+1NRIog=
-29,26,nb1abz1zVRYZjmRuTiHqkeDICdA=,Mng6kdqplAVvoIRM88+ga1PRmA4=
-31,30,nb1abz1zVRYZjmRuTiHqkeDICdA=,Mng6kdqplAVvoIRM88+ga1PRmA4=
-30,28,nb1abz1zVRYZjmRuTiHqkeDICdA=,Mng6kdqplAVvoIRM88+ga1PRmA4=
-28,29,nb1abz1zVRYZjmRuTiHqkeDICdA=,Mng6kdqplAVvoIRM88+ga1PRmA4=
-31,27,nb1abz1zVRYZjmRuTiHqkeDICdA=,Mng6kdqplAVvoIRM88+ga1PRmA4=
-22,20,nb1abz1zVRYZjmRuTiHqkeDICdA=,D8vDTt+EUpwDNKxyZNIs+1NRIog=
-30,27,nb1abz1zVRYZjmRuTiHqkeDICdA=,Mng6kdqplAVvoIRM88+ga1PRmA4=
-21,20,nb1abz1zVRYZjmRuTiHqkeDICdA=,D8vDTt+EUpwDNKxyZNIs+1NRIog=
-26,28,nb1abz1zVRYZjmRuTiHqkeDICdA=,Mng6kdqplAVvoIRM88+ga1PRmA4=
-28,30,nb1abz1zVRYZjmRuTiHqkeDICdA=,Mng6kdqplAVvoIRM88+ga1PRmA4=
-26,29,nb1abz1zVRYZjmRuTiHqkeDICdA=,Mng6kdqplAVvoIRM88+ga1PRmA4=
-27,29,nb1abz1zVRYZjmRuTiHqkeDICdA=,Mng6kdqplAVvoIRM88+ga1PRmA4=
-20,20,nb1abz1zVRYZjmRuTiHqkeDICdA=,D8vDTt+EUpwDNKxyZNIs+1NRIog=
-24,22,nb1abz1zVRYZjmRuTiHqkeDICdA=,D8vDTt+EUpwDNKxyZNIs+1NRIog=
-19,20,nb1abz1zVRYZjmRuTiHqkeDICdA=,D8vDTt+EUpwDNKxyZNIs+1NRIog=
-17,20,nb1abz1zVRYZjmRuTiHqkeDICdA=,D8vDTt+EUpwDNKxyZNIs+1NRIog=
-23,21,nb1abz1zVRYZjmRuTiHqkeDICdA=,D8vDTt+EUpwDNKxyZNIs+1NRIog=
-18,20,nb1abz1zVRYZjmRuTiHqkeDICdA=,D8vDTt+EUpwDNKxyZNIs+1NRIog=
-26,24,nb1abz1zVRYZjmRuTiHqkeDICdA=,Mng6kdqplAVvoIRM88+ga1PRmA4=
-22,21,nb1abz1zVRYZjmRuTiHqkeDICdA=,D8vDTt+EUpwDNKxyZNIs+1NRIog=
-24,21,nb1abz1zVRYZjmRuTiHqkeDICdA=,D8vDTt+EUpwDNKxyZNIs+1NRIog=
-21,21,nb1abz1zVRYZjmRuTiHqkeDICdA=,D8vDTt+EUpwDNKxyZNIs+1NRIog=
-27,24,nb1abz1zVRYZjmRuTiHqkeDICdA=,Mng6kdqplAVvoIRM88+ga1PRmA4=
-26,30,nb1abz1zVRYZjmRuTiHqkeDICdA=,Mng6kdqplAVvoIRM88+ga1PRmA4=
-28,24,nb1abz1zVRYZjmRuTiHqkeDICdA=,Mng6kdqplAVvoIRM88+ga1PRmA4=
-19,21,nb1abz1zVRYZjmRuTiHqkeDICdA=,D8vDTt+EUpwDNKxyZNIs+1NRIog=
-20,21,nb1abz1zVRYZjmRuTiHqkeDICdA=,D8vDTt+EUpwDNKxyZNIs+1NRIog=
-18,21,nb1abz1zVRYZjmRuTiHqkeDICdA=,D8vDTt+EUpwDNKxyZNIs+1NRIog=
-20,25,nb1abz1zVRYZjmRuTiHqkeDICdA=,VYSZHFZnUFFMTVrk7Zp204G63Uo=
-19,25,nb1abz1zVRYZjmRuTiHqkeDICdA=,VYSZHFZnUFFMTVrk7Zp204G63Uo=
-27,30,nb1abz1zVRYZjmRuTiHqkeDICdA=,Mng6kdqplAVvoIRM88+ga1PRmA4=
-25,25,nb1abz1zVRYZjmRuTiHqkeDICdA=,Mng6kdqplAVvoIRM88+ga1PRmA4=
-24,20,nb1abz1zVRYZjmRuTiHqkeDICdA=,D8vDTt+EUpwDNKxyZNIs+1NRIog=
-18,25,nb1abz1zVRYZjmRuTiHqkeDICdA=,VYSZHFZnUFFMTVrk7Zp204G63Uo=
-18,30,nb1abz1zVRYZjmRuTiHqkeDICdA=,VYSZHFZnUFFMTVrk7Zp204G63Uo=
-25,26,nb1abz1zVRYZjmRuTiHqkeDICdA=,Mng6kdqplAVvoIRM88+ga1PRmA4=
-17,25,nb1abz1zVRYZjmRuTiHqkeDICdA=,VYSZHFZnUFFMTVrk7Zp204G63Uo=
-22,31,nb1abz1zVRYZjmRuTiHqkeDICdA=,VYSZHFZnUFFMTVrk7Zp204G63Uo=
-23,22,nb1abz1zVRYZjmRuTiHqkeDICdA=,D8vDTt+EUpwDNKxyZNIs+1NRIog=
-22,22,nb1abz1zVRYZjmRuTiHqkeDICdA=,D8vDTt+EUpwDNKxyZNIs+1NRIog=
-19,30,nb1abz1zVRYZjmRuTiHqkeDICdA=,VYSZHFZnUFFMTVrk7Zp204G63Uo=
-21,22,nb1abz1zVRYZjmRuTiHqkeDICdA=,D8vDTt+EUpwDNKxyZNIs+1NRIog=
-17,21,nb1abz1zVRYZjmRuTiHqkeDICdA=,D8vDTt+EUpwDNKxyZNIs+1NRIog=
-24,26,nb1abz1zVRYZjmRuTiHqkeDICdA=,VYSZHFZnUFFMTVrk7Zp204G63Uo=
-18,26,nb1abz1zVRYZjmRuTiHqkeDICdA=,VYSZHFZnUFFMTVrk7Zp204G63Uo=
-21,26,nb1abz1zVRYZjmRuTiHqkeDICdA=,VYSZHFZnUFFMTVrk7Zp204G63Uo=
-25,27,nb1abz1zVRYZjmRuTiHqkeDICdA=,Mng6kdqplAVvoIRM88+ga1PRmA4=
-22,26,nb1abz1zVRYZjmRuTiHqkeDICdA=,VYSZHFZnUFFMTVrk7Zp204G63Uo=
-17,26,nb1abz1zVRYZjmRuTiHqkeDICdA=,VYSZHFZnUFFMTVrk7Zp204G63Uo=
-20,26,nb1abz1zVRYZjmRuTiHqkeDICdA=,VYSZHFZnUFFMTVrk7Zp204G63Uo=
-23,26,nb1abz1zVRYZjmRuTiHqkeDICdA=,VYSZHFZnUFFMTVrk7Zp204G63Uo=
-19,26,nb1abz1zVRYZjmRuTiHqkeDICdA=,VYSZHFZnUFFMTVrk7Zp204G63Uo=
-25,28,nb1abz1zVRYZjmRuTiHqkeDICdA=,Mng6kdqplAVvoIRM88+ga1PRmA4=
-23,27,nb1abz1zVRYZjmRuTiHqkeDICdA=,VYSZHFZnUFFMTVrk7Zp204G63Uo=
-24,27,nb1abz1zVRYZjmRuTiHqkeDICdA=,VYSZHFZnUFFMTVrk7Zp204G63Uo=
-22,27,nb1abz1zVRYZjmRuTiHqkeDICdA=,VYSZHFZnUFFMTVrk7Zp204G63Uo=
-18,24,nb1abz1zVRYZjmRuTiHqkeDICdA=,VYSZHFZnUFFMTVrk7Zp204G63Uo=
-20,27,nb1abz1zVRYZjmRuTiHqkeDICdA=,VYSZHFZnUFFMTVrk7Zp204G63Uo=
-21,27,nb1abz1zVRYZjmRuTiHqkeDICdA=,VYSZHFZnUFFMTVrk7Zp204G63Uo=
-25,29,nb1abz1zVRYZjmRuTiHqkeDICdA=,Mng6kdqplAVvoIRM88+ga1PRmA4=
-19,24,nb1abz1zVRYZjmRuTiHqkeDICdA=,VYSZHFZnUFFMTVrk7Zp204G63Uo=
-20,24,nb1abz1zVRYZjmRuTiHqkeDICdA=,VYSZHFZnUFFMTVrk7Zp204G63Uo=
-20,30,nb1abz1zVRYZjmRuTiHqkeDICdA=,VYSZHFZnUFFMTVrk7Zp204G63Uo=
-18,27,nb1abz1zVRYZjmRuTiHqkeDICdA=,VYSZHFZnUFFMTVrk7Zp204G63Uo=
-25,30,nb1abz1zVRYZjmRuTiHqkeDICdA=,Mng6kdqplAVvoIRM88+ga1PRmA4=
-17,27,nb1abz1zVRYZjmRuTiHqkeDICdA=,VYSZHFZnUFFMTVrk7Zp204G63Uo=
-19,27,nb1abz1zVRYZjmRuTiHqkeDICdA=,VYSZHFZnUFFMTVrk7Zp204G63Uo=
-23,28,nb1abz1zVRYZjmRuTiHqkeDICdA=,VYSZHFZnUFFMTVrk7Zp204G63Uo=
-21,28,nb1abz1zVRYZjmRuTiHqkeDICdA=,VYSZHFZnUFFMTVrk7Zp204G63Uo=
-21,31,nb1abz1zVRYZjmRuTiHqkeDICdA=,VYSZHFZnUFFMTVrk7Zp204G63Uo=
-17,28,nb1abz1zVRYZjmRuTiHqkeDICdA=,VYSZHFZnUFFMTVrk7Zp204G63Uo=
-24,28,nb1abz1zVRYZjmRuTiHqkeDICdA=,VYSZHFZnUFFMTVrk7Zp204G63Uo=
-23,29,nb1abz1zVRYZjmRuTiHqkeDICdA=,VYSZHFZnUFFMTVrk7Zp204G63Uo=
-22,28,nb1abz1zVRYZjmRuTiHqkeDICdA=,VYSZHFZnUFFMTVrk7Zp204G63Uo=
-20,28,nb1abz1zVRYZjmRuTiHqkeDICdA=,VYSZHFZnUFFMTVrk7Zp204G63Uo=
-24,24,nb1abz1zVRYZjmRuTiHqkeDICdA=,VYSZHFZnUFFMTVrk7Zp204G63Uo=
-24,29,nb1abz1zVRYZjmRuTiHqkeDICdA=,VYSZHFZnUFFMTVrk7Zp204G63Uo=
-19,28,nb1abz1zVRYZjmRuTiHqkeDICdA=,VYSZHFZnUFFMTVrk7Zp204G63Uo=
-18,28,nb1abz1zVRYZjmRuTiHqkeDICdA=,VYSZHFZnUFFMTVrk7Zp204G63Uo=
-23,24,nb1abz1zVRYZjmRuTiHqkeDICdA=,VYSZHFZnUFFMTVrk7Zp204G63Uo=
-21,29,nb1abz1zVRYZjmRuTiHqkeDICdA=,VYSZHFZnUFFMTVrk7Zp204G63Uo=
-22,29,nb1abz1zVRYZjmRuTiHqkeDICdA=,VYSZHFZnUFFMTVrk7Zp204G63Uo=
-28,31,nb1abz1zVRYZjmRuTiHqkeDICdA=,Mng6kdqplAVvoIRM88+ga1PRmA4=
-23,30,nb1abz1zVRYZjmRuTiHqkeDICdA=,VYSZHFZnUFFMTVrk7Zp204G63Uo=
-19,29,nb1abz1zVRYZjmRuTiHqkeDICdA=,VYSZHFZnUFFMTVrk7Zp204G63Uo=
-18,29,nb1abz1zVRYZjmRuTiHqkeDICdA=,VYSZHFZnUFFMTVrk7Zp204G63Uo=
-17,31,nb1abz1zVRYZjmRuTiHqkeDICdA=,VYSZHFZnUFFMTVrk7Zp204G63Uo=
-22,24,nb1abz1zVRYZjmRuTiHqkeDICdA=,VYSZHFZnUFFMTVrk7Zp204G63Uo=
-20,29,nb1abz1zVRYZjmRuTiHqkeDICdA=,VYSZHFZnUFFMTVrk7Zp204G63Uo=
-17,29,nb1abz1zVRYZjmRuTiHqkeDICdA=,VYSZHFZnUFFMTVrk7Zp204G63Uo=
-21,24,nb1abz1zVRYZjmRuTiHqkeDICdA=,VYSZHFZnUFFMTVrk7Zp204G63Uo=
-22,30,nb1abz1zVRYZjmRuTiHqkeDICdA=,VYSZHFZnUFFMTVrk7Zp204G63Uo=
-26,31,nb1abz1zVRYZjmRuTiHqkeDICdA=,Mng6kdqplAVvoIRM88+ga1PRmA4=
-24,30,nb1abz1zVRYZjmRuTiHqkeDICdA=,VYSZHFZnUFFMTVrk7Zp204G63Uo=
-27,31,nb1abz1zVRYZjmRuTiHqkeDICdA=,Mng6kdqplAVvoIRM88+ga1PRmA4=
-25,24,nb1abz1zVRYZjmRuTiHqkeDICdA=,Mng6kdqplAVvoIRM88+ga1PRmA4=
-26,21,nb1abz1zVRYZjmRuTiHqkeDICdA=,FRuxHsFfxndulyQ4mOgceSuEeSE=
-25,31,nb1abz1zVRYZjmRuTiHqkeDICdA=,Mng6kdqplAVvoIRM88+ga1PRmA4=
-21,30,nb1abz1zVRYZjmRuTiHqkeDICdA=,VYSZHFZnUFFMTVrk7Zp204G63Uo=
-26,22,nb1abz1zVRYZjmRuTiHqkeDICdA=,FRuxHsFfxndulyQ4mOgceSuEeSE=
-25,22,nb1abz1zVRYZjmRuTiHqkeDICdA=,FRuxHsFfxndulyQ4mOgceSuEeSE=
-22,25,nb1abz1zVRYZjmRuTiHqkeDICdA=,VYSZHFZnUFFMTVrk7Zp204G63Uo=
-18,31,nb1abz1zVRYZjmRuTiHqkeDICdA=,VYSZHFZnUFFMTVrk7Zp204G63Uo=
-28,20,nb1abz1zVRYZjmRuTiHqkeDICdA=,FRuxHsFfxndulyQ4mOgceSuEeSE=
-25,21,nb1abz1zVRYZjmRuTiHqkeDICdA=,FRuxHsFfxndulyQ4mOgceSuEeSE=
-24,31,nb1abz1zVRYZjmRuTiHqkeDICdA=,VYSZHFZnUFFMTVrk7Zp204G63Uo=
-27,20,nb1abz1zVRYZjmRuTiHqkeDICdA=,FRuxHsFfxndulyQ4mOgceSuEeSE=
-26,20,nb1abz1zVRYZjmRuTiHqkeDICdA=,FRuxHsFfxndulyQ4mOgceSuEeSE=
-25,20,nb1abz1zVRYZjmRuTiHqkeDICdA=,FRuxHsFfxndulyQ4mOgceSuEeSE=
-24,25,nb1abz1zVRYZjmRuTiHqkeDICdA=,VYSZHFZnUFFMTVrk7Zp204G63Uo=
-17,24,nb1abz1zVRYZjmRuTiHqkeDICdA=,VYSZHFZnUFFMTVrk7Zp204G63Uo=
-21,25,nb1abz1zVRYZjmRuTiHqkeDICdA=,VYSZHFZnUFFMTVrk7Zp204G63Uo=
-28,21,nb1abz1zVRYZjmRuTiHqkeDICdA=,FRuxHsFfxndulyQ4mOgceSuEeSE=
-28,23,nb1abz1zVRYZjmRuTiHqkeDICdA=,FRuxHsFfxndulyQ4mOgceSuEeSE=
-19,31,nb1abz1zVRYZjmRuTiHqkeDICdA=,VYSZHFZnUFFMTVrk7Zp204G63Uo=
-23,25,nb1abz1zVRYZjmRuTiHqkeDICdA=,VYSZHFZnUFFMTVrk7Zp204G63Uo=
-20,31,nb1abz1zVRYZjmRuTiHqkeDICdA=,VYSZHFZnUFFMTVrk7Zp204G63Uo=
-5,23,dcIqkBe58RJDC2gz2OqI/9UQTRE=,Ha5O/58f44L2BTn5VR7132wCfbs=
-10,23,dcIqkBe58RJDC2gz2OqI/9UQTRE=,d7GcvFd3WZxbMO7EiTW1U8wElS4=
-9,23,dcIqkBe58RJDC2gz2OqI/9UQTRE=,d7GcvFd3WZxbMO7EiTW1U8wElS4=
-10,21,dcIqkBe58RJDC2gz2OqI/9UQTRE=,d7GcvFd3WZxbMO7EiTW1U8wElS4=
-6,23,dcIqkBe58RJDC2gz2OqI/9UQTRE=,Ha5O/58f44L2BTn5VR7132wCfbs=
-7,20,fKv8noXsM3rEDZniL3XTPW5WhAg=,Ha5O/58f44L2BTn5VR7132wCfbs=
-7,23,fKv8noXsM3rEDZniL3XTPW5WhAg=,Ha5O/58f44L2BTn5VR7132wCfbs=
-6,20,fKv8noXsM3rEDZniL3XTPW5WhAg=,Ha5O/58f44L2BTn5VR7132wCfbs=
-1,23,fKv8noXsM3rEDZniL3XTPW5WhAg=,Ha5O/58f44L2BTn5VR7132wCfbs=
-8,23,fKv8noXsM3rEDZniL3XTPW5WhAg=,Ha5O/58f44L2BTn5VR7132wCfbs=
-8,24,fKv8noXsM3rEDZniL3XTPW5WhAg=,vMio8bnnZ8Z97uToy7gI/GcaSBA=
-2,23,fKv8noXsM3rEDZniL3XTPW5WhAg=,Ha5O/58f44L2BTn5VR7132wCfbs=
-3,23,fKv8noXsM3rEDZniL3XTPW5WhAg=,Ha5O/58f44L2BTn5VR7132wCfbs=
-4,23,fKv8noXsM3rEDZniL3XTPW5WhAg=,Ha5O/58f44L2BTn5VR7132wCfbs=
-8,22,fKv8noXsM3rEDZniL3XTPW5WhAg=,Ha5O/58f44L2BTn5VR7132wCfbs=
-1,21,fKv8noXsM3rEDZniL3XTPW5WhAg=,Ha5O/58f44L2BTn5VR7132wCfbs=
-2,21,fKv8noXsM3rEDZniL3XTPW5WhAg=,Ha5O/58f44L2BTn5VR7132wCfbs=
-12,25,fKv8noXsM3rEDZniL3XTPW5WhAg=,a9aWSbhVdgoJqm1iMYJenknJYfg=
-3,21,fKv8noXsM3rEDZniL3XTPW5WhAg=,Ha5O/58f44L2BTn5VR7132wCfbs=
-8,21,fKv8noXsM3rEDZniL3XTPW5WhAg=,Ha5O/58f44L2BTn5VR7132wCfbs=
-4,21,fKv8noXsM3rEDZniL3XTPW5WhAg=,Ha5O/58f44L2BTn5VR7132wCfbs=
-1,20,fKv8noXsM3rEDZniL3XTPW5WhAg=,Ha5O/58f44L2BTn5VR7132wCfbs=
-8,20,fKv8noXsM3rEDZniL3XTPW5WhAg=,Ha5O/58f44L2BTn5VR7132wCfbs=
-2,20,fKv8noXsM3rEDZniL3XTPW5WhAg=,Ha5O/58f44L2BTn5VR7132wCfbs=
-7,24,fKv8noXsM3rEDZniL3XTPW5WhAg=,vMio8bnnZ8Z97uToy7gI/GcaSBA=
-3,20,fKv8noXsM3rEDZniL3XTPW5WhAg=,Ha5O/58f44L2BTn5VR7132wCfbs=
-4,20,fKv8noXsM3rEDZniL3XTPW5WhAg=,Ha5O/58f44L2BTn5VR7132wCfbs=
-5,22,fKv8noXsM3rEDZniL3XTPW5WhAg=,Ha5O/58f44L2BTn5VR7132wCfbs=
-1,22,fKv8noXsM3rEDZniL3XTPW5WhAg=,Ha5O/58f44L2BTn5VR7132wCfbs=
-2,22,fKv8noXsM3rEDZniL3XTPW5WhAg=,Ha5O/58f44L2BTn5VR7132wCfbs=
-3,22,fKv8noXsM3rEDZniL3XTPW5WhAg=,Ha5O/58f44L2BTn5VR7132wCfbs=
-6,22,fKv8noXsM3rEDZniL3XTPW5WhAg=,Ha5O/58f44L2BTn5VR7132wCfbs=
-4,22,fKv8noXsM3rEDZniL3XTPW5WhAg=,Ha5O/58f44L2BTn5VR7132wCfbs=
-1,24,fKv8noXsM3rEDZniL3XTPW5WhAg=,vMio8bnnZ8Z97uToy7gI/GcaSBA=
-7,22,fKv8noXsM3rEDZniL3XTPW5WhAg=,Ha5O/58f44L2BTn5VR7132wCfbs=
-1,27,fKv8noXsM3rEDZniL3XTPW5WhAg=,vMio8bnnZ8Z97uToy7gI/GcaSBA=
-1,26,fKv8noXsM3rEDZniL3XTPW5WhAg=,vMio8bnnZ8Z97uToy7gI/GcaSBA=
-1,25,fKv8noXsM3rEDZniL3XTPW5WhAg=,vMio8bnnZ8Z97uToy7gI/GcaSBA=
-4,24,fKv8noXsM3rEDZniL3XTPW5WhAg=,vMio8bnnZ8Z97uToy7gI/GcaSBA=
-5,21,fKv8noXsM3rEDZniL3XTPW5WhAg=,Ha5O/58f44L2BTn5VR7132wCfbs=
-3,24,fKv8noXsM3rEDZniL3XTPW5WhAg=,vMio8bnnZ8Z97uToy7gI/GcaSBA=
-1,31,fKv8noXsM3rEDZniL3XTPW5WhAg=,vMio8bnnZ8Z97uToy7gI/GcaSBA=
-2,24,fKv8noXsM3rEDZniL3XTPW5WhAg=,vMio8bnnZ8Z97uToy7gI/GcaSBA=
-1,30,fKv8noXsM3rEDZniL3XTPW5WhAg=,vMio8bnnZ8Z97uToy7gI/GcaSBA=
-6,21,fKv8noXsM3rEDZniL3XTPW5WhAg=,Ha5O/58f44L2BTn5VR7132wCfbs=
-2,27,fKv8noXsM3rEDZniL3XTPW5WhAg=,vMio8bnnZ8Z97uToy7gI/GcaSBA=
-1,29,fKv8noXsM3rEDZniL3XTPW5WhAg=,vMio8bnnZ8Z97uToy7gI/GcaSBA=
-3,27,fKv8noXsM3rEDZniL3XTPW5WhAg=,vMio8bnnZ8Z97uToy7gI/GcaSBA=
-4,27,fKv8noXsM3rEDZniL3XTPW5WhAg=,vMio8bnnZ8Z97uToy7gI/GcaSBA=
-7,21,fKv8noXsM3rEDZniL3XTPW5WhAg=,Ha5O/58f44L2BTn5VR7132wCfbs=
-2,26,fKv8noXsM3rEDZniL3XTPW5WhAg=,vMio8bnnZ8Z97uToy7gI/GcaSBA=
-1,28,fKv8noXsM3rEDZniL3XTPW5WhAg=,vMio8bnnZ8Z97uToy7gI/GcaSBA=
-2,31,fKv8noXsM3rEDZniL3XTPW5WhAg=,vMio8bnnZ8Z97uToy7gI/GcaSBA=
-5,20,fKv8noXsM3rEDZniL3XTPW5WhAg=,Ha5O/58f44L2BTn5VR7132wCfbs=
-3,31,fKv8noXsM3rEDZniL3XTPW5WhAg=,vMio8bnnZ8Z97uToy7gI/GcaSBA=
-3,26,fKv8noXsM3rEDZniL3XTPW5WhAg=,vMio8bnnZ8Z97uToy7gI/GcaSBA=
-4,31,fKv8noXsM3rEDZniL3XTPW5WhAg=,vMio8bnnZ8Z97uToy7gI/GcaSBA=
-5,24,fKv8noXsM3rEDZniL3XTPW5WhAg=,vMio8bnnZ8Z97uToy7gI/GcaSBA=
-4,26,fKv8noXsM3rEDZniL3XTPW5WhAg=,vMio8bnnZ8Z97uToy7gI/GcaSBA=
-2,30,fKv8noXsM3rEDZniL3XTPW5WhAg=,vMio8bnnZ8Z97uToy7gI/GcaSBA=
-2,25,fKv8noXsM3rEDZniL3XTPW5WhAg=,vMio8bnnZ8Z97uToy7gI/GcaSBA=
-3,30,fKv8noXsM3rEDZniL3XTPW5WhAg=,vMio8bnnZ8Z97uToy7gI/GcaSBA=
-3,25,fKv8noXsM3rEDZniL3XTPW5WhAg=,vMio8bnnZ8Z97uToy7gI/GcaSBA=
-4,30,fKv8noXsM3rEDZniL3XTPW5WhAg=,vMio8bnnZ8Z97uToy7gI/GcaSBA=
-2,29,fKv8noXsM3rEDZniL3XTPW5WhAg=,vMio8bnnZ8Z97uToy7gI/GcaSBA=
-4,25,fKv8noXsM3rEDZniL3XTPW5WhAg=,vMio8bnnZ8Z97uToy7gI/GcaSBA=
-3,29,fKv8noXsM3rEDZniL3XTPW5WhAg=,vMio8bnnZ8Z97uToy7gI/GcaSBA=
-4,29,fKv8noXsM3rEDZniL3XTPW5WhAg=,vMio8bnnZ8Z97uToy7gI/GcaSBA=
-2,28,fKv8noXsM3rEDZniL3XTPW5WhAg=,vMio8bnnZ8Z97uToy7gI/GcaSBA=
-3,28,fKv8noXsM3rEDZniL3XTPW5WhAg=,vMio8bnnZ8Z97uToy7gI/GcaSBA=
-9,21,fKv8noXsM3rEDZniL3XTPW5WhAg=,d7GcvFd3WZxbMO7EiTW1U8wElS4=
-4,28,fKv8noXsM3rEDZniL3XTPW5WhAg=,vMio8bnnZ8Z97uToy7gI/GcaSBA=
-11,25,fKv8noXsM3rEDZniL3XTPW5WhAg=,a9aWSbhVdgoJqm1iMYJenknJYfg=
-6,24,fKv8noXsM3rEDZniL3XTPW5WhAg=,vMio8bnnZ8Z97uToy7gI/GcaSBA=
-8,25,fKv8noXsM3rEDZniL3XTPW5WhAg=,vMio8bnnZ8Z97uToy7gI/GcaSBA=
-9,31,fKv8noXsM3rEDZniL3XTPW5WhAg=,a9aWSbhVdgoJqm1iMYJenknJYfg=
-6,25,fKv8noXsM3rEDZniL3XTPW5WhAg=,vMio8bnnZ8Z97uToy7gI/GcaSBA=
-10,31,fKv8noXsM3rEDZniL3XTPW5WhAg=,a9aWSbhVdgoJqm1iMYJenknJYfg=
-1,16,fKv8noXsM3rEDZniL3XTPW5WhAg=,Ha5O/58f44L2BTn5VR7132wCfbs=
-16,22,fKv8noXsM3rEDZniL3XTPW5WhAg=,d7GcvFd3WZxbMO7EiTW1U8wElS4=
-3,16,fKv8noXsM3rEDZniL3XTPW5WhAg=,Ha5O/58f44L2BTn5VR7132wCfbs=
-2,16,fKv8noXsM3rEDZniL3XTPW5WhAg=,Ha5O/58f44L2BTn5VR7132wCfbs=
-4,17,fKv8noXsM3rEDZniL3XTPW5WhAg=,Ha5O/58f44L2BTn5VR7132wCfbs=
-3,17,fKv8noXsM3rEDZniL3XTPW5WhAg=,Ha5O/58f44L2BTn5VR7132wCfbs=
-2,17,fKv8noXsM3rEDZniL3XTPW5WhAg=,Ha5O/58f44L2BTn5VR7132wCfbs=
-12,20,fKv8noXsM3rEDZniL3XTPW5WhAg=,d7GcvFd3WZxbMO7EiTW1U8wElS4=
-16,23,fKv8noXsM3rEDZniL3XTPW5WhAg=,d7GcvFd3WZxbMO7EiTW1U8wElS4=
-4,16,fKv8noXsM3rEDZniL3XTPW5WhAg=,Ha5O/58f44L2BTn5VR7132wCfbs=
-1,19,fKv8noXsM3rEDZniL3XTPW5WhAg=,Ha5O/58f44L2BTn5VR7132wCfbs=
-16,20,fKv8noXsM3rEDZniL3XTPW5WhAg=,d7GcvFd3WZxbMO7EiTW1U8wElS4=
-12,22,fKv8noXsM3rEDZniL3XTPW5WhAg=,d7GcvFd3WZxbMO7EiTW1U8wElS4=
-9,16,fKv8noXsM3rEDZniL3XTPW5WhAg=,d7GcvFd3WZxbMO7EiTW1U8wElS4=
-16,21,fKv8noXsM3rEDZniL3XTPW5WhAg=,d7GcvFd3WZxbMO7EiTW1U8wElS4=
-15,16,fKv8noXsM3rEDZniL3XTPW5WhAg=,d7GcvFd3WZxbMO7EiTW1U8wElS4=
-10,20,fKv8noXsM3rEDZniL3XTPW5WhAg=,d7GcvFd3WZxbMO7EiTW1U8wElS4=
-2,19,fKv8noXsM3rEDZniL3XTPW5WhAg=,Ha5O/58f44L2BTn5VR7132wCfbs=
-10,16,fKv8noXsM3rEDZniL3XTPW5WhAg=,d7GcvFd3WZxbMO7EiTW1U8wElS4=
-3,19,fKv8noXsM3rEDZniL3XTPW5WhAg=,Ha5O/58f44L2BTn5VR7132wCfbs=
-16,16,fKv8noXsM3rEDZniL3XTPW5WhAg=,d7GcvFd3WZxbMO7EiTW1U8wElS4=
-10,25,fKv8noXsM3rEDZniL3XTPW5WhAg=,a9aWSbhVdgoJqm1iMYJenknJYfg=
-16,19,fKv8noXsM3rEDZniL3XTPW5WhAg=,d7GcvFd3WZxbMO7EiTW1U8wElS4=
-11,16,fKv8noXsM3rEDZniL3XTPW5WhAg=,d7GcvFd3WZxbMO7EiTW1U8wElS4=
-4,19,fKv8noXsM3rEDZniL3XTPW5WhAg=,Ha5O/58f44L2BTn5VR7132wCfbs=
-11,31,fKv8noXsM3rEDZniL3XTPW5WhAg=,a9aWSbhVdgoJqm1iMYJenknJYfg=
-8,16,fKv8noXsM3rEDZniL3XTPW5WhAg=,Ha5O/58f44L2BTn5VR7132wCfbs=
-1,18,fKv8noXsM3rEDZniL3XTPW5WhAg=,Ha5O/58f44L2BTn5VR7132wCfbs=
-7,25,fKv8noXsM3rEDZniL3XTPW5WhAg=,vMio8bnnZ8Z97uToy7gI/GcaSBA=
-13,16,fKv8noXsM3rEDZniL3XTPW5WhAg=,d7GcvFd3WZxbMO7EiTW1U8wElS4=
-12,16,fKv8noXsM3rEDZniL3XTPW5WhAg=,d7GcvFd3WZxbMO7EiTW1U8wElS4=
-2,18,fKv8noXsM3rEDZniL3XTPW5WhAg=,Ha5O/58f44L2BTn5VR7132wCfbs=
-16,17,fKv8noXsM3rEDZniL3XTPW5WhAg=,d7GcvFd3WZxbMO7EiTW1U8wElS4=
-14,16,fKv8noXsM3rEDZniL3XTPW5WhAg=,d7GcvFd3WZxbMO7EiTW1U8wElS4=
-3,18,fKv8noXsM3rEDZniL3XTPW5WhAg=,Ha5O/58f44L2BTn5VR7132wCfbs=
-16,18,fKv8noXsM3rEDZniL3XTPW5WhAg=,d7GcvFd3WZxbMO7EiTW1U8wElS4=
-11,26,fKv8noXsM3rEDZniL3XTPW5WhAg=,a9aWSbhVdgoJqm1iMYJenknJYfg=
-5,16,fKv8noXsM3rEDZniL3XTPW5WhAg=,Ha5O/58f44L2BTn5VR7132wCfbs=
-4,18,fKv8noXsM3rEDZniL3XTPW5WhAg=,Ha5O/58f44L2BTn5VR7132wCfbs=
-7,17,fKv8noXsM3rEDZniL3XTPW5WhAg=,Ha5O/58f44L2BTn5VR7132wCfbs=
-1,17,fKv8noXsM3rEDZniL3XTPW5WhAg=,Ha5O/58f44L2BTn5VR7132wCfbs=
-6,16,fKv8noXsM3rEDZniL3XTPW5WhAg=,Ha5O/58f44L2BTn5VR7132wCfbs=
-7,16,fKv8noXsM3rEDZniL3XTPW5WhAg=,Ha5O/58f44L2BTn5VR7132wCfbs=
-10,26,fKv8noXsM3rEDZniL3XTPW5WhAg=,a9aWSbhVdgoJqm1iMYJenknJYfg=
-12,26,fKv8noXsM3rEDZniL3XTPW5WhAg=,a9aWSbhVdgoJqm1iMYJenknJYfg=
-14,19,fKv8noXsM3rEDZniL3XTPW5WhAg=,d7GcvFd3WZxbMO7EiTW1U8wElS4=
-13,19,fKv8noXsM3rEDZniL3XTPW5WhAg=,d7GcvFd3WZxbMO7EiTW1U8wElS4=
-15,19,fKv8noXsM3rEDZniL3XTPW5WhAg=,d7GcvFd3WZxbMO7EiTW1U8wElS4=
-11,17,fKv8noXsM3rEDZniL3XTPW5WhAg=,d7GcvFd3WZxbMO7EiTW1U8wElS4=
-12,24,fKv8noXsM3rEDZniL3XTPW5WhAg=,a9aWSbhVdgoJqm1iMYJenknJYfg=
-9,19,fKv8noXsM3rEDZniL3XTPW5WhAg=,d7GcvFd3WZxbMO7EiTW1U8wElS4=
-16,24,fKv8noXsM3rEDZniL3XTPW5WhAg=,a9aWSbhVdgoJqm1iMYJenknJYfg=
-11,24,fKv8noXsM3rEDZniL3XTPW5WhAg=,a9aWSbhVdgoJqm1iMYJenknJYfg=
-10,19,fKv8noXsM3rEDZniL3XTPW5WhAg=,d7GcvFd3WZxbMO7EiTW1U8wElS4=
-11,19,fKv8noXsM3rEDZniL3XTPW5WhAg=,d7GcvFd3WZxbMO7EiTW1U8wElS4=
-11,20,fKv8noXsM3rEDZniL3XTPW5WhAg=,d7GcvFd3WZxbMO7EiTW1U8wElS4=
-12,19,fKv8noXsM3rEDZniL3XTPW5WhAg=,d7GcvFd3WZxbMO7EiTW1U8wElS4=
-9,17,fKv8noXsM3rEDZniL3XTPW5WhAg=,d7GcvFd3WZxbMO7EiTW1U8wElS4=
-10,17,fKv8noXsM3rEDZniL3XTPW5WhAg=,d7GcvFd3WZxbMO7EiTW1U8wElS4=
-8,19,fKv8noXsM3rEDZniL3XTPW5WhAg=,Ha5O/58f44L2BTn5VR7132wCfbs=
-9,18,fKv8noXsM3rEDZniL3XTPW5WhAg=,d7GcvFd3WZxbMO7EiTW1U8wElS4=
-12,27,fKv8noXsM3rEDZniL3XTPW5WhAg=,a9aWSbhVdgoJqm1iMYJenknJYfg=
-10,18,fKv8noXsM3rEDZniL3XTPW5WhAg=,d7GcvFd3WZxbMO7EiTW1U8wElS4=
-15,28,fKv8noXsM3rEDZniL3XTPW5WhAg=,a9aWSbhVdgoJqm1iMYJenknJYfg=
-10,24,fKv8noXsM3rEDZniL3XTPW5WhAg=,a9aWSbhVdgoJqm1iMYJenknJYfg=
-8,18,fKv8noXsM3rEDZniL3XTPW5WhAg=,Ha5O/58f44L2BTn5VR7132wCfbs=
-11,18,fKv8noXsM3rEDZniL3XTPW5WhAg=,d7GcvFd3WZxbMO7EiTW1U8wElS4=
-11,27,fKv8noXsM3rEDZniL3XTPW5WhAg=,a9aWSbhVdgoJqm1iMYJenknJYfg=
-8,26,fKv8noXsM3rEDZniL3XTPW5WhAg=,vMio8bnnZ8Z97uToy7gI/GcaSBA=
-12,18,fKv8noXsM3rEDZniL3XTPW5WhAg=,d7GcvFd3WZxbMO7EiTW1U8wElS4=
-12,31,fKv8noXsM3rEDZniL3XTPW5WhAg=,a9aWSbhVdgoJqm1iMYJenknJYfg=
-13,17,fKv8noXsM3rEDZniL3XTPW5WhAg=,d7GcvFd3WZxbMO7EiTW1U8wElS4=
-14,17,fKv8noXsM3rEDZniL3XTPW5WhAg=,d7GcvFd3WZxbMO7EiTW1U8wElS4=
-5,25,fKv8noXsM3rEDZniL3XTPW5WhAg=,vMio8bnnZ8Z97uToy7gI/GcaSBA=
-15,17,fKv8noXsM3rEDZniL3XTPW5WhAg=,d7GcvFd3WZxbMO7EiTW1U8wElS4=
-15,22,fKv8noXsM3rEDZniL3XTPW5WhAg=,d7GcvFd3WZxbMO7EiTW1U8wElS4=
-8,17,fKv8noXsM3rEDZniL3XTPW5WhAg=,Ha5O/58f44L2BTn5VR7132wCfbs=
-10,27,fKv8noXsM3rEDZniL3XTPW5WhAg=,a9aWSbhVdgoJqm1iMYJenknJYfg=
-6,17,fKv8noXsM3rEDZniL3XTPW5WhAg=,Ha5O/58f44L2BTn5VR7132wCfbs=
-12,17,fKv8noXsM3rEDZniL3XTPW5WhAg=,d7GcvFd3WZxbMO7EiTW1U8wElS4=
-16,27,fKv8noXsM3rEDZniL3XTPW5WhAg=,a9aWSbhVdgoJqm1iMYJenknJYfg=
-13,18,fKv8noXsM3rEDZniL3XTPW5WhAg=,d7GcvFd3WZxbMO7EiTW1U8wElS4=
-14,22,fKv8noXsM3rEDZniL3XTPW5WhAg=,d7GcvFd3WZxbMO7EiTW1U8wElS4=
-14,18,fKv8noXsM3rEDZniL3XTPW5WhAg=,d7GcvFd3WZxbMO7EiTW1U8wElS4=
-14,28,fKv8noXsM3rEDZniL3XTPW5WhAg=,a9aWSbhVdgoJqm1iMYJenknJYfg=
-10,28,fKv8noXsM3rEDZniL3XTPW5WhAg=,a9aWSbhVdgoJqm1iMYJenknJYfg=
-15,18,fKv8noXsM3rEDZniL3XTPW5WhAg=,d7GcvFd3WZxbMO7EiTW1U8wElS4=
-6,19,fKv8noXsM3rEDZniL3XTPW5WhAg=,Ha5O/58f44L2BTn5VR7132wCfbs=
-5,19,fKv8noXsM3rEDZniL3XTPW5WhAg=,Ha5O/58f44L2BTn5VR7132wCfbs=
-11,28,fKv8noXsM3rEDZniL3XTPW5WhAg=,a9aWSbhVdgoJqm1iMYJenknJYfg=
-7,19,fKv8noXsM3rEDZniL3XTPW5WhAg=,Ha5O/58f44L2BTn5VR7132wCfbs=
-6,26,fKv8noXsM3rEDZniL3XTPW5WhAg=,vMio8bnnZ8Z97uToy7gI/GcaSBA=
-12,28,fKv8noXsM3rEDZniL3XTPW5WhAg=,a9aWSbhVdgoJqm1iMYJenknJYfg=
-7,26,fKv8noXsM3rEDZniL3XTPW5WhAg=,vMio8bnnZ8Z97uToy7gI/GcaSBA=
-5,18,fKv8noXsM3rEDZniL3XTPW5WhAg=,Ha5O/58f44L2BTn5VR7132wCfbs=
-14,20,fKv8noXsM3rEDZniL3XTPW5WhAg=,d7GcvFd3WZxbMO7EiTW1U8wElS4=
-6,18,fKv8noXsM3rEDZniL3XTPW5WhAg=,Ha5O/58f44L2BTn5VR7132wCfbs=
-15,20,fKv8noXsM3rEDZniL3XTPW5WhAg=,d7GcvFd3WZxbMO7EiTW1U8wElS4=
-7,18,fKv8noXsM3rEDZniL3XTPW5WhAg=,Ha5O/58f44L2BTn5VR7132wCfbs=
-5,26,fKv8noXsM3rEDZniL3XTPW5WhAg=,vMio8bnnZ8Z97uToy7gI/GcaSBA=
-5,17,fKv8noXsM3rEDZniL3XTPW5WhAg=,Ha5O/58f44L2BTn5VR7132wCfbs=
-13,22,fKv8noXsM3rEDZniL3XTPW5WhAg=,d7GcvFd3WZxbMO7EiTW1U8wElS4=
-13,20,fKv8noXsM3rEDZniL3XTPW5WhAg=,d7GcvFd3WZxbMO7EiTW1U8wElS4=
-16,26,fKv8noXsM3rEDZniL3XTPW5WhAg=,a9aWSbhVdgoJqm1iMYJenknJYfg=
-9,25,fKv8noXsM3rEDZniL3XTPW5WhAg=,a9aWSbhVdgoJqm1iMYJenknJYfg=
-15,21,fKv8noXsM3rEDZniL3XTPW5WhAg=,d7GcvFd3WZxbMO7EiTW1U8wElS4=
-8,27,fKv8noXsM3rEDZniL3XTPW5WhAg=,vMio8bnnZ8Z97uToy7gI/GcaSBA=
-13,31,fKv8noXsM3rEDZniL3XTPW5WhAg=,a9aWSbhVdgoJqm1iMYJenknJYfg=
-7,27,fKv8noXsM3rEDZniL3XTPW5WhAg=,vMio8bnnZ8Z97uToy7gI/GcaSBA=
-14,21,fKv8noXsM3rEDZniL3XTPW5WhAg=,d7GcvFd3WZxbMO7EiTW1U8wElS4=
-13,28,fKv8noXsM3rEDZniL3XTPW5WhAg=,a9aWSbhVdgoJqm1iMYJenknJYfg=
-5,27,fKv8noXsM3rEDZniL3XTPW5WhAg=,vMio8bnnZ8Z97uToy7gI/GcaSBA=
-6,27,fKv8noXsM3rEDZniL3XTPW5WhAg=,vMio8bnnZ8Z97uToy7gI/GcaSBA=
-13,21,fKv8noXsM3rEDZniL3XTPW5WhAg=,d7GcvFd3WZxbMO7EiTW1U8wElS4=
-9,26,fKv8noXsM3rEDZniL3XTPW5WhAg=,a9aWSbhVdgoJqm1iMYJenknJYfg=
-15,29,fKv8noXsM3rEDZniL3XTPW5WhAg=,a9aWSbhVdgoJqm1iMYJenknJYfg=
-9,27,fKv8noXsM3rEDZniL3XTPW5WhAg=,a9aWSbhVdgoJqm1iMYJenknJYfg=
-16,25,fKv8noXsM3rEDZniL3XTPW5WhAg=,a9aWSbhVdgoJqm1iMYJenknJYfg=
-10,29,fKv8noXsM3rEDZniL3XTPW5WhAg=,a9aWSbhVdgoJqm1iMYJenknJYfg=
-11,29,fKv8noXsM3rEDZniL3XTPW5WhAg=,a9aWSbhVdgoJqm1iMYJenknJYfg=
-9,24,fKv8noXsM3rEDZniL3XTPW5WhAg=,a9aWSbhVdgoJqm1iMYJenknJYfg=
-11,30,fKv8noXsM3rEDZniL3XTPW5WhAg=,a9aWSbhVdgoJqm1iMYJenknJYfg=
-8,28,fKv8noXsM3rEDZniL3XTPW5WhAg=,vMio8bnnZ8Z97uToy7gI/GcaSBA=
-14,29,fKv8noXsM3rEDZniL3XTPW5WhAg=,a9aWSbhVdgoJqm1iMYJenknJYfg=
-15,25,fKv8noXsM3rEDZniL3XTPW5WhAg=,a9aWSbhVdgoJqm1iMYJenknJYfg=
-10,30,fKv8noXsM3rEDZniL3XTPW5WhAg=,a9aWSbhVdgoJqm1iMYJenknJYfg=
-15,30,fKv8noXsM3rEDZniL3XTPW5WhAg=,a9aWSbhVdgoJqm1iMYJenknJYfg=
-7,28,fKv8noXsM3rEDZniL3XTPW5WhAg=,vMio8bnnZ8Z97uToy7gI/GcaSBA=
-13,27,fKv8noXsM3rEDZniL3XTPW5WhAg=,a9aWSbhVdgoJqm1iMYJenknJYfg=
-5,28,fKv8noXsM3rEDZniL3XTPW5WhAg=,vMio8bnnZ8Z97uToy7gI/GcaSBA=
-8,29,fKv8noXsM3rEDZniL3XTPW5WhAg=,vMio8bnnZ8Z97uToy7gI/GcaSBA=
-14,30,fKv8noXsM3rEDZniL3XTPW5WhAg=,a9aWSbhVdgoJqm1iMYJenknJYfg=
-7,29,fKv8noXsM3rEDZniL3XTPW5WhAg=,vMio8bnnZ8Z97uToy7gI/GcaSBA=
-5,29,fKv8noXsM3rEDZniL3XTPW5WhAg=,vMio8bnnZ8Z97uToy7gI/GcaSBA=
-13,29,fKv8noXsM3rEDZniL3XTPW5WhAg=,a9aWSbhVdgoJqm1iMYJenknJYfg=
-8,30,fKv8noXsM3rEDZniL3XTPW5WhAg=,vMio8bnnZ8Z97uToy7gI/GcaSBA=
-13,23,fKv8noXsM3rEDZniL3XTPW5WhAg=,d7GcvFd3WZxbMO7EiTW1U8wElS4=
-12,29,fKv8noXsM3rEDZniL3XTPW5WhAg=,a9aWSbhVdgoJqm1iMYJenknJYfg=
-7,30,fKv8noXsM3rEDZniL3XTPW5WhAg=,vMio8bnnZ8Z97uToy7gI/GcaSBA=
-14,23,fKv8noXsM3rEDZniL3XTPW5WhAg=,d7GcvFd3WZxbMO7EiTW1U8wElS4=
-6,29,fKv8noXsM3rEDZniL3XTPW5WhAg=,vMio8bnnZ8Z97uToy7gI/GcaSBA=
-14,25,fKv8noXsM3rEDZniL3XTPW5WhAg=,a9aWSbhVdgoJqm1iMYJenknJYfg=
-14,31,fKv8noXsM3rEDZniL3XTPW5WhAg=,a9aWSbhVdgoJqm1iMYJenknJYfg=
-5,30,fKv8noXsM3rEDZniL3XTPW5WhAg=,vMio8bnnZ8Z97uToy7gI/GcaSBA=
-6,28,fKv8noXsM3rEDZniL3XTPW5WhAg=,vMio8bnnZ8Z97uToy7gI/GcaSBA=
-6,30,fKv8noXsM3rEDZniL3XTPW5WhAg=,vMio8bnnZ8Z97uToy7gI/GcaSBA=
-13,25,fKv8noXsM3rEDZniL3XTPW5WhAg=,a9aWSbhVdgoJqm1iMYJenknJYfg=
-9,28,fKv8noXsM3rEDZniL3XTPW5WhAg=,a9aWSbhVdgoJqm1iMYJenknJYfg=
-15,23,fKv8noXsM3rEDZniL3XTPW5WhAg=,d7GcvFd3WZxbMO7EiTW1U8wElS4=
-15,26,fKv8noXsM3rEDZniL3XTPW5WhAg=,a9aWSbhVdgoJqm1iMYJenknJYfg=
-15,24,fKv8noXsM3rEDZniL3XTPW5WhAg=,a9aWSbhVdgoJqm1iMYJenknJYfg=
-6,31,fKv8noXsM3rEDZniL3XTPW5WhAg=,vMio8bnnZ8Z97uToy7gI/GcaSBA=
-7,31,fKv8noXsM3rEDZniL3XTPW5WhAg=,vMio8bnnZ8Z97uToy7gI/GcaSBA=
-9,29,fKv8noXsM3rEDZniL3XTPW5WhAg=,a9aWSbhVdgoJqm1iMYJenknJYfg=
-16,30,fKv8noXsM3rEDZniL3XTPW5WhAg=,a9aWSbhVdgoJqm1iMYJenknJYfg=
-9,30,fKv8noXsM3rEDZniL3XTPW5WhAg=,a9aWSbhVdgoJqm1iMYJenknJYfg=
-12,30,fKv8noXsM3rEDZniL3XTPW5WhAg=,a9aWSbhVdgoJqm1iMYJenknJYfg=
-14,24,fKv8noXsM3rEDZniL3XTPW5WhAg=,a9aWSbhVdgoJqm1iMYJenknJYfg=
-16,29,fKv8noXsM3rEDZniL3XTPW5WhAg=,a9aWSbhVdgoJqm1iMYJenknJYfg=
-16,28,fKv8noXsM3rEDZniL3XTPW5WhAg=,a9aWSbhVdgoJqm1iMYJenknJYfg=
-16,31,fKv8noXsM3rEDZniL3XTPW5WhAg=,a9aWSbhVdgoJqm1iMYJenknJYfg=
-11,22,fKv8noXsM3rEDZniL3XTPW5WhAg=,d7GcvFd3WZxbMO7EiTW1U8wElS4=
-13,30,fKv8noXsM3rEDZniL3XTPW5WhAg=,a9aWSbhVdgoJqm1iMYJenknJYfg=
-14,26,fKv8noXsM3rEDZniL3XTPW5WhAg=,a9aWSbhVdgoJqm1iMYJenknJYfg=
-10,22,fKv8noXsM3rEDZniL3XTPW5WhAg=,d7GcvFd3WZxbMO7EiTW1U8wElS4=
-9,20,fKv8noXsM3rEDZniL3XTPW5WhAg=,d7GcvFd3WZxbMO7EiTW1U8wElS4=
-9,22,fKv8noXsM3rEDZniL3XTPW5WhAg=,d7GcvFd3WZxbMO7EiTW1U8wElS4=
-12,21,fKv8noXsM3rEDZniL3XTPW5WhAg=,d7GcvFd3WZxbMO7EiTW1U8wElS4=
-8,31,fKv8noXsM3rEDZniL3XTPW5WhAg=,vMio8bnnZ8Z97uToy7gI/GcaSBA=
-13,24,fKv8noXsM3rEDZniL3XTPW5WhAg=,a9aWSbhVdgoJqm1iMYJenknJYfg=
-11,23,fKv8noXsM3rEDZniL3XTPW5WhAg=,d7GcvFd3WZxbMO7EiTW1U8wElS4=
-11,21,fKv8noXsM3rEDZniL3XTPW5WhAg=,d7GcvFd3WZxbMO7EiTW1U8wElS4=
-12,23,fKv8noXsM3rEDZniL3XTPW5WhAg=,d7GcvFd3WZxbMO7EiTW1U8wElS4=
-14,27,fKv8noXsM3rEDZniL3XTPW5WhAg=,a9aWSbhVdgoJqm1iMYJenknJYfg=
-15,27,fKv8noXsM3rEDZniL3XTPW5WhAg=,a9aWSbhVdgoJqm1iMYJenknJYfg=
-13,26,fKv8noXsM3rEDZniL3XTPW5WhAg=,a9aWSbhVdgoJqm1iMYJenknJYfg=
-5,31,fKv8noXsM3rEDZniL3XTPW5WhAg=,vMio8bnnZ8Z97uToy7gI/GcaSBA=
-15,31,fKv8noXsM3rEDZniL3XTPW5WhAg=,a9aWSbhVdgoJqm1iMYJenknJYfg=
-12,7,hEZVv5CCz0RyEXKDa45yoffDgXc=,q5MaeBNzhcrZDieDNOFedQT65RM=
-12,10,hEZVv5CCz0RyEXKDa45yoffDgXc=,HCudQs6873IZc8Dpj3i5CPIOnkk=
-9,9,hEZVv5CCz0RyEXKDa45yoffDgXc=,HCudQs6873IZc8Dpj3i5CPIOnkk=
-9,15,hEZVv5CCz0RyEXKDa45yoffDgXc=,HCudQs6873IZc8Dpj3i5CPIOnkk=
-10,9,hEZVv5CCz0RyEXKDa45yoffDgXc=,HCudQs6873IZc8Dpj3i5CPIOnkk=
-11,10,hEZVv5CCz0RyEXKDa45yoffDgXc=,HCudQs6873IZc8Dpj3i5CPIOnkk=
-10,15,hEZVv5CCz0RyEXKDa45yoffDgXc=,HCudQs6873IZc8Dpj3i5CPIOnkk=
-10,10,hEZVv5CCz0RyEXKDa45yoffDgXc=,HCudQs6873IZc8Dpj3i5CPIOnkk=
-11,9,hEZVv5CCz0RyEXKDa45yoffDgXc=,HCudQs6873IZc8Dpj3i5CPIOnkk=
-11,15,hEZVv5CCz0RyEXKDa45yoffDgXc=,HCudQs6873IZc8Dpj3i5CPIOnkk=
-11,7,hEZVv5CCz0RyEXKDa45yoffDgXc=,q5MaeBNzhcrZDieDNOFedQT65RM=
-12,15,hEZVv5CCz0RyEXKDa45yoffDgXc=,HCudQs6873IZc8Dpj3i5CPIOnkk=
-10,7,hEZVv5CCz0RyEXKDa45yoffDgXc=,q5MaeBNzhcrZDieDNOFedQT65RM=
-8,11,hEZVv5CCz0RyEXKDa45yoffDgXc=,VBCQb89ekecim43ippo6wQ8DrZE=
-8,15,hEZVv5CCz0RyEXKDa45yoffDgXc=,VBCQb89ekecim43ippo6wQ8DrZE=
-9,10,hEZVv5CCz0RyEXKDa45yoffDgXc=,HCudQs6873IZc8Dpj3i5CPIOnkk=
-8,10,hEZVv5CCz0RyEXKDa45yoffDgXc=,VBCQb89ekecim43ippo6wQ8DrZE=
-10,14,hEZVv5CCz0RyEXKDa45yoffDgXc=,HCudQs6873IZc8Dpj3i5CPIOnkk=
-11,14,hEZVv5CCz0RyEXKDa45yoffDgXc=,HCudQs6873IZc8Dpj3i5CPIOnkk=
-8,12,hEZVv5CCz0RyEXKDa45yoffDgXc=,VBCQb89ekecim43ippo6wQ8DrZE=
-9,14,hEZVv5CCz0RyEXKDa45yoffDgXc=,HCudQs6873IZc8Dpj3i5CPIOnkk=
-8,9,hEZVv5CCz0RyEXKDa45yoffDgXc=,VBCQb89ekecim43ippo6wQ8DrZE=
-12,8,hEZVv5CCz0RyEXKDa45yoffDgXc=,HCudQs6873IZc8Dpj3i5CPIOnkk=
-12,9,hEZVv5CCz0RyEXKDa45yoffDgXc=,HCudQs6873IZc8Dpj3i5CPIOnkk=
-11,8,hEZVv5CCz0RyEXKDa45yoffDgXc=,HCudQs6873IZc8Dpj3i5CPIOnkk=
-5,15,hEZVv5CCz0RyEXKDa45yoffDgXc=,VBCQb89ekecim43ippo6wQ8DrZE=
-12,11,hEZVv5CCz0RyEXKDa45yoffDgXc=,HCudQs6873IZc8Dpj3i5CPIOnkk=
-11,11,hEZVv5CCz0RyEXKDa45yoffDgXc=,HCudQs6873IZc8Dpj3i5CPIOnkk=
-10,11,hEZVv5CCz0RyEXKDa45yoffDgXc=,HCudQs6873IZc8Dpj3i5CPIOnkk=
-9,11,hEZVv5CCz0RyEXKDa45yoffDgXc=,HCudQs6873IZc8Dpj3i5CPIOnkk=
-8,8,hEZVv5CCz0RyEXKDa45yoffDgXc=,VBCQb89ekecim43ippo6wQ8DrZE=
-9,7,hEZVv5CCz0RyEXKDa45yoffDgXc=,q5MaeBNzhcrZDieDNOFedQT65RM=
-6,15,hEZVv5CCz0RyEXKDa45yoffDgXc=,VBCQb89ekecim43ippo6wQ8DrZE=
-9,8,hEZVv5CCz0RyEXKDa45yoffDgXc=,HCudQs6873IZc8Dpj3i5CPIOnkk=
-8,7,hEZVv5CCz0RyEXKDa45yoffDgXc=,E/QvxgrBKdjg5SuVNPZtDTuAWOo=
-12,12,hEZVv5CCz0RyEXKDa45yoffDgXc=,HCudQs6873IZc8Dpj3i5CPIOnkk=
-7,15,hEZVv5CCz0RyEXKDa45yoffDgXc=,VBCQb89ekecim43ippo6wQ8DrZE=
-11,12,hEZVv5CCz0RyEXKDa45yoffDgXc=,HCudQs6873IZc8Dpj3i5CPIOnkk=
-8,6,hEZVv5CCz0RyEXKDa45yoffDgXc=,E/QvxgrBKdjg5SuVNPZtDTuAWOo=
-9,6,hEZVv5CCz0RyEXKDa45yoffDgXc=,q5MaeBNzhcrZDieDNOFedQT65RM=
-10,12,hEZVv5CCz0RyEXKDa45yoffDgXc=,HCudQs6873IZc8Dpj3i5CPIOnkk=
-10,6,hEZVv5CCz0RyEXKDa45yoffDgXc=,q5MaeBNzhcrZDieDNOFedQT65RM=
-9,12,hEZVv5CCz0RyEXKDa45yoffDgXc=,HCudQs6873IZc8Dpj3i5CPIOnkk=
-11,6,hEZVv5CCz0RyEXKDa45yoffDgXc=,q5MaeBNzhcrZDieDNOFedQT65RM=
-5,14,hEZVv5CCz0RyEXKDa45yoffDgXc=,VBCQb89ekecim43ippo6wQ8DrZE=
-8,13,hEZVv5CCz0RyEXKDa45yoffDgXc=,VBCQb89ekecim43ippo6wQ8DrZE=
-8,5,hEZVv5CCz0RyEXKDa45yoffDgXc=,E/QvxgrBKdjg5SuVNPZtDTuAWOo=
-12,13,hEZVv5CCz0RyEXKDa45yoffDgXc=,HCudQs6873IZc8Dpj3i5CPIOnkk=
-11,5,hEZVv5CCz0RyEXKDa45yoffDgXc=,q5MaeBNzhcrZDieDNOFedQT65RM=
-11,13,hEZVv5CCz0RyEXKDa45yoffDgXc=,HCudQs6873IZc8Dpj3i5CPIOnkk=
-12,5,hEZVv5CCz0RyEXKDa45yoffDgXc=,q5MaeBNzhcrZDieDNOFedQT65RM=
-6,14,oGKa+MoMquEWJoVGIJ3S0u6bT78=,VBCQb89ekecim43ippo6wQ8DrZE=
-10,13,oGKa+MoMquEWJoVGIJ3S0u6bT78=,HCudQs6873IZc8Dpj3i5CPIOnkk=
-9,4,oGKa+MoMquEWJoVGIJ3S0u6bT78=,q5MaeBNzhcrZDieDNOFedQT65RM=
-9,13,oGKa+MoMquEWJoVGIJ3S0u6bT78=,HCudQs6873IZc8Dpj3i5CPIOnkk=
-10,8,oGKa+MoMquEWJoVGIJ3S0u6bT78=,HCudQs6873IZc8Dpj3i5CPIOnkk=
-7,14,oGKa+MoMquEWJoVGIJ3S0u6bT78=,VBCQb89ekecim43ippo6wQ8DrZE=
-8,4,oGKa+MoMquEWJoVGIJ3S0u6bT78=,E/QvxgrBKdjg5SuVNPZtDTuAWOo=
-10,4,oGKa+MoMquEWJoVGIJ3S0u6bT78=,q5MaeBNzhcrZDieDNOFedQT65RM=
-8,14,oGKa+MoMquEWJoVGIJ3S0u6bT78=,VBCQb89ekecim43ippo6wQ8DrZE=
-11,4,oGKa+MoMquEWJoVGIJ3S0u6bT78=,q5MaeBNzhcrZDieDNOFedQT65RM=
-12,14,oGKa+MoMquEWJoVGIJ3S0u6bT78=,HCudQs6873IZc8Dpj3i5CPIOnkk=
-12,4,oGKa+MoMquEWJoVGIJ3S0u6bT78=,q5MaeBNzhcrZDieDNOFedQT65RM=
-12,6,oGKa+MoMquEWJoVGIJ3S0u6bT78=,q5MaeBNzhcrZDieDNOFedQT65RM=
-9,5,oGKa+MoMquEWJoVGIJ3S0u6bT78=,q5MaeBNzhcrZDieDNOFedQT65RM=
-10,5,oGKa+MoMquEWJoVGIJ3S0u6bT78=,q5MaeBNzhcrZDieDNOFedQT65RM=
-5,9,oGKa+MoMquEWJoVGIJ3S0u6bT78=,VBCQb89ekecim43ippo6wQ8DrZE=
-6,13,oGKa+MoMquEWJoVGIJ3S0u6bT78=,VBCQb89ekecim43ippo6wQ8DrZE=
-5,13,oGKa+MoMquEWJoVGIJ3S0u6bT78=,VBCQb89ekecim43ippo6wQ8DrZE=
-7,13,oGKa+MoMquEWJoVGIJ3S0u6bT78=,VBCQb89ekecim43ippo6wQ8DrZE=
-6,9,oGKa+MoMquEWJoVGIJ3S0u6bT78=,VBCQb89ekecim43ippo6wQ8DrZE=
-16,15,oGKa+MoMquEWJoVGIJ3S0u6bT78=,HCudQs6873IZc8Dpj3i5CPIOnkk=
-7,9,oGKa+MoMquEWJoVGIJ3S0u6bT78=,VBCQb89ekecim43ippo6wQ8DrZE=
-16,14,oGKa+MoMquEWJoVGIJ3S0u6bT78=,HCudQs6873IZc8Dpj3i5CPIOnkk=
-6,12,oGKa+MoMquEWJoVGIJ3S0u6bT78=,VBCQb89ekecim43ippo6wQ8DrZE=
-5,8,oGKa+MoMquEWJoVGIJ3S0u6bT78=,VBCQb89ekecim43ippo6wQ8DrZE=
-16,13,oGKa+MoMquEWJoVGIJ3S0u6bT78=,HCudQs6873IZc8Dpj3i5CPIOnkk=
-16,6,oGKa+MoMquEWJoVGIJ3S0u6bT78=,q5MaeBNzhcrZDieDNOFedQT65RM=
-16,12,oGKa+MoMquEWJoVGIJ3S0u6bT78=,HCudQs6873IZc8Dpj3i5CPIOnkk=
-16,8,oGKa+MoMquEWJoVGIJ3S0u6bT78=,HCudQs6873IZc8Dpj3i5CPIOnkk=
-13,14,oGKa+MoMquEWJoVGIJ3S0u6bT78=,HCudQs6873IZc8Dpj3i5CPIOnkk=
-7,12,oGKa+MoMquEWJoVGIJ3S0u6bT78=,VBCQb89ekecim43ippo6wQ8DrZE=
-16,10,oGKa+MoMquEWJoVGIJ3S0u6bT78=,HCudQs6873IZc8Dpj3i5CPIOnkk=
-16,11,oGKa+MoMquEWJoVGIJ3S0u6bT78=,HCudQs6873IZc8Dpj3i5CPIOnkk=
-16,9,oGKa+MoMquEWJoVGIJ3S0u6bT78=,HCudQs6873IZc8Dpj3i5CPIOnkk=
-6,8,oGKa+MoMquEWJoVGIJ3S0u6bT78=,VBCQb89ekecim43ippo6wQ8DrZE=
-14,14,oGKa+MoMquEWJoVGIJ3S0u6bT78=,HCudQs6873IZc8Dpj3i5CPIOnkk=
-15,14,oGKa+MoMquEWJoVGIJ3S0u6bT78=,HCudQs6873IZc8Dpj3i5CPIOnkk=
-13,11,oGKa+MoMquEWJoVGIJ3S0u6bT78=,HCudQs6873IZc8Dpj3i5CPIOnkk=
-14,11,oGKa+MoMquEWJoVGIJ3S0u6bT78=,HCudQs6873IZc8Dpj3i5CPIOnkk=
-13,8,oGKa+MoMquEWJoVGIJ3S0u6bT78=,HCudQs6873IZc8Dpj3i5CPIOnkk=
-13,13,oGKa+MoMquEWJoVGIJ3S0u6bT78=,HCudQs6873IZc8Dpj3i5CPIOnkk=
-14,13,oGKa+MoMquEWJoVGIJ3S0u6bT78=,HCudQs6873IZc8Dpj3i5CPIOnkk=
-15,11,oGKa+MoMquEWJoVGIJ3S0u6bT78=,HCudQs6873IZc8Dpj3i5CPIOnkk=
-13,10,oGKa+MoMquEWJoVGIJ3S0u6bT78=,HCudQs6873IZc8Dpj3i5CPIOnkk=
-7,8,oGKa+MoMquEWJoVGIJ3S0u6bT78=,VBCQb89ekecim43ippo6wQ8DrZE=
-14,10,oGKa+MoMquEWJoVGIJ3S0u6bT78=,HCudQs6873IZc8Dpj3i5CPIOnkk=
-15,13,oGKa+MoMquEWJoVGIJ3S0u6bT78=,HCudQs6873IZc8Dpj3i5CPIOnkk=
-15,10,oGKa+MoMquEWJoVGIJ3S0u6bT78=,HCudQs6873IZc8Dpj3i5CPIOnkk=
-15,7,oGKa+MoMquEWJoVGIJ3S0u6bT78=,q5MaeBNzhcrZDieDNOFedQT65RM=
-14,7,oGKa+MoMquEWJoVGIJ3S0u6bT78=,q5MaeBNzhcrZDieDNOFedQT65RM=
-13,12,oGKa+MoMquEWJoVGIJ3S0u6bT78=,HCudQs6873IZc8Dpj3i5CPIOnkk=
-13,7,oGKa+MoMquEWJoVGIJ3S0u6bT78=,q5MaeBNzhcrZDieDNOFedQT65RM=
-15,12,oGKa+MoMquEWJoVGIJ3S0u6bT78=,HCudQs6873IZc8Dpj3i5CPIOnkk=
-14,12,oGKa+MoMquEWJoVGIJ3S0u6bT78=,HCudQs6873IZc8Dpj3i5CPIOnkk=
-5,7,oGKa+MoMquEWJoVGIJ3S0u6bT78=,E/QvxgrBKdjg5SuVNPZtDTuAWOo=
-13,15,oGKa+MoMquEWJoVGIJ3S0u6bT78=,HCudQs6873IZc8Dpj3i5CPIOnkk=
-14,8,oGKa+MoMquEWJoVGIJ3S0u6bT78=,HCudQs6873IZc8Dpj3i5CPIOnkk=
-14,15,oGKa+MoMquEWJoVGIJ3S0u6bT78=,HCudQs6873IZc8Dpj3i5CPIOnkk=
-15,8,oGKa+MoMquEWJoVGIJ3S0u6bT78=,HCudQs6873IZc8Dpj3i5CPIOnkk=
-15,15,oGKa+MoMquEWJoVGIJ3S0u6bT78=,HCudQs6873IZc8Dpj3i5CPIOnkk=
-13,9,oGKa+MoMquEWJoVGIJ3S0u6bT78=,HCudQs6873IZc8Dpj3i5CPIOnkk=
-14,9,oGKa+MoMquEWJoVGIJ3S0u6bT78=,HCudQs6873IZc8Dpj3i5CPIOnkk=
-15,9,oGKa+MoMquEWJoVGIJ3S0u6bT78=,HCudQs6873IZc8Dpj3i5CPIOnkk=
-13,4,oGKa+MoMquEWJoVGIJ3S0u6bT78=,q5MaeBNzhcrZDieDNOFedQT65RM=
-6,7,oGKa+MoMquEWJoVGIJ3S0u6bT78=,E/QvxgrBKdjg5SuVNPZtDTuAWOo=
-14,4,oGKa+MoMquEWJoVGIJ3S0u6bT78=,q5MaeBNzhcrZDieDNOFedQT65RM=
-13,5,oGKa+MoMquEWJoVGIJ3S0u6bT78=,q5MaeBNzhcrZDieDNOFedQT65RM=
-5,12,oGKa+MoMquEWJoVGIJ3S0u6bT78=,VBCQb89ekecim43ippo6wQ8DrZE=
-14,5,oGKa+MoMquEWJoVGIJ3S0u6bT78=,q5MaeBNzhcrZDieDNOFedQT65RM=
-15,5,oGKa+MoMquEWJoVGIJ3S0u6bT78=,q5MaeBNzhcrZDieDNOFedQT65RM=
-15,4,oGKa+MoMquEWJoVGIJ3S0u6bT78=,q5MaeBNzhcrZDieDNOFedQT65RM=
-7,7,oGKa+MoMquEWJoVGIJ3S0u6bT78=,E/QvxgrBKdjg5SuVNPZtDTuAWOo=
-13,6,oGKa+MoMquEWJoVGIJ3S0u6bT78=,q5MaeBNzhcrZDieDNOFedQT65RM=
-14,6,oGKa+MoMquEWJoVGIJ3S0u6bT78=,q5MaeBNzhcrZDieDNOFedQT65RM=
-16,7,oGKa+MoMquEWJoVGIJ3S0u6bT78=,q5MaeBNzhcrZDieDNOFedQT65RM=
-16,5,oGKa+MoMquEWJoVGIJ3S0u6bT78=,q5MaeBNzhcrZDieDNOFedQT65RM=
-16,4,oGKa+MoMquEWJoVGIJ3S0u6bT78=,q5MaeBNzhcrZDieDNOFedQT65RM=
-5,11,oGKa+MoMquEWJoVGIJ3S0u6bT78=,VBCQb89ekecim43ippo6wQ8DrZE=
-15,6,oGKa+MoMquEWJoVGIJ3S0u6bT78=,q5MaeBNzhcrZDieDNOFedQT65RM=
-7,11,oGKa+MoMquEWJoVGIJ3S0u6bT78=,VBCQb89ekecim43ippo6wQ8DrZE=
-6,11,oGKa+MoMquEWJoVGIJ3S0u6bT78=,VBCQb89ekecim43ippo6wQ8DrZE=
-6,10,oGKa+MoMquEWJoVGIJ3S0u6bT78=,VBCQb89ekecim43ippo6wQ8DrZE=
-5,10,oGKa+MoMquEWJoVGIJ3S0u6bT78=,VBCQb89ekecim43ippo6wQ8DrZE=
-7,10,oGKa+MoMquEWJoVGIJ3S0u6bT78=,VBCQb89ekecim43ippo6wQ8DrZE=
-6,6,oGKa+MoMquEWJoVGIJ3S0u6bT78=,E/QvxgrBKdjg5SuVNPZtDTuAWOo=
-5,6,oGKa+MoMquEWJoVGIJ3S0u6bT78=,E/QvxgrBKdjg5SuVNPZtDTuAWOo=
-13,0,oGKa+MoMquEWJoVGIJ3S0u6bT78=,q5MaeBNzhcrZDieDNOFedQT65RM=
-16,0,oGKa+MoMquEWJoVGIJ3S0u6bT78=,q5MaeBNzhcrZDieDNOFedQT65RM=
-14,0,oGKa+MoMquEWJoVGIJ3S0u6bT78=,q5MaeBNzhcrZDieDNOFedQT65RM=
-7,6,oGKa+MoMquEWJoVGIJ3S0u6bT78=,E/QvxgrBKdjg5SuVNPZtDTuAWOo=
-10,0,oGKa+MoMquEWJoVGIJ3S0u6bT78=,q5MaeBNzhcrZDieDNOFedQT65RM=
-9,0,oGKa+MoMquEWJoVGIJ3S0u6bT78=,q5MaeBNzhcrZDieDNOFedQT65RM=
-8,0,oGKa+MoMquEWJoVGIJ3S0u6bT78=,E/QvxgrBKdjg5SuVNPZtDTuAWOo=
-11,0,oGKa+MoMquEWJoVGIJ3S0u6bT78=,q5MaeBNzhcrZDieDNOFedQT65RM=
-5,5,oGKa+MoMquEWJoVGIJ3S0u6bT78=,E/QvxgrBKdjg5SuVNPZtDTuAWOo=
-12,0,oGKa+MoMquEWJoVGIJ3S0u6bT78=,q5MaeBNzhcrZDieDNOFedQT65RM=
-7,1,oGKa+MoMquEWJoVGIJ3S0u6bT78=,E/QvxgrBKdjg5SuVNPZtDTuAWOo=
-15,0,oGKa+MoMquEWJoVGIJ3S0u6bT78=,q5MaeBNzhcrZDieDNOFedQT65RM=
-6,1,oGKa+MoMquEWJoVGIJ3S0u6bT78=,E/QvxgrBKdjg5SuVNPZtDTuAWOo=
-7,2,oGKa+MoMquEWJoVGIJ3S0u6bT78=,E/QvxgrBKdjg5SuVNPZtDTuAWOo=
-5,1,oGKa+MoMquEWJoVGIJ3S0u6bT78=,E/QvxgrBKdjg5SuVNPZtDTuAWOo=
-6,2,oGKa+MoMquEWJoVGIJ3S0u6bT78=,E/QvxgrBKdjg5SuVNPZtDTuAWOo=
-5,2,oGKa+MoMquEWJoVGIJ3S0u6bT78=,E/QvxgrBKdjg5SuVNPZtDTuAWOo=
-7,3,oGKa+MoMquEWJoVGIJ3S0u6bT78=,E/QvxgrBKdjg5SuVNPZtDTuAWOo=
-6,3,oGKa+MoMquEWJoVGIJ3S0u6bT78=,E/QvxgrBKdjg5SuVNPZtDTuAWOo=
-5,3,oGKa+MoMquEWJoVGIJ3S0u6bT78=,E/QvxgrBKdjg5SuVNPZtDTuAWOo=
-16,3,oGKa+MoMquEWJoVGIJ3S0u6bT78=,q5MaeBNzhcrZDieDNOFedQT65RM=
-14,3,oGKa+MoMquEWJoVGIJ3S0u6bT78=,q5MaeBNzhcrZDieDNOFedQT65RM=
-16,1,oGKa+MoMquEWJoVGIJ3S0u6bT78=,q5MaeBNzhcrZDieDNOFedQT65RM=
-15,2,oGKa+MoMquEWJoVGIJ3S0u6bT78=,q5MaeBNzhcrZDieDNOFedQT65RM=
-1,0,oGKa+MoMquEWJoVGIJ3S0u6bT78=,E/QvxgrBKdjg5SuVNPZtDTuAWOo=
-16,2,oGKa+MoMquEWJoVGIJ3S0u6bT78=,q5MaeBNzhcrZDieDNOFedQT65RM=
-5,0,oGKa+MoMquEWJoVGIJ3S0u6bT78=,E/QvxgrBKdjg5SuVNPZtDTuAWOo=
-7,4,oGKa+MoMquEWJoVGIJ3S0u6bT78=,E/QvxgrBKdjg5SuVNPZtDTuAWOo=
-7,5,oGKa+MoMquEWJoVGIJ3S0u6bT78=,E/QvxgrBKdjg5SuVNPZtDTuAWOo=
-6,0,oGKa+MoMquEWJoVGIJ3S0u6bT78=,E/QvxgrBKdjg5SuVNPZtDTuAWOo=
-2,0,oGKa+MoMquEWJoVGIJ3S0u6bT78=,E/QvxgrBKdjg5SuVNPZtDTuAWOo=
-6,4,oGKa+MoMquEWJoVGIJ3S0u6bT78=,E/QvxgrBKdjg5SuVNPZtDTuAWOo=
-5,4,oGKa+MoMquEWJoVGIJ3S0u6bT78=,E/QvxgrBKdjg5SuVNPZtDTuAWOo=
-14,2,oGKa+MoMquEWJoVGIJ3S0u6bT78=,q5MaeBNzhcrZDieDNOFedQT65RM=
-7,0,oGKa+MoMquEWJoVGIJ3S0u6bT78=,E/QvxgrBKdjg5SuVNPZtDTuAWOo=
-4,9,oGKa+MoMquEWJoVGIJ3S0u6bT78=,VBCQb89ekecim43ippo6wQ8DrZE=
-3,9,oGKa+MoMquEWJoVGIJ3S0u6bT78=,VBCQb89ekecim43ippo6wQ8DrZE=
-13,3,oGKa+MoMquEWJoVGIJ3S0u6bT78=,q5MaeBNzhcrZDieDNOFedQT65RM=
-1,8,oGKa+MoMquEWJoVGIJ3S0u6bT78=,VBCQb89ekecim43ippo6wQ8DrZE=
-4,6,oGKa+MoMquEWJoVGIJ3S0u6bT78=,E/QvxgrBKdjg5SuVNPZtDTuAWOo=
-2,9,oGKa+MoMquEWJoVGIJ3S0u6bT78=,VBCQb89ekecim43ippo6wQ8DrZE=
-3,0,oGKa+MoMquEWJoVGIJ3S0u6bT78=,E/QvxgrBKdjg5SuVNPZtDTuAWOo=
-15,3,oGKa+MoMquEWJoVGIJ3S0u6bT78=,q5MaeBNzhcrZDieDNOFedQT65RM=
-3,6,oGKa+MoMquEWJoVGIJ3S0u6bT78=,E/QvxgrBKdjg5SuVNPZtDTuAWOo=
-9,1,oGKa+MoMquEWJoVGIJ3S0u6bT78=,q5MaeBNzhcrZDieDNOFedQT65RM=
-4,1,oGKa+MoMquEWJoVGIJ3S0u6bT78=,E/QvxgrBKdjg5SuVNPZtDTuAWOo=
-1,6,oGKa+MoMquEWJoVGIJ3S0u6bT78=,E/QvxgrBKdjg5SuVNPZtDTuAWOo=
-10,1,oGKa+MoMquEWJoVGIJ3S0u6bT78=,q5MaeBNzhcrZDieDNOFedQT65RM=
-4,0,oGKa+MoMquEWJoVGIJ3S0u6bT78=,E/QvxgrBKdjg5SuVNPZtDTuAWOo=
-2,6,oGKa+MoMquEWJoVGIJ3S0u6bT78=,E/QvxgrBKdjg5SuVNPZtDTuAWOo=
-1,7,oGKa+MoMquEWJoVGIJ3S0u6bT78=,E/QvxgrBKdjg5SuVNPZtDTuAWOo=
-8,3,oGKa+MoMquEWJoVGIJ3S0u6bT78=,E/QvxgrBKdjg5SuVNPZtDTuAWOo=
-6,5,oGKa+MoMquEWJoVGIJ3S0u6bT78=,E/QvxgrBKdjg5SuVNPZtDTuAWOo=
-9,3,oGKa+MoMquEWJoVGIJ3S0u6bT78=,q5MaeBNzhcrZDieDNOFedQT65RM=
-4,4,oGKa+MoMquEWJoVGIJ3S0u6bT78=,E/QvxgrBKdjg5SuVNPZtDTuAWOo=
-3,4,oGKa+MoMquEWJoVGIJ3S0u6bT78=,E/QvxgrBKdjg5SuVNPZtDTuAWOo=
-1,3,oGKa+MoMquEWJoVGIJ3S0u6bT78=,E/QvxgrBKdjg5SuVNPZtDTuAWOo=
-9,2,oGKa+MoMquEWJoVGIJ3S0u6bT78=,q5MaeBNzhcrZDieDNOFedQT65RM=
-2,4,oGKa+MoMquEWJoVGIJ3S0u6bT78=,E/QvxgrBKdjg5SuVNPZtDTuAWOo=
-4,10,oGKa+MoMquEWJoVGIJ3S0u6bT78=,VBCQb89ekecim43ippo6wQ8DrZE=
-3,1,oGKa+MoMquEWJoVGIJ3S0u6bT78=,E/QvxgrBKdjg5SuVNPZtDTuAWOo=
-1,15,oGKa+MoMquEWJoVGIJ3S0u6bT78=,VBCQb89ekecim43ippo6wQ8DrZE=
-10,3,oGKa+MoMquEWJoVGIJ3S0u6bT78=,q5MaeBNzhcrZDieDNOFedQT65RM=
-11,1,oGKa+MoMquEWJoVGIJ3S0u6bT78=,q5MaeBNzhcrZDieDNOFedQT65RM=
-3,10,oGKa+MoMquEWJoVGIJ3S0u6bT78=,VBCQb89ekecim43ippo6wQ8DrZE=
-2,3,oGKa+MoMquEWJoVGIJ3S0u6bT78=,E/QvxgrBKdjg5SuVNPZtDTuAWOo=
-1,4,oGKa+MoMquEWJoVGIJ3S0u6bT78=,E/QvxgrBKdjg5SuVNPZtDTuAWOo=
-4,5,oGKa+MoMquEWJoVGIJ3S0u6bT78=,E/QvxgrBKdjg5SuVNPZtDTuAWOo=
-8,2,oGKa+MoMquEWJoVGIJ3S0u6bT78=,E/QvxgrBKdjg5SuVNPZtDTuAWOo=
-2,10,oGKa+MoMquEWJoVGIJ3S0u6bT78=,VBCQb89ekecim43ippo6wQ8DrZE=
-2,1,oGKa+MoMquEWJoVGIJ3S0u6bT78=,E/QvxgrBKdjg5SuVNPZtDTuAWOo=
-3,5,oGKa+MoMquEWJoVGIJ3S0u6bT78=,E/QvxgrBKdjg5SuVNPZtDTuAWOo=
-2,7,oGKa+MoMquEWJoVGIJ3S0u6bT78=,E/QvxgrBKdjg5SuVNPZtDTuAWOo=
-1,1,oGKa+MoMquEWJoVGIJ3S0u6bT78=,E/QvxgrBKdjg5SuVNPZtDTuAWOo=
-12,1,oGKa+MoMquEWJoVGIJ3S0u6bT78=,q5MaeBNzhcrZDieDNOFedQT65RM=
-12,3,oGKa+MoMquEWJoVGIJ3S0u6bT78=,q5MaeBNzhcrZDieDNOFedQT65RM=
-2,5,oGKa+MoMquEWJoVGIJ3S0u6bT78=,E/QvxgrBKdjg5SuVNPZtDTuAWOo=
-10,2,oGKa+MoMquEWJoVGIJ3S0u6bT78=,q5MaeBNzhcrZDieDNOFedQT65RM=
-3,3,oGKa+MoMquEWJoVGIJ3S0u6bT78=,E/QvxgrBKdjg5SuVNPZtDTuAWOo=
-3,7,oGKa+MoMquEWJoVGIJ3S0u6bT78=,E/QvxgrBKdjg5SuVNPZtDTuAWOo=
-11,3,oGKa+MoMquEWJoVGIJ3S0u6bT78=,q5MaeBNzhcrZDieDNOFedQT65RM=
-4,2,oGKa+MoMquEWJoVGIJ3S0u6bT78=,E/QvxgrBKdjg5SuVNPZtDTuAWOo=
-1,5,oGKa+MoMquEWJoVGIJ3S0u6bT78=,E/QvxgrBKdjg5SuVNPZtDTuAWOo=
-11,2,oGKa+MoMquEWJoVGIJ3S0u6bT78=,q5MaeBNzhcrZDieDNOFedQT65RM=
-2,2,oGKa+MoMquEWJoVGIJ3S0u6bT78=,E/QvxgrBKdjg5SuVNPZtDTuAWOo=
-1,14,oGKa+MoMquEWJoVGIJ3S0u6bT78=,VBCQb89ekecim43ippo6wQ8DrZE=
-1,2,oGKa+MoMquEWJoVGIJ3S0u6bT78=,E/QvxgrBKdjg5SuVNPZtDTuAWOo=
-8,1,oGKa+MoMquEWJoVGIJ3S0u6bT78=,E/QvxgrBKdjg5SuVNPZtDTuAWOo=
-3,2,oGKa+MoMquEWJoVGIJ3S0u6bT78=,E/QvxgrBKdjg5SuVNPZtDTuAWOo=
-4,3,oGKa+MoMquEWJoVGIJ3S0u6bT78=,E/QvxgrBKdjg5SuVNPZtDTuAWOo=
-12,2,oGKa+MoMquEWJoVGIJ3S0u6bT78=,q5MaeBNzhcrZDieDNOFedQT65RM=
-2,11,oGKa+MoMquEWJoVGIJ3S0u6bT78=,VBCQb89ekecim43ippo6wQ8DrZE=
-13,1,oGKa+MoMquEWJoVGIJ3S0u6bT78=,q5MaeBNzhcrZDieDNOFedQT65RM=
-4,12,oGKa+MoMquEWJoVGIJ3S0u6bT78=,VBCQb89ekecim43ippo6wQ8DrZE=
-4,7,oGKa+MoMquEWJoVGIJ3S0u6bT78=,E/QvxgrBKdjg5SuVNPZtDTuAWOo=
-14,1,oGKa+MoMquEWJoVGIJ3S0u6bT78=,q5MaeBNzhcrZDieDNOFedQT65RM=
-3,12,oGKa+MoMquEWJoVGIJ3S0u6bT78=,VBCQb89ekecim43ippo6wQ8DrZE=
-3,11,oGKa+MoMquEWJoVGIJ3S0u6bT78=,VBCQb89ekecim43ippo6wQ8DrZE=
-4,11,oGKa+MoMquEWJoVGIJ3S0u6bT78=,VBCQb89ekecim43ippo6wQ8DrZE=
-2,12,oGKa+MoMquEWJoVGIJ3S0u6bT78=,VBCQb89ekecim43ippo6wQ8DrZE=
-13,2,oGKa+MoMquEWJoVGIJ3S0u6bT78=,q5MaeBNzhcrZDieDNOFedQT65RM=
-15,1,oGKa+MoMquEWJoVGIJ3S0u6bT78=,q5MaeBNzhcrZDieDNOFedQT65RM=
-3,13,oGKa+MoMquEWJoVGIJ3S0u6bT78=,VBCQb89ekecim43ippo6wQ8DrZE=
-3,14,oGKa+MoMquEWJoVGIJ3S0u6bT78=,VBCQb89ekecim43ippo6wQ8DrZE=
-4,13,oGKa+MoMquEWJoVGIJ3S0u6bT78=,VBCQb89ekecim43ippo6wQ8DrZE=
-4,14,oGKa+MoMquEWJoVGIJ3S0u6bT78=,VBCQb89ekecim43ippo6wQ8DrZE=
-4,8,oGKa+MoMquEWJoVGIJ3S0u6bT78=,VBCQb89ekecim43ippo6wQ8DrZE=
-1,13,oGKa+MoMquEWJoVGIJ3S0u6bT78=,VBCQb89ekecim43ippo6wQ8DrZE=
-3,8,oGKa+MoMquEWJoVGIJ3S0u6bT78=,VBCQb89ekecim43ippo6wQ8DrZE=
-3,15,oGKa+MoMquEWJoVGIJ3S0u6bT78=,VBCQb89ekecim43ippo6wQ8DrZE=
-4,15,oGKa+MoMquEWJoVGIJ3S0u6bT78=,VBCQb89ekecim43ippo6wQ8DrZE=
-1,9,oGKa+MoMquEWJoVGIJ3S0u6bT78=,VBCQb89ekecim43ippo6wQ8DrZE=
-2,14,oGKa+MoMquEWJoVGIJ3S0u6bT78=,VBCQb89ekecim43ippo6wQ8DrZE=
-2,8,oGKa+MoMquEWJoVGIJ3S0u6bT78=,VBCQb89ekecim43ippo6wQ8DrZE=
-1,10,oGKa+MoMquEWJoVGIJ3S0u6bT78=,VBCQb89ekecim43ippo6wQ8DrZE=
-2,15,oGKa+MoMquEWJoVGIJ3S0u6bT78=,VBCQb89ekecim43ippo6wQ8DrZE=
-2,13,oGKa+MoMquEWJoVGIJ3S0u6bT78=,VBCQb89ekecim43ippo6wQ8DrZE=
-1,12,oGKa+MoMquEWJoVGIJ3S0u6bT78=,VBCQb89ekecim43ippo6wQ8DrZE=
-1,11,oGKa+MoMquEWJoVGIJ3S0u6bT78=,VBCQb89ekecim43ippo6wQ8DrZE=
