-12,-12,oBX17Indu/5yUBeLa4CG709g38w=,WuEqoIJX43D7C240uhs0udXJzxY=
-8,-10,GVqFxiYjfm+Ms0+Nkn8l3o7hST8=,EjbgvX9wdLOVdqS3UQoyLEEl3pM=
-8,-9,GVqFxiYjfm+Ms0+Nkn8l3o7hST8=,EjbgvX9wdLOVdqS3UQoyLEEl3pM=
-9,-12,GVqFxiYjfm+Ms0+Nkn8l3o7hST8=,WuEqoIJX43D7C240uhs0udXJzxY=
-11,-12,GVqFxiYjfm+Ms0+Nkn8l3o7hST8=,WuEqoIJX43D7C240uhs0udXJzxY=
-12,-5,GVqFxiYjfm+Ms0+Nkn8l3o7hST8=,Wv063J5nj7MuM4RkiEoKC90PIms=
-10,-12,GVqFxiYjfm+Ms0+Nkn8l3o7hST8=,WuEqoIJX43D7C240uhs0udXJzxY=
-10,-5,GVqFxiYjfm+Ms0+Nkn8l3o7hST8=,Wv063J5nj7MuM4RkiEoKC90PIms=
-11,-5,GVqFxiYjfm+Ms0+Nkn8l3o7hST8=,Wv063J5nj7MuM4RkiEoKC90PIms=
-12,-7,GVqFxiYjfm+Ms0+Nkn8l3o7hST8=,Wv063J5nj7MuM4RkiEoKC90PIms=
-11,-7,GVqFxiYjfm+Ms0+Nkn8l3o7hST8=,Wv063J5nj7MuM4RkiEoKC90PIms=
-10,-7,GVqFxiYjfm+Ms0+Nkn8l3o7hST8=,Wv063J5nj7MuM4RkiEoKC90PIms=
-9,-2,GVqFxiYjfm+Ms0+Nkn8l3o7hST8=,Wv063J5nj7MuM4RkiEoKC90PIms=
-9,-3,GVqFxiYjfm+Ms0+Nkn8l3o7hST8=,Wv063J5nj7MuM4RkiEoKC90PIms=
-9,-4,GVqFxiYjfm+Ms0+Nkn8l3o7hST8=,Wv063J5nj7MuM4RkiEoKC90PIms=
-12,-6,GVqFxiYjfm+Ms0+Nkn8l3o7hST8=,Wv063J5nj7MuM4RkiEoKC90PIms=
-11,-6,GVqFxiYjfm+Ms0+Nkn8l3o7hST8=,Wv063J5nj7MuM4RkiEoKC90PIms=
-10,-1,GVqFxiYjfm+Ms0+Nkn8l3o7hST8=,Wv063J5nj7MuM4RkiEoKC90PIms=
-9,-1,GVqFxiYjfm+Ms0+Nkn8l3o7hST8=,Wv063J5nj7MuM4RkiEoKC90PIms=
-5,-1,GVqFxiYjfm+Ms0+Nkn8l3o7hST8=,N2fBE7oZOyqoijdWwY/J3+LZSsg=
-10,-6,GVqFxiYjfm+Ms0+Nkn8l3o7hST8=,Wv063J5nj7MuM4RkiEoKC90PIms=
-11,-1,GVqFxiYjfm+Ms0+Nkn8l3o7hST8=,Wv063J5nj7MuM4RkiEoKC90PIms=
-12,-4,GVqFxiYjfm+Ms0+Nkn8l3o7hST8=,Wv063J5nj7MuM4RkiEoKC90PIms=
-6,-1,GVqFxiYjfm+Ms0+Nkn8l3o7hST8=,N2fBE7oZOyqoijdWwY/J3+LZSsg=
-6,-7,GVqFxiYjfm+Ms0+Nkn8l3o7hST8=,N2fBE7oZOyqoijdWwY/J3+LZSsg=
-12,-1,GVqFxiYjfm+Ms0+Nkn8l3o7hST8=,Wv063J5nj7MuM4RkiEoKC90PIms=
-7,-1,GVqFxiYjfm+Ms0+Nkn8l3o7hST8=,N2fBE7oZOyqoijdWwY/J3+LZSsg=
-8,-3,GVqFxiYjfm+Ms0+Nkn8l3o7hST8=,N2fBE7oZOyqoijdWwY/J3+LZSsg=
-8,-2,GVqFxiYjfm+Ms0+Nkn8l3o7hST8=,N2fBE7oZOyqoijdWwY/J3+LZSsg=
-5,-6,GVqFxiYjfm+Ms0+Nkn8l3o7hST8=,N2fBE7oZOyqoijdWwY/J3+LZSsg=
-7,-2,GVqFxiYjfm+Ms0+Nkn8l3o7hST8=,N2fBE7oZOyqoijdWwY/J3+LZSsg=
-11,-4,GVqFxiYjfm+Ms0+Nkn8l3o7hST8=,Wv063J5nj7MuM4RkiEoKC90PIms=
-10,-2,GVqFxiYjfm+Ms0+Nkn8l3o7hST8=,Wv063J5nj7MuM4RkiEoKC90PIms=
-8,-1,GVqFxiYjfm+Ms0+Nkn8l3o7hST8=,N2fBE7oZOyqoijdWwY/J3+LZSsg=
-6,-2,GVqFxiYjfm+Ms0+Nkn8l3o7hST8=,N2fBE7oZOyqoijdWwY/J3+LZSsg=
-5,-2,GVqFxiYjfm+Ms0+Nkn8l3o7hST8=,N2fBE7oZOyqoijdWwY/J3+LZSsg=
-7,-3,GVqFxiYjfm+Ms0+Nkn8l3o7hST8=,N2fBE7oZOyqoijdWwY/J3+LZSsg=
-9,-5,GVqFxiYjfm+Ms0+Nkn8l3o7hST8=,Wv063J5nj7MuM4RkiEoKC90PIms=
-8,-4,GVqFxiYjfm+Ms0+Nkn8l3o7hST8=,N2fBE7oZOyqoijdWwY/J3+LZSsg=
-11,-2,GVqFxiYjfm+Ms0+Nkn8l3o7hST8=,Wv063J5nj7MuM4RkiEoKC90PIms=
-6,-3,GVqFxiYjfm+Ms0+Nkn8l3o7hST8=,N2fBE7oZOyqoijdWwY/J3+LZSsg=
-5,-3,GVqFxiYjfm+Ms0+Nkn8l3o7hST8=,N2fBE7oZOyqoijdWwY/J3+LZSsg=
-7,-4,GVqFxiYjfm+Ms0+Nkn8l3o7hST8=,N2fBE7oZOyqoijdWwY/J3+LZSsg=
-12,-2,GVqFxiYjfm+Ms0+Nkn8l3o7hST8=,Wv063J5nj7MuM4RkiEoKC90PIms=
-6,-4,GVqFxiYjfm+Ms0+Nkn8l3o7hST8=,N2fBE7oZOyqoijdWwY/J3+LZSsg=
-12,-3,GVqFxiYjfm+Ms0+Nkn8l3o7hST8=,Wv063J5nj7MuM4RkiEoKC90PIms=
-11,-3,GVqFxiYjfm+Ms0+Nkn8l3o7hST8=,Wv063J5nj7MuM4RkiEoKC90PIms=
-5,-7,GVqFxiYjfm+Ms0+Nkn8l3o7hST8=,N2fBE7oZOyqoijdWwY/J3+LZSsg=
-10,-3,GVqFxiYjfm+Ms0+Nkn8l3o7hST8=,Wv063J5nj7MuM4RkiEoKC90PIms=
-5,-5,GVqFxiYjfm+Ms0+Nkn8l3o7hST8=,N2fBE7oZOyqoijdWwY/J3+LZSsg=
-8,-7,GVqFxiYjfm+Ms0+Nkn8l3o7hST8=,N2fBE7oZOyqoijdWwY/J3+LZSsg=
-7,-7,GVqFxiYjfm+Ms0+Nkn8l3o7hST8=,N2fBE7oZOyqoijdWwY/J3+LZSsg=
-8,-5,GVqFxiYjfm+Ms0+Nkn8l3o7hST8=,N2fBE7oZOyqoijdWwY/J3+LZSsg=
-9,-7,GVqFxiYjfm+Ms0+Nkn8l3o7hST8=,Wv063J5nj7MuM4RkiEoKC90PIms=
-8,-6,GVqFxiYjfm+Ms0+Nkn8l3o7hST8=,N2fBE7oZOyqoijdWwY/J3+LZSsg=
-7,-5,GVqFxiYjfm+Ms0+Nkn8l3o7hST8=,N2fBE7oZOyqoijdWwY/J3+LZSsg=
-9,-6,GVqFxiYjfm+Ms0+Nkn8l3o7hST8=,Wv063J5nj7MuM4RkiEoKC90PIms=
-6,-5,GVqFxiYjfm+Ms0+Nkn8l3o7hST8=,N2fBE7oZOyqoijdWwY/J3+LZSsg=
-7,-6,GVqFxiYjfm+Ms0+Nkn8l3o7hST8=,N2fBE7oZOyqoijdWwY/J3+LZSsg=
-6,-9,GVqFxiYjfm+Ms0+Nkn8l3o7hST8=,EjbgvX9wdLOVdqS3UQoyLEEl3pM=
-6,-6,GVqFxiYjfm+Ms0+Nkn8l3o7hST8=,N2fBE7oZOyqoijdWwY/J3+LZSsg=
-7,-8,GVqFxiYjfm+Ms0+Nkn8l3o7hST8=,N2fBE7oZOyqoijdWwY/J3+LZSsg=
-5,-9,GVqFxiYjfm+Ms0+Nkn8l3o7hST8=,EjbgvX9wdLOVdqS3UQoyLEEl3pM=
-5,-8,GVqFxiYjfm+Ms0+Nkn8l3o7hST8=,N2fBE7oZOyqoijdWwY/J3+LZSsg=
-6,-8,GVqFxiYjfm+Ms0+Nkn8l3o7hST8=,N2fBE7oZOyqoijdWwY/J3+LZSsg=
-6,-12,GVqFxiYjfm+Ms0+Nkn8l3o7hST8=,EjbgvX9wdLOVdqS3UQoyLEEl3pM=
-7,-12,GVqFxiYjfm+Ms0+Nkn8l3o7hST8=,EjbgvX9wdLOVdqS3UQoyLEEl3pM=
-5,-12,GVqFxiYjfm+Ms0+Nkn8l3o7hST8=,EjbgvX9wdLOVdqS3UQoyLEEl3pM=
-7,-11,GVqFxiYjfm+Ms0+Nkn8l3o7hST8=,EjbgvX9wdLOVdqS3UQoyLEEl3pM=
-6,-11,GVqFxiYjfm+Ms0+Nkn8l3o7hST8=,EjbgvX9wdLOVdqS3UQoyLEEl3pM=
-5,-11,GVqFxiYjfm+Ms0+Nkn8l3o7hST8=,EjbgvX9wdLOVdqS3UQoyLEEl3pM=
-6,-10,GVqFxiYjfm+Ms0+Nkn8l3o7hST8=,EjbgvX9wdLOVdqS3UQoyLEEl3pM=
-7,-10,GVqFxiYjfm+Ms0+Nkn8l3o7hST8=,EjbgvX9wdLOVdqS3UQoyLEEl3pM=
-5,-10,GVqFxiYjfm+Ms0+Nkn8l3o7hST8=,EjbgvX9wdLOVdqS3UQoyLEEl3pM=
-8,-8,GVqFxiYjfm+Ms0+Nkn8l3o7hST8=,N2fBE7oZOyqoijdWwY/J3+LZSsg=
-7,-9,GVqFxiYjfm+Ms0+Nkn8l3o7hST8=,EjbgvX9wdLOVdqS3UQoyLEEl3pM=
-12,-11,GVqFxiYjfm+Ms0+Nkn8l3o7hST8=,WuEqoIJX43D7C240uhs0udXJzxY=
-11,-11,GVqFxiYjfm+Ms0+Nkn8l3o7hST8=,WuEqoIJX43D7C240uhs0udXJzxY=
-10,-11,GVqFxiYjfm+Ms0+Nkn8l3o7hST8=,WuEqoIJX43D7C240uhs0udXJzxY=
-12,-10,GVqFxiYjfm+Ms0+Nkn8l3o7hST8=,WuEqoIJX43D7C240uhs0udXJzxY=
-11,-10,GVqFxiYjfm+Ms0+Nkn8l3o7hST8=,WuEqoIJX43D7C240uhs0udXJzxY=
-9,-11,GVqFxiYjfm+Ms0+Nkn8l3o7hST8=,WuEqoIJX43D7C240uhs0udXJzxY=
-10,-10,GVqFxiYjfm+Ms0+Nkn8l3o7hST8=,WuEqoIJX43D7C240uhs0udXJzxY=
-9,-10,GVqFxiYjfm+Ms0+Nkn8l3o7hST8=,WuEqoIJX43D7C240uhs0udXJzxY=
-12,-9,GVqFxiYjfm+Ms0+Nkn8l3o7hST8=,WuEqoIJX43D7C240uhs0udXJzxY=
-11,-9,GVqFxiYjfm+Ms0+Nkn8l3o7hST8=,WuEqoIJX43D7C240uhs0udXJzxY=
-9,-9,GVqFxiYjfm+Ms0+Nkn8l3o7hST8=,WuEqoIJX43D7C240uhs0udXJzxY=
-12,-8,GVqFxiYjfm+Ms0+Nkn8l3o7hST8=,Wv063J5nj7MuM4RkiEoKC90PIms=
-10,-8,GVqFxiYjfm+Ms0+Nkn8l3o7hST8=,Wv063J5nj7MuM4RkiEoKC90PIms=
-10,-9,GVqFxiYjfm+Ms0+Nkn8l3o7hST8=,WuEqoIJX43D7C240uhs0udXJzxY=
-8,-12,GVqFxiYjfm+Ms0+Nkn8l3o7hST8=,EjbgvX9wdLOVdqS3UQoyLEEl3pM=
-9,-8,GVqFxiYjfm+Ms0+Nkn8l3o7hST8=,Wv063J5nj7MuM4RkiEoKC90PIms=
-8,-11,GVqFxiYjfm+Ms0+Nkn8l3o7hST8=,EjbgvX9wdLOVdqS3UQoyLEEl3pM=
-10,-4,GVqFxiYjfm+Ms0+Nkn8l3o7hST8=,Wv063J5nj7MuM4RkiEoKC90PIms=
-11,-8,GVqFxiYjfm+Ms0+Nkn8l3o7hST8=,Wv063J5nj7MuM4RkiEoKC90PIms=
-5,-4,GVqFxiYjfm+Ms0+Nkn8l3o7hST8=,N2fBE7oZOyqoijdWwY/J3+LZSsg=
-9,-16,GVqFxiYjfm+Ms0+Nkn8l3o7hST8=,WuEqoIJX43D7C240uhs0udXJzxY=
-16,-1,GVqFxiYjfm+Ms0+Nkn8l3o7hST8=,Wv063J5nj7MuM4RkiEoKC90PIms=
-10,-16,GVqFxiYjfm+Ms0+Nkn8l3o7hST8=,WuEqoIJX43D7C240uhs0udXJzxY=
-15,-4,GVqFxiYjfm+Ms0+Nkn8l3o7hST8=,Wv063J5nj7MuM4RkiEoKC90PIms=
-5,-16,GVqFxiYjfm+Ms0+Nkn8l3o7hST8=,EjbgvX9wdLOVdqS3UQoyLEEl3pM=
-7,-15,GVqFxiYjfm+Ms0+Nkn8l3o7hST8=,EjbgvX9wdLOVdqS3UQoyLEEl3pM=
-5,-15,GVqFxiYjfm+Ms0+Nkn8l3o7hST8=,EjbgvX9wdLOVdqS3UQoyLEEl3pM=
-6,-15,GVqFxiYjfm+Ms0+Nkn8l3o7hST8=,EjbgvX9wdLOVdqS3UQoyLEEl3pM=
-16,-2,GVqFxiYjfm+Ms0+Nkn8l3o7hST8=,Wv063J5nj7MuM4RkiEoKC90PIms=
-11,-16,GVqFxiYjfm+Ms0+Nkn8l3o7hST8=,WuEqoIJX43D7C240uhs0udXJzxY=
-6,-16,GVqFxiYjfm+Ms0+Nkn8l3o7hST8=,EjbgvX9wdLOVdqS3UQoyLEEl3pM=
-16,-3,GVqFxiYjfm+Ms0+Nkn8l3o7hST8=,Wv063J5nj7MuM4RkiEoKC90PIms=
-12,-16,GVqFxiYjfm+Ms0+Nkn8l3o7hST8=,WuEqoIJX43D7C240uhs0udXJzxY=
-16,-4,GVqFxiYjfm+Ms0+Nkn8l3o7hST8=,Wv063J5nj7MuM4RkiEoKC90PIms=
-7,-16,GVqFxiYjfm+Ms0+Nkn8l3o7hST8=,EjbgvX9wdLOVdqS3UQoyLEEl3pM=
-9,-13,GVqFxiYjfm+Ms0+Nkn8l3o7hST8=,WuEqoIJX43D7C240uhs0udXJzxY=
-13,-1,GVqFxiYjfm+Ms0+Nkn8l3o7hST8=,Wv063J5nj7MuM4RkiEoKC90PIms=
-8,-16,GVqFxiYjfm+Ms0+Nkn8l3o7hST8=,EjbgvX9wdLOVdqS3UQoyLEEl3pM=
-16,-12,GVqFxiYjfm+Ms0+Nkn8l3o7hST8=,WuEqoIJX43D7C240uhs0udXJzxY=
-10,-13,GVqFxiYjfm+Ms0+Nkn8l3o7hST8=,WuEqoIJX43D7C240uhs0udXJzxY=
-14,-1,GVqFxiYjfm+Ms0+Nkn8l3o7hST8=,Wv063J5nj7MuM4RkiEoKC90PIms=
-8,-13,GVqFxiYjfm+Ms0+Nkn8l3o7hST8=,EjbgvX9wdLOVdqS3UQoyLEEl3pM=
-11,-13,GVqFxiYjfm+Ms0+Nkn8l3o7hST8=,WuEqoIJX43D7C240uhs0udXJzxY=
-15,-1,GVqFxiYjfm+Ms0+Nkn8l3o7hST8=,Wv063J5nj7MuM4RkiEoKC90PIms=
-8,-14,GVqFxiYjfm+Ms0+Nkn8l3o7hST8=,EjbgvX9wdLOVdqS3UQoyLEEl3pM=
-16,-8,GVqFxiYjfm+Ms0+Nkn8l3o7hST8=,Wv063J5nj7MuM4RkiEoKC90PIms=
-12,-13,GVqFxiYjfm+Ms0+Nkn8l3o7hST8=,WuEqoIJX43D7C240uhs0udXJzxY=
-16,-9,GVqFxiYjfm+Ms0+Nkn8l3o7hST8=,WuEqoIJX43D7C240uhs0udXJzxY=
-13,-2,GVqFxiYjfm+Ms0+Nkn8l3o7hST8=,Wv063J5nj7MuM4RkiEoKC90PIms=
-8,-15,GVqFxiYjfm+Ms0+Nkn8l3o7hST8=,EjbgvX9wdLOVdqS3UQoyLEEl3pM=
-9,-14,GVqFxiYjfm+Ms0+Nkn8l3o7hST8=,WuEqoIJX43D7C240uhs0udXJzxY=
-16,-10,GVqFxiYjfm+Ms0+Nkn8l3o7hST8=,WuEqoIJX43D7C240uhs0udXJzxY=
-14,-2,GVqFxiYjfm+Ms0+Nkn8l3o7hST8=,Wv063J5nj7MuM4RkiEoKC90PIms=
-5,-13,GVqFxiYjfm+Ms0+Nkn8l3o7hST8=,EjbgvX9wdLOVdqS3UQoyLEEl3pM=
-10,-14,GVqFxiYjfm+Ms0+Nkn8l3o7hST8=,WuEqoIJX43D7C240uhs0udXJzxY=
-16,-11,GVqFxiYjfm+Ms0+Nkn8l3o7hST8=,WuEqoIJX43D7C240uhs0udXJzxY=
-15,-2,GVqFxiYjfm+Ms0+Nkn8l3o7hST8=,Wv063J5nj7MuM4RkiEoKC90PIms=
-11,-14,GVqFxiYjfm+Ms0+Nkn8l3o7hST8=,WuEqoIJX43D7C240uhs0udXJzxY=
-16,-5,GVqFxiYjfm+Ms0+Nkn8l3o7hST8=,Wv063J5nj7MuM4RkiEoKC90PIms=
-12,-15,GVqFxiYjfm+Ms0+Nkn8l3o7hST8=,WuEqoIJX43D7C240uhs0udXJzxY=
-6,-14,GVqFxiYjfm+Ms0+Nkn8l3o7hST8=,EjbgvX9wdLOVdqS3UQoyLEEl3pM=
-5,-14,GVqFxiYjfm+Ms0+Nkn8l3o7hST8=,EjbgvX9wdLOVdqS3UQoyLEEl3pM=
-16,-6,GVqFxiYjfm+Ms0+Nkn8l3o7hST8=,Wv063J5nj7MuM4RkiEoKC90PIms=
-14,-4,GVqFxiYjfm+Ms0+Nkn8l3o7hST8=,Wv063J5nj7MuM4RkiEoKC90PIms=
-13,-4,GVqFxiYjfm+Ms0+Nkn8l3o7hST8=,Wv063J5nj7MuM4RkiEoKC90PIms=
-11,-15,GVqFxiYjfm+Ms0+Nkn8l3o7hST8=,WuEqoIJX43D7C240uhs0udXJzxY=
-14,-3,GVqFxiYjfm+Ms0+Nkn8l3o7hST8=,Wv063J5nj7MuM4RkiEoKC90PIms=
-9,-15,GVqFxiYjfm+Ms0+Nkn8l3o7hST8=,WuEqoIJX43D7C240uhs0udXJzxY=
-10,-15,GVqFxiYjfm+Ms0+Nkn8l3o7hST8=,WuEqoIJX43D7C240uhs0udXJzxY=
-15,-7,GVqFxiYjfm+Ms0+Nkn8l3o7hST8=,Wv063J5nj7MuM4RkiEoKC90PIms=
-13,-7,GVqFxiYjfm+Ms0+Nkn8l3o7hST8=,Wv063J5nj7MuM4RkiEoKC90PIms=
-15,-6,GVqFxiYjfm+Ms0+Nkn8l3o7hST8=,Wv063J5nj7MuM4RkiEoKC90PIms=
-7,-13,GVqFxiYjfm+Ms0+Nkn8l3o7hST8=,EjbgvX9wdLOVdqS3UQoyLEEl3pM=
-16,-7,GVqFxiYjfm+Ms0+Nkn8l3o7hST8=,Wv063J5nj7MuM4RkiEoKC90PIms=
-14,-6,GVqFxiYjfm+Ms0+Nkn8l3o7hST8=,Wv063J5nj7MuM4RkiEoKC90PIms=
-15,-5,GVqFxiYjfm+Ms0+Nkn8l3o7hST8=,Wv063J5nj7MuM4RkiEoKC90PIms=
-13,-6,GVqFxiYjfm+Ms0+Nkn8l3o7hST8=,Wv063J5nj7MuM4RkiEoKC90PIms=
-14,-5,GVqFxiYjfm+Ms0+Nkn8l3o7hST8=,Wv063J5nj7MuM4RkiEoKC90PIms=
-13,-5,GVqFxiYjfm+Ms0+Nkn8l3o7hST8=,Wv063J5nj7MuM4RkiEoKC90PIms=
-15,-11,GVqFxiYjfm+Ms0+Nkn8l3o7hST8=,WuEqoIJX43D7C240uhs0udXJzxY=
-14,-11,GVqFxiYjfm+Ms0+Nkn8l3o7hST8=,WuEqoIJX43D7C240uhs0udXJzxY=
-13,-11,GVqFxiYjfm+Ms0+Nkn8l3o7hST8=,WuEqoIJX43D7C240uhs0udXJzxY=
-14,-10,GVqFxiYjfm+Ms0+Nkn8l3o7hST8=,WuEqoIJX43D7C240uhs0udXJzxY=
-15,-10,GVqFxiYjfm+Ms0+Nkn8l3o7hST8=,WuEqoIJX43D7C240uhs0udXJzxY=
-13,-12,GVqFxiYjfm+Ms0+Nkn8l3o7hST8=,WuEqoIJX43D7C240uhs0udXJzxY=
-15,-9,GVqFxiYjfm+Ms0+Nkn8l3o7hST8=,WuEqoIJX43D7C240uhs0udXJzxY=
-13,-10,GVqFxiYjfm+Ms0+Nkn8l3o7hST8=,WuEqoIJX43D7C240uhs0udXJzxY=
-14,-9,GVqFxiYjfm+Ms0+Nkn8l3o7hST8=,WuEqoIJX43D7C240uhs0udXJzxY=
-13,-9,GVqFxiYjfm+Ms0+Nkn8l3o7hST8=,WuEqoIJX43D7C240uhs0udXJzxY=
-13,-8,GVqFxiYjfm+Ms0+Nkn8l3o7hST8=,Wv063J5nj7MuM4RkiEoKC90PIms=
-15,-8,GVqFxiYjfm+Ms0+Nkn8l3o7hST8=,Wv063J5nj7MuM4RkiEoKC90PIms=
-14,-8,GVqFxiYjfm+Ms0+Nkn8l3o7hST8=,Wv063J5nj7MuM4RkiEoKC90PIms=
-14,-12,GVqFxiYjfm+Ms0+Nkn8l3o7hST8=,WuEqoIJX43D7C240uhs0udXJzxY=
-15,-3,GVqFxiYjfm+Ms0+Nkn8l3o7hST8=,Wv063J5nj7MuM4RkiEoKC90PIms=
-15,-12,GVqFxiYjfm+Ms0+Nkn8l3o7hST8=,WuEqoIJX43D7C240uhs0udXJzxY=
-13,-3,GVqFxiYjfm+Ms0+Nkn8l3o7hST8=,Wv063J5nj7MuM4RkiEoKC90PIms=
-12,-14,GVqFxiYjfm+Ms0+Nkn8l3o7hST8=,WuEqoIJX43D7C240uhs0udXJzxY=
-14,-7,GVqFxiYjfm+Ms0+Nkn8l3o7hST8=,Wv063J5nj7MuM4RkiEoKC90PIms=
-16,-16,GVqFxiYjfm+Ms0+Nkn8l3o7hST8=,WuEqoIJX43D7C240uhs0udXJzxY=
-7,-14,GVqFxiYjfm+Ms0+Nkn8l3o7hST8=,EjbgvX9wdLOVdqS3UQoyLEEl3pM=
-16,-13,GVqFxiYjfm+Ms0+Nkn8l3o7hST8=,WuEqoIJX43D7C240uhs0udXJzxY=
-16,-14,GVqFxiYjfm+Ms0+Nkn8l3o7hST8=,WuEqoIJX43D7C240uhs0udXJzxY=
-16,-15,GVqFxiYjfm+Ms0+Nkn8l3o7hST8=,WuEqoIJX43D7C240uhs0udXJzxY=
-13,-16,GVqFxiYjfm+Ms0+Nkn8l3o7hST8=,WuEqoIJX43D7C240uhs0udXJzxY=
-15,-15,GVqFxiYjfm+Ms0+Nkn8l3o7hST8=,WuEqoIJX43D7C240uhs0udXJzxY=
-14,-16,GVqFxiYjfm+Ms0+Nkn8l3o7hST8=,WuEqoIJX43D7C240uhs0udXJzxY=
-15,-16,GVqFxiYjfm+Ms0+Nkn8l3o7hST8=,WuEqoIJX43D7C240uhs0udXJzxY=
-13,-13,GVqFxiYjfm+Ms0+Nkn8l3o7hST8=,WuEqoIJX43D7C240uhs0udXJzxY=
-14,-13,GVqFxiYjfm+Ms0+Nkn8l3o7hST8=,WuEqoIJX43D7C240uhs0udXJzxY=
-15,-13,GVqFxiYjfm+Ms0+Nkn8l3o7hST8=,WuEqoIJX43D7C240uhs0udXJzxY=
-14,-15,GVqFxiYjfm+Ms0+Nkn8l3o7hST8=,WuEqoIJX43D7C240uhs0udXJzxY=
-13,-14,GVqFxiYjfm+Ms0+Nkn8l3o7hST8=,WuEqoIJX43D7C240uhs0udXJzxY=
-13,-15,GVqFxiYjfm+Ms0+Nkn8l3o7hST8=,WuEqoIJX43D7C240uhs0udXJzxY=
-6,-13,GVqFxiYjfm+Ms0+Nkn8l3o7hST8=,EjbgvX9wdLOVdqS3UQoyLEEl3pM=
-15,-14,GVqFxiYjfm+Ms0+Nkn8l3o7hST8=,WuEqoIJX43D7C240uhs0udXJzxY=
-2,-14,GVqFxiYjfm+Ms0+Nkn8l3o7hST8=,EjbgvX9wdLOVdqS3UQoyLEEl3pM=
-14,-14,GVqFxiYjfm+Ms0+Nkn8l3o7hST8=,WuEqoIJX43D7C240uhs0udXJzxY=
-4,-13,GVqFxiYjfm+Ms0+Nkn8l3o7hST8=,EjbgvX9wdLOVdqS3UQoyLEEl3pM=
-1,-7,GVqFxiYjfm+Ms0+Nkn8l3o7hST8=,N2fBE7oZOyqoijdWwY/J3+LZSsg=
-4,-14,GVqFxiYjfm+Ms0+Nkn8l3o7hST8=,EjbgvX9wdLOVdqS3UQoyLEEl3pM=
-4,-6,GVqFxiYjfm+Ms0+Nkn8l3o7hST8=,N2fBE7oZOyqoijdWwY/J3+LZSsg=
-2,-15,GVqFxiYjfm+Ms0+Nkn8l3o7hST8=,EjbgvX9wdLOVdqS3UQoyLEEl3pM=
-3,-15,GVqFxiYjfm+Ms0+Nkn8l3o7hST8=,EjbgvX9wdLOVdqS3UQoyLEEl3pM=
-3,-13,GVqFxiYjfm+Ms0+Nkn8l3o7hST8=,EjbgvX9wdLOVdqS3UQoyLEEl3pM=
-4,-4,GVqFxiYjfm+Ms0+Nkn8l3o7hST8=,N2fBE7oZOyqoijdWwY/J3+LZSsg=
-1,-6,GVqFxiYjfm+Ms0+Nkn8l3o7hST8=,N2fBE7oZOyqoijdWwY/J3+LZSsg=
-4,-7,GVqFxiYjfm+Ms0+Nkn8l3o7hST8=,N2fBE7oZOyqoijdWwY/J3+LZSsg=
-4,-5,GVqFxiYjfm+Ms0+Nkn8l3o7hST8=,N2fBE7oZOyqoijdWwY/J3+LZSsg=
-2,-2,GVqFxiYjfm+Ms0+Nkn8l3o7hST8=,N2fBE7oZOyqoijdWwY/J3+LZSsg=
-1,-15,GVqFxiYjfm+Ms0+Nkn8l3o7hST8=,EjbgvX9wdLOVdqS3UQoyLEEl3pM=
-3,-4,GVqFxiYjfm+Ms0+Nkn8l3o7hST8=,N2fBE7oZOyqoijdWwY/J3+LZSsg=
-2,-4,GVqFxiYjfm+Ms0+Nkn8l3o7hST8=,N2fBE7oZOyqoijdWwY/J3+LZSsg=
-3,-5,GVqFxiYjfm+Ms0+Nkn8l3o7hST8=,N2fBE7oZOyqoijdWwY/J3+LZSsg=
-1,-8,GVqFxiYjfm+Ms0+Nkn8l3o7hST8=,N2fBE7oZOyqoijdWwY/J3+LZSsg=
-1,-16,GVqFxiYjfm+Ms0+Nkn8l3o7hST8=,EjbgvX9wdLOVdqS3UQoyLEEl3pM=
-2,-5,GVqFxiYjfm+Ms0+Nkn8l3o7hST8=,N2fBE7oZOyqoijdWwY/J3+LZSsg=
-3,-6,GVqFxiYjfm+Ms0+Nkn8l3o7hST8=,N2fBE7oZOyqoijdWwY/J3+LZSsg=
-4,-15,GVqFxiYjfm+Ms0+Nkn8l3o7hST8=,EjbgvX9wdLOVdqS3UQoyLEEl3pM=
-1,-5,GVqFxiYjfm+Ms0+Nkn8l3o7hST8=,N2fBE7oZOyqoijdWwY/J3+LZSsg=
-2,-7,GVqFxiYjfm+Ms0+Nkn8l3o7hST8=,N2fBE7oZOyqoijdWwY/J3+LZSsg=
-4,-2,GVqFxiYjfm+Ms0+Nkn8l3o7hST8=,N2fBE7oZOyqoijdWwY/J3+LZSsg=
-4,-3,GVqFxiYjfm+Ms0+Nkn8l3o7hST8=,N2fBE7oZOyqoijdWwY/J3+LZSsg=
-3,-7,GVqFxiYjfm+Ms0+Nkn8l3o7hST8=,N2fBE7oZOyqoijdWwY/J3+LZSsg=
-2,-16,GVqFxiYjfm+Ms0+Nkn8l3o7hST8=,EjbgvX9wdLOVdqS3UQoyLEEl3pM=
-1,-3,GVqFxiYjfm+Ms0+Nkn8l3o7hST8=,N2fBE7oZOyqoijdWwY/J3+LZSsg=
-3,-3,GVqFxiYjfm+Ms0+Nkn8l3o7hST8=,N2fBE7oZOyqoijdWwY/J3+LZSsg=
-2,-3,GVqFxiYjfm+Ms0+Nkn8l3o7hST8=,N2fBE7oZOyqoijdWwY/J3+LZSsg=
-4,-8,GVqFxiYjfm+Ms0+Nkn8l3o7hST8=,N2fBE7oZOyqoijdWwY/J3+LZSsg=
-2,-8,GVqFxiYjfm+Ms0+Nkn8l3o7hST8=,N2fBE7oZOyqoijdWwY/J3+LZSsg=
-1,-9,GVqFxiYjfm+Ms0+Nkn8l3o7hST8=,EjbgvX9wdLOVdqS3UQoyLEEl3pM=
-3,-8,GVqFxiYjfm+Ms0+Nkn8l3o7hST8=,N2fBE7oZOyqoijdWwY/J3+LZSsg=
-1,-4,GVqFxiYjfm+Ms0+Nkn8l3o7hST8=,N2fBE7oZOyqoijdWwY/J3+LZSsg=
-2,-1,GVqFxiYjfm+Ms0+Nkn8l3o7hST8=,N2fBE7oZOyqoijdWwY/J3+LZSsg=
-4,-1,GVqFxiYjfm+Ms0+Nkn8l3o7hST8=,N2fBE7oZOyqoijdWwY/J3+LZSsg=
-3,-1,GVqFxiYjfm+Ms0+Nkn8l3o7hST8=,N2fBE7oZOyqoijdWwY/J3+LZSsg=
-1,-2,GVqFxiYjfm+Ms0+Nkn8l3o7hST8=,N2fBE7oZOyqoijdWwY/J3+LZSsg=
-1,-1,GVqFxiYjfm+Ms0+Nkn8l3o7hST8=,N2fBE7oZOyqoijdWwY/J3+LZSsg=
-2,-6,GVqFxiYjfm+Ms0+Nkn8l3o7hST8=,N2fBE7oZOyqoijdWwY/J3+LZSsg=
-1,-13,GVqFxiYjfm+Ms0+Nkn8l3o7hST8=,EjbgvX9wdLOVdqS3UQoyLEEl3pM=
-2,-13,GVqFxiYjfm+Ms0+Nkn8l3o7hST8=,EjbgvX9wdLOVdqS3UQoyLEEl3pM=
-3,-2,GVqFxiYjfm+Ms0+Nkn8l3o7hST8=,N2fBE7oZOyqoijdWwY/J3+LZSsg=
-4,-9,GVqFxiYjfm+Ms0+Nkn8l3o7hST8=,EjbgvX9wdLOVdqS3UQoyLEEl3pM=
-3,-14,GVqFxiYjfm+Ms0+Nkn8l3o7hST8=,EjbgvX9wdLOVdqS3UQoyLEEl3pM=
-1,-14,GVqFxiYjfm+Ms0+Nkn8l3o7hST8=,EjbgvX9wdLOVdqS3UQoyLEEl3pM=
-4,-11,GVqFxiYjfm+Ms0+Nkn8l3o7hST8=,EjbgvX9wdLOVdqS3UQoyLEEl3pM=
-4,-12,GVqFxiYjfm+Ms0+Nkn8l3o7hST8=,EjbgvX9wdLOVdqS3UQoyLEEl3pM=
-3,-9,GVqFxiYjfm+Ms0+Nkn8l3o7hST8=,EjbgvX9wdLOVdqS3UQoyLEEl3pM=
-2,-9,GVqFxiYjfm+Ms0+Nkn8l3o7hST8=,EjbgvX9wdLOVdqS3UQoyLEEl3pM=
-4,-10,GVqFxiYjfm+Ms0+Nkn8l3o7hST8=,EjbgvX9wdLOVdqS3UQoyLEEl3pM=
-4,-16,GVqFxiYjfm+Ms0+Nkn8l3o7hST8=,EjbgvX9wdLOVdqS3UQoyLEEl3pM=
-2,-11,GVqFxiYjfm+Ms0+Nkn8l3o7hST8=,EjbgvX9wdLOVdqS3UQoyLEEl3pM=
-2,-12,GVqFxiYjfm+Ms0+Nkn8l3o7hST8=,EjbgvX9wdLOVdqS3UQoyLEEl3pM=
-3,-12,GVqFxiYjfm+Ms0+Nkn8l3o7hST8=,EjbgvX9wdLOVdqS3UQoyLEEl3pM=
-3,-11,GVqFxiYjfm+Ms0+Nkn8l3o7hST8=,EjbgvX9wdLOVdqS3UQoyLEEl3pM=
-1,-11,GVqFxiYjfm+Ms0+Nkn8l3o7hST8=,EjbgvX9wdLOVdqS3UQoyLEEl3pM=
-2,-10,GVqFxiYjfm+Ms0+Nkn8l3o7hST8=,EjbgvX9wdLOVdqS3UQoyLEEl3pM=
-1,-10,GVqFxiYjfm+Ms0+Nkn8l3o7hST8=,EjbgvX9wdLOVdqS3UQoyLEEl3pM=
-3,-10,GVqFxiYjfm+Ms0+Nkn8l3o7hST8=,EjbgvX9wdLOVdqS3UQoyLEEl3pM=
-1,-12,GVqFxiYjfm+Ms0+Nkn8l3o7hST8=,EjbgvX9wdLOVdqS3UQoyLEEl3pM=
-3,-16,GVqFxiYjfm+Ms0+Nkn8l3o7hST8=,EjbgvX9wdLOVdqS3UQoyLEEl3pM=
-10,-25,nCKwU4+ru+D6zyjhzCYGNMHARlo=,zAuPH8Jq9Rz3VFwjzzSWVjwKn4c=
-9,-25,nCKwU4+ru+D6zyjhzCYGNMHARlo=,zAuPH8Jq9Rz3VFwjzzSWVjwKn4c=
-12,-23,nCKwU4+ru+D6zyjhzCYGNMHARlo=,AnZhfbhqiPMKyWK3mj768uJ5nM8=
-8,-23,nCKwU4+ru+D6zyjhzCYGNMHARlo=,TUeSa6FNdZxPUtPpFnGYg2pxU9g=
-5,-28,nCKwU4+ru+D6zyjhzCYGNMHARlo=,jfwgSQLvh9alGl68pFiGHMIZqmo=
-7,-27,nCKwU4+ru+D6zyjhzCYGNMHARlo=,jfwgSQLvh9alGl68pFiGHMIZqmo=
-7,-23,nCKwU4+ru+D6zyjhzCYGNMHARlo=,TUeSa6FNdZxPUtPpFnGYg2pxU9g=
-6,-28,nCKwU4+ru+D6zyjhzCYGNMHARlo=,jfwgSQLvh9alGl68pFiGHMIZqmo=
-8,-25,nCKwU4+ru+D6zyjhzCYGNMHARlo=,jfwgSQLvh9alGl68pFiGHMIZqmo=
-6,-27,nCKwU4+ru+D6zyjhzCYGNMHARlo=,jfwgSQLvh9alGl68pFiGHMIZqmo=
-6,-23,nCKwU4+ru+D6zyjhzCYGNMHARlo=,TUeSa6FNdZxPUtPpFnGYg2pxU9g=
-12,-28,nCKwU4+ru+D6zyjhzCYGNMHARlo=,zAuPH8Jq9Rz3VFwjzzSWVjwKn4c=
-11,-23,nCKwU4+ru+D6zyjhzCYGNMHARlo=,AnZhfbhqiPMKyWK3mj768uJ5nM8=
-5,-27,nCKwU4+ru+D6zyjhzCYGNMHARlo=,jfwgSQLvh9alGl68pFiGHMIZqmo=
-11,-28,nCKwU4+ru+D6zyjhzCYGNMHARlo=,zAuPH8Jq9Rz3VFwjzzSWVjwKn4c=
-9,-17,nCKwU4+ru+D6zyjhzCYGNMHARlo=,AnZhfbhqiPMKyWK3mj768uJ5nM8=
-8,-21,nCKwU4+ru+D6zyjhzCYGNMHARlo=,TUeSa6FNdZxPUtPpFnGYg2pxU9g=
-10,-28,nCKwU4+ru+D6zyjhzCYGNMHARlo=,zAuPH8Jq9Rz3VFwjzzSWVjwKn4c=
-9,-20,nCKwU4+ru+D6zyjhzCYGNMHARlo=,AnZhfbhqiPMKyWK3mj768uJ5nM8=
-8,-28,nCKwU4+ru+D6zyjhzCYGNMHARlo=,jfwgSQLvh9alGl68pFiGHMIZqmo=
-5,-26,nCKwU4+ru+D6zyjhzCYGNMHARlo=,jfwgSQLvh9alGl68pFiGHMIZqmo=
-7,-26,nCKwU4+ru+D6zyjhzCYGNMHARlo=,jfwgSQLvh9alGl68pFiGHMIZqmo=
-9,-19,nCKwU4+ru+D6zyjhzCYGNMHARlo=,AnZhfbhqiPMKyWK3mj768uJ5nM8=
-10,-23,nCKwU4+ru+D6zyjhzCYGNMHARlo=,AnZhfbhqiPMKyWK3mj768uJ5nM8=
-12,-18,nCKwU4+ru+D6zyjhzCYGNMHARlo=,AnZhfbhqiPMKyWK3mj768uJ5nM8=
-9,-18,nCKwU4+ru+D6zyjhzCYGNMHARlo=,AnZhfbhqiPMKyWK3mj768uJ5nM8=
-8,-27,nCKwU4+ru+D6zyjhzCYGNMHARlo=,jfwgSQLvh9alGl68pFiGHMIZqmo=
-5,-23,nCKwU4+ru+D6zyjhzCYGNMHARlo=,TUeSa6FNdZxPUtPpFnGYg2pxU9g=
-7,-25,nCKwU4+ru+D6zyjhzCYGNMHARlo=,jfwgSQLvh9alGl68pFiGHMIZqmo=
-10,-19,nCKwU4+ru+D6zyjhzCYGNMHARlo=,AnZhfbhqiPMKyWK3mj768uJ5nM8=
-12,-22,nCKwU4+ru+D6zyjhzCYGNMHARlo=,AnZhfbhqiPMKyWK3mj768uJ5nM8=
-11,-22,nCKwU4+ru+D6zyjhzCYGNMHARlo=,AnZhfbhqiPMKyWK3mj768uJ5nM8=
-5,-17,xTYlMWgaAIZQFvZNebcM1IVGBrQ=,TUeSa6FNdZxPUtPpFnGYg2pxU9g=
-11,-18,xTYlMWgaAIZQFvZNebcM1IVGBrQ=,AnZhfbhqiPMKyWK3mj768uJ5nM8=
-8,-26,xTYlMWgaAIZQFvZNebcM1IVGBrQ=,jfwgSQLvh9alGl68pFiGHMIZqmo=
-7,-20,xTYlMWgaAIZQFvZNebcM1IVGBrQ=,TUeSa6FNdZxPUtPpFnGYg2pxU9g=
-7,-28,xTYlMWgaAIZQFvZNebcM1IVGBrQ=,jfwgSQLvh9alGl68pFiGHMIZqmo=
-8,-22,xTYlMWgaAIZQFvZNebcM1IVGBrQ=,TUeSa6FNdZxPUtPpFnGYg2pxU9g=
-12,-17,xTYlMWgaAIZQFvZNebcM1IVGBrQ=,AnZhfbhqiPMKyWK3mj768uJ5nM8=
-10,-18,xTYlMWgaAIZQFvZNebcM1IVGBrQ=,AnZhfbhqiPMKyWK3mj768uJ5nM8=
-8,-18,xTYlMWgaAIZQFvZNebcM1IVGBrQ=,TUeSa6FNdZxPUtPpFnGYg2pxU9g=
-6,-26,xTYlMWgaAIZQFvZNebcM1IVGBrQ=,jfwgSQLvh9alGl68pFiGHMIZqmo=
-6,-17,xTYlMWgaAIZQFvZNebcM1IVGBrQ=,TUeSa6FNdZxPUtPpFnGYg2pxU9g=
-10,-17,xTYlMWgaAIZQFvZNebcM1IVGBrQ=,AnZhfbhqiPMKyWK3mj768uJ5nM8=
-11,-17,xTYlMWgaAIZQFvZNebcM1IVGBrQ=,AnZhfbhqiPMKyWK3mj768uJ5nM8=
-7,-21,xTYlMWgaAIZQFvZNebcM1IVGBrQ=,TUeSa6FNdZxPUtPpFnGYg2pxU9g=
-11,-20,xTYlMWgaAIZQFvZNebcM1IVGBrQ=,AnZhfbhqiPMKyWK3mj768uJ5nM8=
-10,-20,xTYlMWgaAIZQFvZNebcM1IVGBrQ=,AnZhfbhqiPMKyWK3mj768uJ5nM8=
-12,-20,xTYlMWgaAIZQFvZNebcM1IVGBrQ=,AnZhfbhqiPMKyWK3mj768uJ5nM8=
-12,-21,xTYlMWgaAIZQFvZNebcM1IVGBrQ=,AnZhfbhqiPMKyWK3mj768uJ5nM8=
-12,-19,xTYlMWgaAIZQFvZNebcM1IVGBrQ=,AnZhfbhqiPMKyWK3mj768uJ5nM8=
-11,-21,xTYlMWgaAIZQFvZNebcM1IVGBrQ=,AnZhfbhqiPMKyWK3mj768uJ5nM8=
-6,-25,xTYlMWgaAIZQFvZNebcM1IVGBrQ=,jfwgSQLvh9alGl68pFiGHMIZqmo=
-12,-24,xTYlMWgaAIZQFvZNebcM1IVGBrQ=,AnZhfbhqiPMKyWK3mj768uJ5nM8=
-9,-28,xTYlMWgaAIZQFvZNebcM1IVGBrQ=,zAuPH8Jq9Rz3VFwjzzSWVjwKn4c=
-10,-21,xTYlMWgaAIZQFvZNebcM1IVGBrQ=,AnZhfbhqiPMKyWK3mj768uJ5nM8=
-7,-17,xTYlMWgaAIZQFvZNebcM1IVGBrQ=,TUeSa6FNdZxPUtPpFnGYg2pxU9g=
-5,-25,xTYlMWgaAIZQFvZNebcM1IVGBrQ=,jfwgSQLvh9alGl68pFiGHMIZqmo=
-10,-24,xTYlMWgaAIZQFvZNebcM1IVGBrQ=,AnZhfbhqiPMKyWK3mj768uJ5nM8=
-7,-22,xTYlMWgaAIZQFvZNebcM1IVGBrQ=,TUeSa6FNdZxPUtPpFnGYg2pxU9g=
-12,-27,xTYlMWgaAIZQFvZNebcM1IVGBrQ=,zAuPH8Jq9Rz3VFwjzzSWVjwKn4c=
-11,-24,xTYlMWgaAIZQFvZNebcM1IVGBrQ=,AnZhfbhqiPMKyWK3mj768uJ5nM8=
-10,-22,xTYlMWgaAIZQFvZNebcM1IVGBrQ=,AnZhfbhqiPMKyWK3mj768uJ5nM8=
-11,-27,xTYlMWgaAIZQFvZNebcM1IVGBrQ=,zAuPH8Jq9Rz3VFwjzzSWVjwKn4c=
-9,-24,xTYlMWgaAIZQFvZNebcM1IVGBrQ=,AnZhfbhqiPMKyWK3mj768uJ5nM8=
-8,-17,xTYlMWgaAIZQFvZNebcM1IVGBrQ=,TUeSa6FNdZxPUtPpFnGYg2pxU9g=
-7,-18,xTYlMWgaAIZQFvZNebcM1IVGBrQ=,TUeSa6FNdZxPUtPpFnGYg2pxU9g=
-8,-24,xTYlMWgaAIZQFvZNebcM1IVGBrQ=,TUeSa6FNdZxPUtPpFnGYg2pxU9g=
-7,-24,xTYlMWgaAIZQFvZNebcM1IVGBrQ=,TUeSa6FNdZxPUtPpFnGYg2pxU9g=
-5,-22,xTYlMWgaAIZQFvZNebcM1IVGBrQ=,TUeSa6FNdZxPUtPpFnGYg2pxU9g=
-10,-27,xTYlMWgaAIZQFvZNebcM1IVGBrQ=,zAuPH8Jq9Rz3VFwjzzSWVjwKn4c=
-9,-22,xTYlMWgaAIZQFvZNebcM1IVGBrQ=,AnZhfbhqiPMKyWK3mj768uJ5nM8=
-5,-24,xTYlMWgaAIZQFvZNebcM1IVGBrQ=,TUeSa6FNdZxPUtPpFnGYg2pxU9g=
-11,-19,xTYlMWgaAIZQFvZNebcM1IVGBrQ=,AnZhfbhqiPMKyWK3mj768uJ5nM8=
-5,-18,xTYlMWgaAIZQFvZNebcM1IVGBrQ=,TUeSa6FNdZxPUtPpFnGYg2pxU9g=
-5,-20,xTYlMWgaAIZQFvZNebcM1IVGBrQ=,TUeSa6FNdZxPUtPpFnGYg2pxU9g=
-5,-21,xTYlMWgaAIZQFvZNebcM1IVGBrQ=,TUeSa6FNdZxPUtPpFnGYg2pxU9g=
-8,-20,xTYlMWgaAIZQFvZNebcM1IVGBrQ=,TUeSa6FNdZxPUtPpFnGYg2pxU9g=
-9,-21,xTYlMWgaAIZQFvZNebcM1IVGBrQ=,AnZhfbhqiPMKyWK3mj768uJ5nM8=
-8,-19,xTYlMWgaAIZQFvZNebcM1IVGBrQ=,TUeSa6FNdZxPUtPpFnGYg2pxU9g=
-12,-26,xTYlMWgaAIZQFvZNebcM1IVGBrQ=,zAuPH8Jq9Rz3VFwjzzSWVjwKn4c=
-7,-19,xTYlMWgaAIZQFvZNebcM1IVGBrQ=,TUeSa6FNdZxPUtPpFnGYg2pxU9g=
-9,-27,xTYlMWgaAIZQFvZNebcM1IVGBrQ=,zAuPH8Jq9Rz3VFwjzzSWVjwKn4c=
-6,-18,xTYlMWgaAIZQFvZNebcM1IVGBrQ=,TUeSa6FNdZxPUtPpFnGYg2pxU9g=
-11,-26,xTYlMWgaAIZQFvZNebcM1IVGBrQ=,zAuPH8Jq9Rz3VFwjzzSWVjwKn4c=
-6,-21,xTYlMWgaAIZQFvZNebcM1IVGBrQ=,TUeSa6FNdZxPUtPpFnGYg2pxU9g=
-10,-26,xTYlMWgaAIZQFvZNebcM1IVGBrQ=,zAuPH8Jq9Rz3VFwjzzSWVjwKn4c=
-5,-19,xTYlMWgaAIZQFvZNebcM1IVGBrQ=,TUeSa6FNdZxPUtPpFnGYg2pxU9g=
-11,-25,xTYlMWgaAIZQFvZNebcM1IVGBrQ=,zAuPH8Jq9Rz3VFwjzzSWVjwKn4c=
-12,-25,xTYlMWgaAIZQFvZNebcM1IVGBrQ=,zAuPH8Jq9Rz3VFwjzzSWVjwKn4c=
-9,-23,xTYlMWgaAIZQFvZNebcM1IVGBrQ=,AnZhfbhqiPMKyWK3mj768uJ5nM8=
-6,-22,xTYlMWgaAIZQFvZNebcM1IVGBrQ=,TUeSa6FNdZxPUtPpFnGYg2pxU9g=
-9,-26,xTYlMWgaAIZQFvZNebcM1IVGBrQ=,zAuPH8Jq9Rz3VFwjzzSWVjwKn4c=
-6,-20,xTYlMWgaAIZQFvZNebcM1IVGBrQ=,TUeSa6FNdZxPUtPpFnGYg2pxU9g=
-6,-19,xTYlMWgaAIZQFvZNebcM1IVGBrQ=,TUeSa6FNdZxPUtPpFnGYg2pxU9g=
-6,-24,xTYlMWgaAIZQFvZNebcM1IVGBrQ=,TUeSa6FNdZxPUtPpFnGYg2pxU9g=
-1,-17,xTYlMWgaAIZQFvZNebcM1IVGBrQ=,TUeSa6FNdZxPUtPpFnGYg2pxU9g=
-3,-20,xTYlMWgaAIZQFvZNebcM1IVGBrQ=,TUeSa6FNdZxPUtPpFnGYg2pxU9g=
-2,-20,xTYlMWgaAIZQFvZNebcM1IVGBrQ=,TUeSa6FNdZxPUtPpFnGYg2pxU9g=
-3,-18,xTYlMWgaAIZQFvZNebcM1IVGBrQ=,TUeSa6FNdZxPUtPpFnGYg2pxU9g=
-2,-19,xTYlMWgaAIZQFvZNebcM1IVGBrQ=,TUeSa6FNdZxPUtPpFnGYg2pxU9g=
-3,-19,xTYlMWgaAIZQFvZNebcM1IVGBrQ=,TUeSa6FNdZxPUtPpFnGYg2pxU9g=
-1,-19,xTYlMWgaAIZQFvZNebcM1IVGBrQ=,TUeSa6FNdZxPUtPpFnGYg2pxU9g=
-4,-17,xTYlMWgaAIZQFvZNebcM1IVGBrQ=,TUeSa6FNdZxPUtPpFnGYg2pxU9g=
-1,-20,xTYlMWgaAIZQFvZNebcM1IVGBrQ=,TUeSa6FNdZxPUtPpFnGYg2pxU9g=
-4,-19,xTYlMWgaAIZQFvZNebcM1IVGBrQ=,TUeSa6FNdZxPUtPpFnGYg2pxU9g=
-4,-18,xTYlMWgaAIZQFvZNebcM1IVGBrQ=,TUeSa6FNdZxPUtPpFnGYg2pxU9g=
-1,-18,xTYlMWgaAIZQFvZNebcM1IVGBrQ=,TUeSa6FNdZxPUtPpFnGYg2pxU9g=
-2,-18,xTYlMWgaAIZQFvZNebcM1IVGBrQ=,TUeSa6FNdZxPUtPpFnGYg2pxU9g=
-3,-17,xTYlMWgaAIZQFvZNebcM1IVGBrQ=,TUeSa6FNdZxPUtPpFnGYg2pxU9g=
-1,-32,xTYlMWgaAIZQFvZNebcM1IVGBrQ=,jfwgSQLvh9alGl68pFiGHMIZqmo=
-4,-20,xTYlMWgaAIZQFvZNebcM1IVGBrQ=,TUeSa6FNdZxPUtPpFnGYg2pxU9g=
-4,-31,xTYlMWgaAIZQFvZNebcM1IVGBrQ=,jfwgSQLvh9alGl68pFiGHMIZqmo=
-1,-25,xTYlMWgaAIZQFvZNebcM1IVGBrQ=,jfwgSQLvh9alGl68pFiGHMIZqmo=
-2,-17,xTYlMWgaAIZQFvZNebcM1IVGBrQ=,TUeSa6FNdZxPUtPpFnGYg2pxU9g=
-3,-31,xTYlMWgaAIZQFvZNebcM1IVGBrQ=,jfwgSQLvh9alGl68pFiGHMIZqmo=
-1,-27,xTYlMWgaAIZQFvZNebcM1IVGBrQ=,jfwgSQLvh9alGl68pFiGHMIZqmo=
-1,-26,xTYlMWgaAIZQFvZNebcM1IVGBrQ=,jfwgSQLvh9alGl68pFiGHMIZqmo=
-2,-31,xTYlMWgaAIZQFvZNebcM1IVGBrQ=,jfwgSQLvh9alGl68pFiGHMIZqmo=
-3,-30,xTYlMWgaAIZQFvZNebcM1IVGBrQ=,jfwgSQLvh9alGl68pFiGHMIZqmo=
-1,-28,xTYlMWgaAIZQFvZNebcM1IVGBrQ=,jfwgSQLvh9alGl68pFiGHMIZqmo=
-3,-29,xTYlMWgaAIZQFvZNebcM1IVGBrQ=,jfwgSQLvh9alGl68pFiGHMIZqmo=
-4,-29,xTYlMWgaAIZQFvZNebcM1IVGBrQ=,jfwgSQLvh9alGl68pFiGHMIZqmo=
-1,-29,xTYlMWgaAIZQFvZNebcM1IVGBrQ=,jfwgSQLvh9alGl68pFiGHMIZqmo=
-1,-30,xTYlMWgaAIZQFvZNebcM1IVGBrQ=,jfwgSQLvh9alGl68pFiGHMIZqmo=
-4,-28,xTYlMWgaAIZQFvZNebcM1IVGBrQ=,jfwgSQLvh9alGl68pFiGHMIZqmo=
-2,-30,xTYlMWgaAIZQFvZNebcM1IVGBrQ=,jfwgSQLvh9alGl68pFiGHMIZqmo=
-2,-28,xTYlMWgaAIZQFvZNebcM1IVGBrQ=,jfwgSQLvh9alGl68pFiGHMIZqmo=
-3,-27,xTYlMWgaAIZQFvZNebcM1IVGBrQ=,jfwgSQLvh9alGl68pFiGHMIZqmo=
-4,-27,xTYlMWgaAIZQFvZNebcM1IVGBrQ=,jfwgSQLvh9alGl68pFiGHMIZqmo=
-2,-27,xTYlMWgaAIZQFvZNebcM1IVGBrQ=,jfwgSQLvh9alGl68pFiGHMIZqmo=
-1,-24,xTYlMWgaAIZQFvZNebcM1IVGBrQ=,TUeSa6FNdZxPUtPpFnGYg2pxU9g=
-1,-31,xTYlMWgaAIZQFvZNebcM1IVGBrQ=,jfwgSQLvh9alGl68pFiGHMIZqmo=
-4,-30,xTYlMWgaAIZQFvZNebcM1IVGBrQ=,jfwgSQLvh9alGl68pFiGHMIZqmo=
-4,-26,xTYlMWgaAIZQFvZNebcM1IVGBrQ=,jfwgSQLvh9alGl68pFiGHMIZqmo=
-2,-32,xTYlMWgaAIZQFvZNebcM1IVGBrQ=,jfwgSQLvh9alGl68pFiGHMIZqmo=
-3,-28,xTYlMWgaAIZQFvZNebcM1IVGBrQ=,jfwgSQLvh9alGl68pFiGHMIZqmo=
-3,-32,xTYlMWgaAIZQFvZNebcM1IVGBrQ=,jfwgSQLvh9alGl68pFiGHMIZqmo=
-2,-25,xTYlMWgaAIZQFvZNebcM1IVGBrQ=,jfwgSQLvh9alGl68pFiGHMIZqmo=
-2,-26,xTYlMWgaAIZQFvZNebcM1IVGBrQ=,jfwgSQLvh9alGl68pFiGHMIZqmo=
-4,-25,xTYlMWgaAIZQFvZNebcM1IVGBrQ=,jfwgSQLvh9alGl68pFiGHMIZqmo=
-4,-32,xTYlMWgaAIZQFvZNebcM1IVGBrQ=,jfwgSQLvh9alGl68pFiGHMIZqmo=
-2,-21,xTYlMWgaAIZQFvZNebcM1IVGBrQ=,TUeSa6FNdZxPUtPpFnGYg2pxU9g=
-2,-29,xTYlMWgaAIZQFvZNebcM1IVGBrQ=,jfwgSQLvh9alGl68pFiGHMIZqmo=
-3,-25,xTYlMWgaAIZQFvZNebcM1IVGBrQ=,jfwgSQLvh9alGl68pFiGHMIZqmo=
-3,-26,xTYlMWgaAIZQFvZNebcM1IVGBrQ=,jfwgSQLvh9alGl68pFiGHMIZqmo=
-4,-24,xTYlMWgaAIZQFvZNebcM1IVGBrQ=,TUeSa6FNdZxPUtPpFnGYg2pxU9g=
-1,-23,xTYlMWgaAIZQFvZNebcM1IVGBrQ=,TUeSa6FNdZxPUtPpFnGYg2pxU9g=
-4,-23,xTYlMWgaAIZQFvZNebcM1IVGBrQ=,TUeSa6FNdZxPUtPpFnGYg2pxU9g=
-3,-21,xTYlMWgaAIZQFvZNebcM1IVGBrQ=,TUeSa6FNdZxPUtPpFnGYg2pxU9g=
-3,-22,xTYlMWgaAIZQFvZNebcM1IVGBrQ=,TUeSa6FNdZxPUtPpFnGYg2pxU9g=
-2,-23,xTYlMWgaAIZQFvZNebcM1IVGBrQ=,TUeSa6FNdZxPUtPpFnGYg2pxU9g=
-4,-21,xTYlMWgaAIZQFvZNebcM1IVGBrQ=,TUeSa6FNdZxPUtPpFnGYg2pxU9g=
-1,-21,xTYlMWgaAIZQFvZNebcM1IVGBrQ=,TUeSa6FNdZxPUtPpFnGYg2pxU9g=
-3,-23,xTYlMWgaAIZQFvZNebcM1IVGBrQ=,TUeSa6FNdZxPUtPpFnGYg2pxU9g=
-3,-24,xTYlMWgaAIZQFvZNebcM1IVGBrQ=,TUeSa6FNdZxPUtPpFnGYg2pxU9g=
-2,-22,xTYlMWgaAIZQFvZNebcM1IVGBrQ=,TUeSa6FNdZxPUtPpFnGYg2pxU9g=
-4,-22,xTYlMWgaAIZQFvZNebcM1IVGBrQ=,TUeSa6FNdZxPUtPpFnGYg2pxU9g=
-15,-17,xTYlMWgaAIZQFvZNebcM1IVGBrQ=,AnZhfbhqiPMKyWK3mj768uJ5nM8=
-16,-17,xTYlMWgaAIZQFvZNebcM1IVGBrQ=,AnZhfbhqiPMKyWK3mj768uJ5nM8=
-14,-17,xTYlMWgaAIZQFvZNebcM1IVGBrQ=,AnZhfbhqiPMKyWK3mj768uJ5nM8=
-13,-19,xTYlMWgaAIZQFvZNebcM1IVGBrQ=,AnZhfbhqiPMKyWK3mj768uJ5nM8=
-13,-17,xTYlMWgaAIZQFvZNebcM1IVGBrQ=,AnZhfbhqiPMKyWK3mj768uJ5nM8=
-16,-20,xTYlMWgaAIZQFvZNebcM1IVGBrQ=,AnZhfbhqiPMKyWK3mj768uJ5nM8=
-13,-18,xTYlMWgaAIZQFvZNebcM1IVGBrQ=,AnZhfbhqiPMKyWK3mj768uJ5nM8=
-16,-18,xTYlMWgaAIZQFvZNebcM1IVGBrQ=,AnZhfbhqiPMKyWK3mj768uJ5nM8=
-15,-18,xTYlMWgaAIZQFvZNebcM1IVGBrQ=,AnZhfbhqiPMKyWK3mj768uJ5nM8=
-16,-19,xTYlMWgaAIZQFvZNebcM1IVGBrQ=,AnZhfbhqiPMKyWK3mj768uJ5nM8=
-14,-18,xTYlMWgaAIZQFvZNebcM1IVGBrQ=,AnZhfbhqiPMKyWK3mj768uJ5nM8=
-15,-19,xTYlMWgaAIZQFvZNebcM1IVGBrQ=,AnZhfbhqiPMKyWK3mj768uJ5nM8=
-14,-19,xTYlMWgaAIZQFvZNebcM1IVGBrQ=,AnZhfbhqiPMKyWK3mj768uJ5nM8=
-1,-22,xTYlMWgaAIZQFvZNebcM1IVGBrQ=,TUeSa6FNdZxPUtPpFnGYg2pxU9g=
-7,-31,xTYlMWgaAIZQFvZNebcM1IVGBrQ=,jfwgSQLvh9alGl68pFiGHMIZqmo=
-15,-20,xTYlMWgaAIZQFvZNebcM1IVGBrQ=,AnZhfbhqiPMKyWK3mj768uJ5nM8=
-12,-32,xTYlMWgaAIZQFvZNebcM1IVGBrQ=,zAuPH8Jq9Rz3VFwjzzSWVjwKn4c=
-6,-30,xTYlMWgaAIZQFvZNebcM1IVGBrQ=,jfwgSQLvh9alGl68pFiGHMIZqmo=
-6,-31,xTYlMWgaAIZQFvZNebcM1IVGBrQ=,jfwgSQLvh9alGl68pFiGHMIZqmo=
-6,-29,xTYlMWgaAIZQFvZNebcM1IVGBrQ=,jfwgSQLvh9alGl68pFiGHMIZqmo=
-7,-29,xTYlMWgaAIZQFvZNebcM1IVGBrQ=,jfwgSQLvh9alGl68pFiGHMIZqmo=
-5,-29,xTYlMWgaAIZQFvZNebcM1IVGBrQ=,jfwgSQLvh9alGl68pFiGHMIZqmo=
-12,-31,xTYlMWgaAIZQFvZNebcM1IVGBrQ=,zAuPH8Jq9Rz3VFwjzzSWVjwKn4c=
-5,-30,xTYlMWgaAIZQFvZNebcM1IVGBrQ=,jfwgSQLvh9alGl68pFiGHMIZqmo=
-8,-31,xTYlMWgaAIZQFvZNebcM1IVGBrQ=,jfwgSQLvh9alGl68pFiGHMIZqmo=
-9,-31,xTYlMWgaAIZQFvZNebcM1IVGBrQ=,zAuPH8Jq9Rz3VFwjzzSWVjwKn4c=
-11,-31,xTYlMWgaAIZQFvZNebcM1IVGBrQ=,zAuPH8Jq9Rz3VFwjzzSWVjwKn4c=
-16,-25,xTYlMWgaAIZQFvZNebcM1IVGBrQ=,zAuPH8Jq9Rz3VFwjzzSWVjwKn4c=
-8,-30,xTYlMWgaAIZQFvZNebcM1IVGBrQ=,jfwgSQLvh9alGl68pFiGHMIZqmo=
-11,-30,xTYlMWgaAIZQFvZNebcM1IVGBrQ=,zAuPH8Jq9Rz3VFwjzzSWVjwKn4c=
-8,-29,xTYlMWgaAIZQFvZNebcM1IVGBrQ=,jfwgSQLvh9alGl68pFiGHMIZqmo=
-11,-32,xTYlMWgaAIZQFvZNebcM1IVGBrQ=,zAuPH8Jq9Rz3VFwjzzSWVjwKn4c=
-9,-30,xTYlMWgaAIZQFvZNebcM1IVGBrQ=,zAuPH8Jq9Rz3VFwjzzSWVjwKn4c=
-12,-29,xTYlMWgaAIZQFvZNebcM1IVGBrQ=,zAuPH8Jq9Rz3VFwjzzSWVjwKn4c=
-10,-30,xTYlMWgaAIZQFvZNebcM1IVGBrQ=,zAuPH8Jq9Rz3VFwjzzSWVjwKn4c=
-9,-29,xTYlMWgaAIZQFvZNebcM1IVGBrQ=,zAuPH8Jq9Rz3VFwjzzSWVjwKn4c=
-11,-29,xTYlMWgaAIZQFvZNebcM1IVGBrQ=,zAuPH8Jq9Rz3VFwjzzSWVjwKn4c=
-16,-26,xTYlMWgaAIZQFvZNebcM1IVGBrQ=,zAuPH8Jq9Rz3VFwjzzSWVjwKn4c=
-12,-30,xTYlMWgaAIZQFvZNebcM1IVGBrQ=,zAuPH8Jq9Rz3VFwjzzSWVjwKn4c=
-16,-32,xTYlMWgaAIZQFvZNebcM1IVGBrQ=,zAuPH8Jq9Rz3VFwjzzSWVjwKn4c=
-10,-29,xTYlMWgaAIZQFvZNebcM1IVGBrQ=,zAuPH8Jq9Rz3VFwjzzSWVjwKn4c=
-16,-31,xTYlMWgaAIZQFvZNebcM1IVGBrQ=,zAuPH8Jq9Rz3VFwjzzSWVjwKn4c=
-15,-23,xTYlMWgaAIZQFvZNebcM1IVGBrQ=,AnZhfbhqiPMKyWK3mj768uJ5nM8=
-14,-23,xTYlMWgaAIZQFvZNebcM1IVGBrQ=,AnZhfbhqiPMKyWK3mj768uJ5nM8=
-15,-22,xTYlMWgaAIZQFvZNebcM1IVGBrQ=,AnZhfbhqiPMKyWK3mj768uJ5nM8=
-13,-23,xTYlMWgaAIZQFvZNebcM1IVGBrQ=,AnZhfbhqiPMKyWK3mj768uJ5nM8=
-14,-22,xTYlMWgaAIZQFvZNebcM1IVGBrQ=,AnZhfbhqiPMKyWK3mj768uJ5nM8=
-15,-21,xTYlMWgaAIZQFvZNebcM1IVGBrQ=,AnZhfbhqiPMKyWK3mj768uJ5nM8=
-14,-21,xTYlMWgaAIZQFvZNebcM1IVGBrQ=,AnZhfbhqiPMKyWK3mj768uJ5nM8=
-13,-22,xTYlMWgaAIZQFvZNebcM1IVGBrQ=,AnZhfbhqiPMKyWK3mj768uJ5nM8=
-16,-27,xTYlMWgaAIZQFvZNebcM1IVGBrQ=,zAuPH8Jq9Rz3VFwjzzSWVjwKn4c=
-15,-24,xTYlMWgaAIZQFvZNebcM1IVGBrQ=,AnZhfbhqiPMKyWK3mj768uJ5nM8=
-14,-24,xTYlMWgaAIZQFvZNebcM1IVGBrQ=,AnZhfbhqiPMKyWK3mj768uJ5nM8=
-13,-21,xTYlMWgaAIZQFvZNebcM1IVGBrQ=,AnZhfbhqiPMKyWK3mj768uJ5nM8=
-10,-32,xTYlMWgaAIZQFvZNebcM1IVGBrQ=,zAuPH8Jq9Rz3VFwjzzSWVjwKn4c=
-13,-24,xTYlMWgaAIZQFvZNebcM1IVGBrQ=,AnZhfbhqiPMKyWK3mj768uJ5nM8=
-7,-32,xTYlMWgaAIZQFvZNebcM1IVGBrQ=,jfwgSQLvh9alGl68pFiGHMIZqmo=
-16,-28,xTYlMWgaAIZQFvZNebcM1IVGBrQ=,zAuPH8Jq9Rz3VFwjzzSWVjwKn4c=
-15,-30,xTYlMWgaAIZQFvZNebcM1IVGBrQ=,zAuPH8Jq9Rz3VFwjzzSWVjwKn4c=
-14,-30,xTYlMWgaAIZQFvZNebcM1IVGBrQ=,zAuPH8Jq9Rz3VFwjzzSWVjwKn4c=
-15,-28,xTYlMWgaAIZQFvZNebcM1IVGBrQ=,zAuPH8Jq9Rz3VFwjzzSWVjwKn4c=
-13,-30,xTYlMWgaAIZQFvZNebcM1IVGBrQ=,zAuPH8Jq9Rz3VFwjzzSWVjwKn4c=
-6,-32,xTYlMWgaAIZQFvZNebcM1IVGBrQ=,jfwgSQLvh9alGl68pFiGHMIZqmo=
-5,-32,xTYlMWgaAIZQFvZNebcM1IVGBrQ=,jfwgSQLvh9alGl68pFiGHMIZqmo=
-15,-29,xTYlMWgaAIZQFvZNebcM1IVGBrQ=,zAuPH8Jq9Rz3VFwjzzSWVjwKn4c=
-8,-32,xTYlMWgaAIZQFvZNebcM1IVGBrQ=,jfwgSQLvh9alGl68pFiGHMIZqmo=
-14,-28,xTYlMWgaAIZQFvZNebcM1IVGBrQ=,zAuPH8Jq9Rz3VFwjzzSWVjwKn4c=
-13,-28,xTYlMWgaAIZQFvZNebcM1IVGBrQ=,zAuPH8Jq9Rz3VFwjzzSWVjwKn4c=
-13,-29,xTYlMWgaAIZQFvZNebcM1IVGBrQ=,zAuPH8Jq9Rz3VFwjzzSWVjwKn4c=
-14,-29,xTYlMWgaAIZQFvZNebcM1IVGBrQ=,zAuPH8Jq9Rz3VFwjzzSWVjwKn4c=
-15,-27,xTYlMWgaAIZQFvZNebcM1IVGBrQ=,zAuPH8Jq9Rz3VFwjzzSWVjwKn4c=
-9,-32,xTYlMWgaAIZQFvZNebcM1IVGBrQ=,zAuPH8Jq9Rz3VFwjzzSWVjwKn4c=
-14,-27,xTYlMWgaAIZQFvZNebcM1IVGBrQ=,zAuPH8Jq9Rz3VFwjzzSWVjwKn4c=
-13,-27,xTYlMWgaAIZQFvZNebcM1IVGBrQ=,zAuPH8Jq9Rz3VFwjzzSWVjwKn4c=
-15,-26,xTYlMWgaAIZQFvZNebcM1IVGBrQ=,zAuPH8Jq9Rz3VFwjzzSWVjwKn4c=
-13,-26,xTYlMWgaAIZQFvZNebcM1IVGBrQ=,zAuPH8Jq9Rz3VFwjzzSWVjwKn4c=
-15,-25,xTYlMWgaAIZQFvZNebcM1IVGBrQ=,zAuPH8Jq9Rz3VFwjzzSWVjwKn4c=
-14,-26,xTYlMWgaAIZQFvZNebcM1IVGBrQ=,zAuPH8Jq9Rz3VFwjzzSWVjwKn4c=
-14,-25,xTYlMWgaAIZQFvZNebcM1IVGBrQ=,zAuPH8Jq9Rz3VFwjzzSWVjwKn4c=
-13,-25,xTYlMWgaAIZQFvZNebcM1IVGBrQ=,zAuPH8Jq9Rz3VFwjzzSWVjwKn4c=
-16,-23,xTYlMWgaAIZQFvZNebcM1IVGBrQ=,AnZhfbhqiPMKyWK3mj768uJ5nM8=
-7,-30,xTYlMWgaAIZQFvZNebcM1IVGBrQ=,jfwgSQLvh9alGl68pFiGHMIZqmo=
-5,-31,xTYlMWgaAIZQFvZNebcM1IVGBrQ=,jfwgSQLvh9alGl68pFiGHMIZqmo=
-16,-29,xTYlMWgaAIZQFvZNebcM1IVGBrQ=,zAuPH8Jq9Rz3VFwjzzSWVjwKn4c=
-14,-31,xTYlMWgaAIZQFvZNebcM1IVGBrQ=,zAuPH8Jq9Rz3VFwjzzSWVjwKn4c=
-16,-22,xTYlMWgaAIZQFvZNebcM1IVGBrQ=,AnZhfbhqiPMKyWK3mj768uJ5nM8=
-15,-31,xTYlMWgaAIZQFvZNebcM1IVGBrQ=,zAuPH8Jq9Rz3VFwjzzSWVjwKn4c=
-16,-21,xTYlMWgaAIZQFvZNebcM1IVGBrQ=,AnZhfbhqiPMKyWK3mj768uJ5nM8=
-14,-20,xTYlMWgaAIZQFvZNebcM1IVGBrQ=,AnZhfbhqiPMKyWK3mj768uJ5nM8=
-10,-31,xTYlMWgaAIZQFvZNebcM1IVGBrQ=,zAuPH8Jq9Rz3VFwjzzSWVjwKn4c=
-13,-20,xTYlMWgaAIZQFvZNebcM1IVGBrQ=,AnZhfbhqiPMKyWK3mj768uJ5nM8=
-14,-32,xTYlMWgaAIZQFvZNebcM1IVGBrQ=,zAuPH8Jq9Rz3VFwjzzSWVjwKn4c=
-16,-24,xTYlMWgaAIZQFvZNebcM1IVGBrQ=,AnZhfbhqiPMKyWK3mj768uJ5nM8=
-15,-32,xTYlMWgaAIZQFvZNebcM1IVGBrQ=,zAuPH8Jq9Rz3VFwjzzSWVjwKn4c=
-13,-31,xTYlMWgaAIZQFvZNebcM1IVGBrQ=,zAuPH8Jq9Rz3VFwjzzSWVjwKn4c=
-16,-30,xTYlMWgaAIZQFvZNebcM1IVGBrQ=,zAuPH8Jq9Rz3VFwjzzSWVjwKn4c=
-2,-24,xTYlMWgaAIZQFvZNebcM1IVGBrQ=,TUeSa6FNdZxPUtPpFnGYg2pxU9g=
-13,-32,xTYlMWgaAIZQFvZNebcM1IVGBrQ=,zAuPH8Jq9Rz3VFwjzzSWVjwKn4c=
-24,-24,zhwi86CJv7LKN8Se89+jpIxS7BU=,hMrurlLmc0iq9cEz44KAGrPajbI=
-25,-24,zhwi86CJv7LKN8Se89+jpIxS7BU=,j+mW9PghsKAxGP11s0WS8rpYHdQ=
-28,-23,zhwi86CJv7LKN8Se89+jpIxS7BU=,j+mW9PghsKAxGP11s0WS8rpYHdQ=
-27,-23,zhwi86CJv7LKN8Se89+jpIxS7BU=,j+mW9PghsKAxGP11s0WS8rpYHdQ=
-26,-24,zhwi86CJv7LKN8Se89+jpIxS7BU=,j+mW9PghsKAxGP11s0WS8rpYHdQ=
-27,-24,zhwi86CJv7LKN8Se89+jpIxS7BU=,j+mW9PghsKAxGP11s0WS8rpYHdQ=
-28,-22,zhwi86CJv7LKN8Se89+jpIxS7BU=,j+mW9PghsKAxGP11s0WS8rpYHdQ=
-26,-23,zhwi86CJv7LKN8Se89+jpIxS7BU=,j+mW9PghsKAxGP11s0WS8rpYHdQ=
-27,-22,zhwi86CJv7LKN8Se89+jpIxS7BU=,j+mW9PghsKAxGP11s0WS8rpYHdQ=
-25,-21,zhwi86CJv7LKN8Se89+jpIxS7BU=,j+mW9PghsKAxGP11s0WS8rpYHdQ=
-28,-24,zhwi86CJv7LKN8Se89+jpIxS7BU=,j+mW9PghsKAxGP11s0WS8rpYHdQ=
-25,-26,zhwi86CJv7LKN8Se89+jpIxS7BU=,Y1Uf9bRM5xzbBIi4vRwTbxjbdFE=
-26,-26,zhwi86CJv7LKN8Se89+jpIxS7BU=,Y1Uf9bRM5xzbBIi4vRwTbxjbdFE=
-28,-25,zhwi86CJv7LKN8Se89+jpIxS7BU=,Y1Uf9bRM5xzbBIi4vRwTbxjbdFE=
-25,-22,zhwi86CJv7LKN8Se89+jpIxS7BU=,j+mW9PghsKAxGP11s0WS8rpYHdQ=
-27,-25,zhwi86CJv7LKN8Se89+jpIxS7BU=,Y1Uf9bRM5xzbBIi4vRwTbxjbdFE=
-25,-23,zhwi86CJv7LKN8Se89+jpIxS7BU=,j+mW9PghsKAxGP11s0WS8rpYHdQ=
-27,-21,zhwi86CJv7LKN8Se89+jpIxS7BU=,j+mW9PghsKAxGP11s0WS8rpYHdQ=
-26,-21,zhwi86CJv7LKN8Se89+jpIxS7BU=,j+mW9PghsKAxGP11s0WS8rpYHdQ=
-25,-25,zhwi86CJv7LKN8Se89+jpIxS7BU=,Y1Uf9bRM5xzbBIi4vRwTbxjbdFE=
-28,-21,zhwi86CJv7LKN8Se89+jpIxS7BU=,j+mW9PghsKAxGP11s0WS8rpYHdQ=
-26,-25,zhwi86CJv7LKN8Se89+jpIxS7BU=,Y1Uf9bRM5xzbBIi4vRwTbxjbdFE=
-23,-28,zhwi86CJv7LKN8Se89+jpIxS7BU=,jz5bJaqdQKblWu1e9Y6o4FgvsME=
-22,-28,zhwi86CJv7LKN8Se89+jpIxS7BU=,jz5bJaqdQKblWu1e9Y6o4FgvsME=
-26,-22,zhwi86CJv7LKN8Se89+jpIxS7BU=,j+mW9PghsKAxGP11s0WS8rpYHdQ=
-24,-26,zhwi86CJv7LKN8Se89+jpIxS7BU=,jz5bJaqdQKblWu1e9Y6o4FgvsME=
-27,-26,zhwi86CJv7LKN8Se89+jpIxS7BU=,Y1Uf9bRM5xzbBIi4vRwTbxjbdFE=
-24,-27,zhwi86CJv7LKN8Se89+jpIxS7BU=,jz5bJaqdQKblWu1e9Y6o4FgvsME=
-21,-28,zhwi86CJv7LKN8Se89+jpIxS7BU=,jz5bJaqdQKblWu1e9Y6o4FgvsME=
-28,-26,zhwi86CJv7LKN8Se89+jpIxS7BU=,Y1Uf9bRM5xzbBIi4vRwTbxjbdFE=
-22,-27,zhwi86CJv7LKN8Se89+jpIxS7BU=,jz5bJaqdQKblWu1e9Y6o4FgvsME=
-24,-28,zhwi86CJv7LKN8Se89+jpIxS7BU=,jz5bJaqdQKblWu1e9Y6o4FgvsME=
-21,-27,zhwi86CJv7LKN8Se89+jpIxS7BU=,jz5bJaqdQKblWu1e9Y6o4FgvsME=
-23,-26,zhwi86CJv7LKN8Se89+jpIxS7BU=,jz5bJaqdQKblWu1e9Y6o4FgvsME=
-21,-26,zhwi86CJv7LKN8Se89+jpIxS7BU=,jz5bJaqdQKblWu1e9Y6o4FgvsME=
-23,-25,zhwi86CJv7LKN8Se89+jpIxS7BU=,jz5bJaqdQKblWu1e9Y6o4FgvsME=
-22,-26,zhwi86CJv7LKN8Se89+jpIxS7BU=,jz5bJaqdQKblWu1e9Y6o4FgvsME=
-21,-25,zhwi86CJv7LKN8Se89+jpIxS7BU=,jz5bJaqdQKblWu1e9Y6o4FgvsME=
-25,-27,zhwi86CJv7LKN8Se89+jpIxS7BU=,Y1Uf9bRM5xzbBIi4vRwTbxjbdFE=
-26,-27,zhwi86CJv7LKN8Se89+jpIxS7BU=,Y1Uf9bRM5xzbBIi4vRwTbxjbdFE=
-28,-27,zhwi86CJv7LKN8Se89+jpIxS7BU=,Y1Uf9bRM5xzbBIi4vRwTbxjbdFE=
-27,-27,zhwi86CJv7LKN8Se89+jpIxS7BU=,Y1Uf9bRM5xzbBIi4vRwTbxjbdFE=
-24,-25,zhwi86CJv7LKN8Se89+jpIxS7BU=,jz5bJaqdQKblWu1e9Y6o4FgvsME=
-25,-28,zhwi86CJv7LKN8Se89+jpIxS7BU=,Y1Uf9bRM5xzbBIi4vRwTbxjbdFE=
-27,-28,zhwi86CJv7LKN8Se89+jpIxS7BU=,Y1Uf9bRM5xzbBIi4vRwTbxjbdFE=
-26,-28,zhwi86CJv7LKN8Se89+jpIxS7BU=,Y1Uf9bRM5xzbBIi4vRwTbxjbdFE=
-22,-21,zhwi86CJv7LKN8Se89+jpIxS7BU=,hMrurlLmc0iq9cEz44KAGrPajbI=
-28,-28,zhwi86CJv7LKN8Se89+jpIxS7BU=,Y1Uf9bRM5xzbBIi4vRwTbxjbdFE=
-24,-23,zhwi86CJv7LKN8Se89+jpIxS7BU=,hMrurlLmc0iq9cEz44KAGrPajbI=
-24,-22,zhwi86CJv7LKN8Se89+jpIxS7BU=,hMrurlLmc0iq9cEz44KAGrPajbI=
-23,-22,zhwi86CJv7LKN8Se89+jpIxS7BU=,hMrurlLmc0iq9cEz44KAGrPajbI=
-23,-23,zhwi86CJv7LKN8Se89+jpIxS7BU=,hMrurlLmc0iq9cEz44KAGrPajbI=
-22,-25,zhwi86CJv7LKN8Se89+jpIxS7BU=,jz5bJaqdQKblWu1e9Y6o4FgvsME=
-23,-21,zhwi86CJv7LKN8Se89+jpIxS7BU=,hMrurlLmc0iq9cEz44KAGrPajbI=
-21,-22,zhwi86CJv7LKN8Se89+jpIxS7BU=,hMrurlLmc0iq9cEz44KAGrPajbI=
-22,-22,zhwi86CJv7LKN8Se89+jpIxS7BU=,hMrurlLmc0iq9cEz44KAGrPajbI=
-21,-21,zhwi86CJv7LKN8Se89+jpIxS7BU=,hMrurlLmc0iq9cEz44KAGrPajbI=
-22,-23,zhwi86CJv7LKN8Se89+jpIxS7BU=,hMrurlLmc0iq9cEz44KAGrPajbI=
-21,-23,zhwi86CJv7LKN8Se89+jpIxS7BU=,hMrurlLmc0iq9cEz44KAGrPajbI=
-23,-24,zhwi86CJv7LKN8Se89+jpIxS7BU=,hMrurlLmc0iq9cEz44KAGrPajbI=
-22,-24,zhwi86CJv7LKN8Se89+jpIxS7BU=,hMrurlLmc0iq9cEz44KAGrPajbI=
-24,-21,zhwi86CJv7LKN8Se89+jpIxS7BU=,hMrurlLmc0iq9cEz44KAGrPajbI=
-21,-24,zhwi86CJv7LKN8Se89+jpIxS7BU=,hMrurlLmc0iq9cEz44KAGrPajbI=
-23,-27,zhwi86CJv7LKN8Se89+jpIxS7BU=,jz5bJaqdQKblWu1e9Y6o4FgvsME=
-17,-32,zhwi86CJv7LKN8Se89+jpIxS7BU=,jz5bJaqdQKblWu1e9Y6o4FgvsME=
-24,-32,zhwi86CJv7LKN8Se89+jpIxS7BU=,jz5bJaqdQKblWu1e9Y6o4FgvsME=
-20,-31,zhwi86CJv7LKN8Se89+jpIxS7BU=,jz5bJaqdQKblWu1e9Y6o4FgvsME=
-24,-29,zhwi86CJv7LKN8Se89+jpIxS7BU=,jz5bJaqdQKblWu1e9Y6o4FgvsME=
-17,-29,zhwi86CJv7LKN8Se89+jpIxS7BU=,jz5bJaqdQKblWu1e9Y6o4FgvsME=
-24,-30,zhwi86CJv7LKN8Se89+jpIxS7BU=,jz5bJaqdQKblWu1e9Y6o4FgvsME=
-17,-30,zhwi86CJv7LKN8Se89+jpIxS7BU=,jz5bJaqdQKblWu1e9Y6o4FgvsME=
-24,-31,zhwi86CJv7LKN8Se89+jpIxS7BU=,jz5bJaqdQKblWu1e9Y6o4FgvsME=
-17,-31,zhwi86CJv7LKN8Se89+jpIxS7BU=,jz5bJaqdQKblWu1e9Y6o4FgvsME=
-21,-32,zhwi86CJv7LKN8Se89+jpIxS7BU=,jz5bJaqdQKblWu1e9Y6o4FgvsME=
-19,-31,zhwi86CJv7LKN8Se89+jpIxS7BU=,jz5bJaqdQKblWu1e9Y6o4FgvsME=
-18,-32,zhwi86CJv7LKN8Se89+jpIxS7BU=,jz5bJaqdQKblWu1e9Y6o4FgvsME=
-18,-31,zhwi86CJv7LKN8Se89+jpIxS7BU=,jz5bJaqdQKblWu1e9Y6o4FgvsME=
-22,-32,zhwi86CJv7LKN8Se89+jpIxS7BU=,jz5bJaqdQKblWu1e9Y6o4FgvsME=
-20,-30,zhwi86CJv7LKN8Se89+jpIxS7BU=,jz5bJaqdQKblWu1e9Y6o4FgvsME=
-19,-30,zhwi86CJv7LKN8Se89+jpIxS7BU=,jz5bJaqdQKblWu1e9Y6o4FgvsME=
-18,-30,zhwi86CJv7LKN8Se89+jpIxS7BU=,jz5bJaqdQKblWu1e9Y6o4FgvsME=
-19,-32,zhwi86CJv7LKN8Se89+jpIxS7BU=,jz5bJaqdQKblWu1e9Y6o4FgvsME=
-23,-32,zhwi86CJv7LKN8Se89+jpIxS7BU=,jz5bJaqdQKblWu1e9Y6o4FgvsME=
-18,-29,zhwi86CJv7LKN8Se89+jpIxS7BU=,jz5bJaqdQKblWu1e9Y6o4FgvsME=
-20,-32,zhwi86CJv7LKN8Se89+jpIxS7BU=,jz5bJaqdQKblWu1e9Y6o4FgvsME=
-21,-29,zhwi86CJv7LKN8Se89+jpIxS7BU=,jz5bJaqdQKblWu1e9Y6o4FgvsME=
-25,-32,zhwi86CJv7LKN8Se89+jpIxS7BU=,Y1Uf9bRM5xzbBIi4vRwTbxjbdFE=
-22,-29,zhwi86CJv7LKN8Se89+jpIxS7BU=,jz5bJaqdQKblWu1e9Y6o4FgvsME=
-28,-31,zhwi86CJv7LKN8Se89+jpIxS7BU=,Y1Uf9bRM5xzbBIi4vRwTbxjbdFE=
-32,-32,zhwi86CJv7LKN8Se89+jpIxS7BU=,Y1Uf9bRM5xzbBIi4vRwTbxjbdFE=
-27,-31,zhwi86CJv7LKN8Se89+jpIxS7BU=,Y1Uf9bRM5xzbBIi4vRwTbxjbdFE=
-26,-31,zhwi86CJv7LKN8Se89+jpIxS7BU=,Y1Uf9bRM5xzbBIi4vRwTbxjbdFE=
-25,-31,zhwi86CJv7LKN8Se89+jpIxS7BU=,Y1Uf9bRM5xzbBIi4vRwTbxjbdFE=
-32,-30,zhwi86CJv7LKN8Se89+jpIxS7BU=,Y1Uf9bRM5xzbBIi4vRwTbxjbdFE=
-26,-32,zhwi86CJv7LKN8Se89+jpIxS7BU=,Y1Uf9bRM5xzbBIi4vRwTbxjbdFE=
-31,-30,zhwi86CJv7LKN8Se89+jpIxS7BU=,Y1Uf9bRM5xzbBIi4vRwTbxjbdFE=
-32,-31,zhwi86CJv7LKN8Se89+jpIxS7BU=,Y1Uf9bRM5xzbBIi4vRwTbxjbdFE=
-27,-32,zhwi86CJv7LKN8Se89+jpIxS7BU=,Y1Uf9bRM5xzbBIi4vRwTbxjbdFE=
-29,-30,zhwi86CJv7LKN8Se89+jpIxS7BU=,Y1Uf9bRM5xzbBIi4vRwTbxjbdFE=
-32,-28,zhwi86CJv7LKN8Se89+jpIxS7BU=,Y1Uf9bRM5xzbBIi4vRwTbxjbdFE=
-31,-28,zhwi86CJv7LKN8Se89+jpIxS7BU=,Y1Uf9bRM5xzbBIi4vRwTbxjbdFE=
-31,-23,zhwi86CJv7LKN8Se89+jpIxS7BU=,j+mW9PghsKAxGP11s0WS8rpYHdQ=
-29,-25,zhwi86CJv7LKN8Se89+jpIxS7BU=,Y1Uf9bRM5xzbBIi4vRwTbxjbdFE=
-30,-25,zhwi86CJv7LKN8Se89+jpIxS7BU=,Y1Uf9bRM5xzbBIi4vRwTbxjbdFE=
-31,-31,zhwi86CJv7LKN8Se89+jpIxS7BU=,Y1Uf9bRM5xzbBIi4vRwTbxjbdFE=
-32,-25,zhwi86CJv7LKN8Se89+jpIxS7BU=,Y1Uf9bRM5xzbBIi4vRwTbxjbdFE=
-28,-30,zhwi86CJv7LKN8Se89+jpIxS7BU=,Y1Uf9bRM5xzbBIi4vRwTbxjbdFE=
-29,-26,zhwi86CJv7LKN8Se89+jpIxS7BU=,Y1Uf9bRM5xzbBIi4vRwTbxjbdFE=
-31,-25,zhwi86CJv7LKN8Se89+jpIxS7BU=,Y1Uf9bRM5xzbBIi4vRwTbxjbdFE=
-30,-26,zhwi86CJv7LKN8Se89+jpIxS7BU=,Y1Uf9bRM5xzbBIi4vRwTbxjbdFE=
-28,-32,zhwi86CJv7LKN8Se89+jpIxS7BU=,Y1Uf9bRM5xzbBIi4vRwTbxjbdFE=
-31,-26,zhwi86CJv7LKN8Se89+jpIxS7BU=,Y1Uf9bRM5xzbBIi4vRwTbxjbdFE=
-32,-26,zhwi86CJv7LKN8Se89+jpIxS7BU=,Y1Uf9bRM5xzbBIi4vRwTbxjbdFE=
-27,-30,zhwi86CJv7LKN8Se89+jpIxS7BU=,Y1Uf9bRM5xzbBIi4vRwTbxjbdFE=
-30,-28,zhwi86CJv7LKN8Se89+jpIxS7BU=,Y1Uf9bRM5xzbBIi4vRwTbxjbdFE=
-29,-32,zhwi86CJv7LKN8Se89+jpIxS7BU=,Y1Uf9bRM5xzbBIi4vRwTbxjbdFE=
-26,-30,zhwi86CJv7LKN8Se89+jpIxS7BU=,Y1Uf9bRM5xzbBIi4vRwTbxjbdFE=
-30,-23,zhwi86CJv7LKN8Se89+jpIxS7BU=,j+mW9PghsKAxGP11s0WS8rpYHdQ=
-29,-27,zhwi86CJv7LKN8Se89+jpIxS7BU=,Y1Uf9bRM5xzbBIi4vRwTbxjbdFE=
-30,-32,zhwi86CJv7LKN8Se89+jpIxS7BU=,Y1Uf9bRM5xzbBIi4vRwTbxjbdFE=
-31,-27,zhwi86CJv7LKN8Se89+jpIxS7BU=,Y1Uf9bRM5xzbBIi4vRwTbxjbdFE=
-25,-30,zhwi86CJv7LKN8Se89+jpIxS7BU=,Y1Uf9bRM5xzbBIi4vRwTbxjbdFE=
-29,-28,zhwi86CJv7LKN8Se89+jpIxS7BU=,Y1Uf9bRM5xzbBIi4vRwTbxjbdFE=
-32,-27,zhwi86CJv7LKN8Se89+jpIxS7BU=,Y1Uf9bRM5xzbBIi4vRwTbxjbdFE=
-31,-29,zhwi86CJv7LKN8Se89+jpIxS7BU=,Y1Uf9bRM5xzbBIi4vRwTbxjbdFE=
-30,-29,zhwi86CJv7LKN8Se89+jpIxS7BU=,Y1Uf9bRM5xzbBIi4vRwTbxjbdFE=
-29,-23,zhwi86CJv7LKN8Se89+jpIxS7BU=,j+mW9PghsKAxGP11s0WS8rpYHdQ=
-31,-32,zhwi86CJv7LKN8Se89+jpIxS7BU=,Y1Uf9bRM5xzbBIi4vRwTbxjbdFE=
-23,-31,zhwi86CJv7LKN8Se89+jpIxS7BU=,jz5bJaqdQKblWu1e9Y6o4FgvsME=
-27,-29,zhwi86CJv7LKN8Se89+jpIxS7BU=,Y1Uf9bRM5xzbBIi4vRwTbxjbdFE=
-28,-29,zhwi86CJv7LKN8Se89+jpIxS7BU=,Y1Uf9bRM5xzbBIi4vRwTbxjbdFE=
-29,-29,zhwi86CJv7LKN8Se89+jpIxS7BU=,Y1Uf9bRM5xzbBIi4vRwTbxjbdFE=
-22,-31,zhwi86CJv7LKN8Se89+jpIxS7BU=,jz5bJaqdQKblWu1e9Y6o4FgvsME=
-26,-29,zhwi86CJv7LKN8Se89+jpIxS7BU=,Y1Uf9bRM5xzbBIi4vRwTbxjbdFE=
-21,-31,zhwi86CJv7LKN8Se89+jpIxS7BU=,jz5bJaqdQKblWu1e9Y6o4FgvsME=
-19,-29,zhwi86CJv7LKN8Se89+jpIxS7BU=,jz5bJaqdQKblWu1e9Y6o4FgvsME=
-23,-30,zhwi86CJv7LKN8Se89+jpIxS7BU=,jz5bJaqdQKblWu1e9Y6o4FgvsME=
-22,-30,zhwi86CJv7LKN8Se89+jpIxS7BU=,jz5bJaqdQKblWu1e9Y6o4FgvsME=
-21,-30,zhwi86CJv7LKN8Se89+jpIxS7BU=,jz5bJaqdQKblWu1e9Y6o4FgvsME=
-30,-17,zhwi86CJv7LKN8Se89+jpIxS7BU=,j+mW9PghsKAxGP11s0WS8rpYHdQ=
-31,-17,zhwi86CJv7LKN8Se89+jpIxS7BU=,j+mW9PghsKAxGP11s0WS8rpYHdQ=
-29,-31,zhwi86CJv7LKN8Se89+jpIxS7BU=,Y1Uf9bRM5xzbBIi4vRwTbxjbdFE=
-31,-22,zhwi86CJv7LKN8Se89+jpIxS7BU=,j+mW9PghsKAxGP11s0WS8rpYHdQ=
-29,-17,zhwi86CJv7LKN8Se89+jpIxS7BU=,j+mW9PghsKAxGP11s0WS8rpYHdQ=
-25,-29,zhwi86CJv7LKN8Se89+jpIxS7BU=,Y1Uf9bRM5xzbBIi4vRwTbxjbdFE=
-31,-20,zhwi86CJv7LKN8Se89+jpIxS7BU=,j+mW9PghsKAxGP11s0WS8rpYHdQ=
-30,-22,zhwi86CJv7LKN8Se89+jpIxS7BU=,j+mW9PghsKAxGP11s0WS8rpYHdQ=
-29,-22,zhwi86CJv7LKN8Se89+jpIxS7BU=,j+mW9PghsKAxGP11s0WS8rpYHdQ=
-31,-19,zhwi86CJv7LKN8Se89+jpIxS7BU=,j+mW9PghsKAxGP11s0WS8rpYHdQ=
-30,-19,zhwi86CJv7LKN8Se89+jpIxS7BU=,j+mW9PghsKAxGP11s0WS8rpYHdQ=
-20,-29,zhwi86CJv7LKN8Se89+jpIxS7BU=,jz5bJaqdQKblWu1e9Y6o4FgvsME=
-30,-20,zhwi86CJv7LKN8Se89+jpIxS7BU=,j+mW9PghsKAxGP11s0WS8rpYHdQ=
-29,-21,zhwi86CJv7LKN8Se89+jpIxS7BU=,j+mW9PghsKAxGP11s0WS8rpYHdQ=
-29,-19,zhwi86CJv7LKN8Se89+jpIxS7BU=,j+mW9PghsKAxGP11s0WS8rpYHdQ=
-31,-18,zhwi86CJv7LKN8Se89+jpIxS7BU=,j+mW9PghsKAxGP11s0WS8rpYHdQ=
-30,-18,zhwi86CJv7LKN8Se89+jpIxS7BU=,j+mW9PghsKAxGP11s0WS8rpYHdQ=
-29,-18,zhwi86CJv7LKN8Se89+jpIxS7BU=,j+mW9PghsKAxGP11s0WS8rpYHdQ=
-31,-21,zhwi86CJv7LKN8Se89+jpIxS7BU=,j+mW9PghsKAxGP11s0WS8rpYHdQ=
-23,-29,zhwi86CJv7LKN8Se89+jpIxS7BU=,jz5bJaqdQKblWu1e9Y6o4FgvsME=
-32,-17,zhwi86CJv7LKN8Se89+jpIxS7BU=,j+mW9PghsKAxGP11s0WS8rpYHdQ=
-32,-20,zhwi86CJv7LKN8Se89+jpIxS7BU=,j+mW9PghsKAxGP11s0WS8rpYHdQ=
-32,-19,zhwi86CJv7LKN8Se89+jpIxS7BU=,j+mW9PghsKAxGP11s0WS8rpYHdQ=
-31,-24,zhwi86CJv7LKN8Se89+jpIxS7BU=,j+mW9PghsKAxGP11s0WS8rpYHdQ=
-32,-24,zhwi86CJv7LKN8Se89+jpIxS7BU=,j+mW9PghsKAxGP11s0WS8rpYHdQ=
-30,-30,zhwi86CJv7LKN8Se89+jpIxS7BU=,Y1Uf9bRM5xzbBIi4vRwTbxjbdFE=
-32,-23,zhwi86CJv7LKN8Se89+jpIxS7BU=,j+mW9PghsKAxGP11s0WS8rpYHdQ=
-32,-22,zhwi86CJv7LKN8Se89+jpIxS7BU=,j+mW9PghsKAxGP11s0WS8rpYHdQ=
-32,-18,zhwi86CJv7LKN8Se89+jpIxS7BU=,j+mW9PghsKAxGP11s0WS8rpYHdQ=
-29,-20,zhwi86CJv7LKN8Se89+jpIxS7BU=,j+mW9PghsKAxGP11s0WS8rpYHdQ=
-32,-21,zhwi86CJv7LKN8Se89+jpIxS7BU=,j+mW9PghsKAxGP11s0WS8rpYHdQ=
-32,-29,zhwi86CJv7LKN8Se89+jpIxS7BU=,Y1Uf9bRM5xzbBIi4vRwTbxjbdFE=
-30,-21,zhwi86CJv7LKN8Se89+jpIxS7BU=,j+mW9PghsKAxGP11s0WS8rpYHdQ=
-30,-31,zhwi86CJv7LKN8Se89+jpIxS7BU=,Y1Uf9bRM5xzbBIi4vRwTbxjbdFE=
-30,-27,zhwi86CJv7LKN8Se89+jpIxS7BU=,Y1Uf9bRM5xzbBIi4vRwTbxjbdFE=
-30,-24,zhwi86CJv7LKN8Se89+jpIxS7BU=,j+mW9PghsKAxGP11s0WS8rpYHdQ=
-29,-24,zhwi86CJv7LKN8Se89+jpIxS7BU=,j+mW9PghsKAxGP11s0WS8rpYHdQ=
-17,-26,zhwi86CJv7LKN8Se89+jpIxS7BU=,jz5bJaqdQKblWu1e9Y6o4FgvsME=
-17,-27,zhwi86CJv7LKN8Se89+jpIxS7BU=,jz5bJaqdQKblWu1e9Y6o4FgvsME=
-17,-28,zhwi86CJv7LKN8Se89+jpIxS7BU=,jz5bJaqdQKblWu1e9Y6o4FgvsME=
-17,-25,zhwi86CJv7LKN8Se89+jpIxS7BU=,jz5bJaqdQKblWu1e9Y6o4FgvsME=
-17,-22,zhwi86CJv7LKN8Se89+jpIxS7BU=,hMrurlLmc0iq9cEz44KAGrPajbI=
-20,-23,zhwi86CJv7LKN8Se89+jpIxS7BU=,hMrurlLmc0iq9cEz44KAGrPajbI=
-18,-25,zhwi86CJv7LKN8Se89+jpIxS7BU=,jz5bJaqdQKblWu1e9Y6o4FgvsME=
-20,-28,zhwi86CJv7LKN8Se89+jpIxS7BU=,jz5bJaqdQKblWu1e9Y6o4FgvsME=
-17,-21,zhwi86CJv7LKN8Se89+jpIxS7BU=,hMrurlLmc0iq9cEz44KAGrPajbI=
-19,-23,zhwi86CJv7LKN8Se89+jpIxS7BU=,hMrurlLmc0iq9cEz44KAGrPajbI=
-18,-23,zhwi86CJv7LKN8Se89+jpIxS7BU=,hMrurlLmc0iq9cEz44KAGrPajbI=
-19,-25,zhwi86CJv7LKN8Se89+jpIxS7BU=,jz5bJaqdQKblWu1e9Y6o4FgvsME=
-20,-21,zhwi86CJv7LKN8Se89+jpIxS7BU=,hMrurlLmc0iq9cEz44KAGrPajbI=
-19,-28,zhwi86CJv7LKN8Se89+jpIxS7BU=,jz5bJaqdQKblWu1e9Y6o4FgvsME=
-20,-22,zhwi86CJv7LKN8Se89+jpIxS7BU=,hMrurlLmc0iq9cEz44KAGrPajbI=
-19,-21,zhwi86CJv7LKN8Se89+jpIxS7BU=,hMrurlLmc0iq9cEz44KAGrPajbI=
-17,-23,zhwi86CJv7LKN8Se89+jpIxS7BU=,hMrurlLmc0iq9cEz44KAGrPajbI=
-19,-22,zhwi86CJv7LKN8Se89+jpIxS7BU=,hMrurlLmc0iq9cEz44KAGrPajbI=
-18,-22,zhwi86CJv7LKN8Se89+jpIxS7BU=,hMrurlLmc0iq9cEz44KAGrPajbI=
-20,-27,zhwi86CJv7LKN8Se89+jpIxS7BU=,jz5bJaqdQKblWu1e9Y6o4FgvsME=
-19,-24,zhwi86CJv7LKN8Se89+jpIxS7BU=,hMrurlLmc0iq9cEz44KAGrPajbI=
-20,-24,zhwi86CJv7LKN8Se89+jpIxS7BU=,hMrurlLmc0iq9cEz44KAGrPajbI=
-19,-27,zhwi86CJv7LKN8Se89+jpIxS7BU=,jz5bJaqdQKblWu1e9Y6o4FgvsME=
-18,-27,zhwi86CJv7LKN8Se89+jpIxS7BU=,jz5bJaqdQKblWu1e9Y6o4FgvsME=
-17,-24,zhwi86CJv7LKN8Se89+jpIxS7BU=,hMrurlLmc0iq9cEz44KAGrPajbI=
-18,-24,zhwi86CJv7LKN8Se89+jpIxS7BU=,hMrurlLmc0iq9cEz44KAGrPajbI=
-20,-26,zhwi86CJv7LKN8Se89+jpIxS7BU=,jz5bJaqdQKblWu1e9Y6o4FgvsME=
-18,-28,zhwi86CJv7LKN8Se89+jpIxS7BU=,jz5bJaqdQKblWu1e9Y6o4FgvsME=
-20,-25,zhwi86CJv7LKN8Se89+jpIxS7BU=,jz5bJaqdQKblWu1e9Y6o4FgvsME=
-19,-26,zhwi86CJv7LKN8Se89+jpIxS7BU=,jz5bJaqdQKblWu1e9Y6o4FgvsME=
-18,-21,zhwi86CJv7LKN8Se89+jpIxS7BU=,hMrurlLmc0iq9cEz44KAGrPajbI=
-18,-26,zhwi86CJv7LKN8Se89+jpIxS7BU=,jz5bJaqdQKblWu1e9Y6o4FgvsME=
-18,-17,zhwi86CJv7LKN8Se89+jpIxS7BU=,hMrurlLmc0iq9cEz44KAGrPajbI=
-25,-17,zhwi86CJv7LKN8Se89+jpIxS7BU=,j+mW9PghsKAxGP11s0WS8rpYHdQ=
-28,-18,zhwi86CJv7LKN8Se89+jpIxS7BU=,j+mW9PghsKAxGP11s0WS8rpYHdQ=
-19,-17,zhwi86CJv7LKN8Se89+jpIxS7BU=,hMrurlLmc0iq9cEz44KAGrPajbI=
-27,-18,zhwi86CJv7LKN8Se89+jpIxS7BU=,j+mW9PghsKAxGP11s0WS8rpYHdQ=
-26,-18,zhwi86CJv7LKN8Se89+jpIxS7BU=,j+mW9PghsKAxGP11s0WS8rpYHdQ=
-28,-17,zhwi86CJv7LKN8Se89+jpIxS7BU=,j+mW9PghsKAxGP11s0WS8rpYHdQ=
-27,-20,zhwi86CJv7LKN8Se89+jpIxS7BU=,j+mW9PghsKAxGP11s0WS8rpYHdQ=
-26,-17,zhwi86CJv7LKN8Se89+jpIxS7BU=,j+mW9PghsKAxGP11s0WS8rpYHdQ=
-27,-17,zhwi86CJv7LKN8Se89+jpIxS7BU=,j+mW9PghsKAxGP11s0WS8rpYHdQ=
-28,-20,zhwi86CJv7LKN8Se89+jpIxS7BU=,j+mW9PghsKAxGP11s0WS8rpYHdQ=
-26,-20,zhwi86CJv7LKN8Se89+jpIxS7BU=,j+mW9PghsKAxGP11s0WS8rpYHdQ=
-20,-17,zhwi86CJv7LKN8Se89+jpIxS7BU=,hMrurlLmc0iq9cEz44KAGrPajbI=
-28,-19,zhwi86CJv7LKN8Se89+jpIxS7BU=,j+mW9PghsKAxGP11s0WS8rpYHdQ=
-27,-19,zhwi86CJv7LKN8Se89+jpIxS7BU=,j+mW9PghsKAxGP11s0WS8rpYHdQ=
-24,-18,zhwi86CJv7LKN8Se89+jpIxS7BU=,hMrurlLmc0iq9cEz44KAGrPajbI=
-18,-20,zhwi86CJv7LKN8Se89+jpIxS7BU=,hMrurlLmc0iq9cEz44KAGrPajbI=
-25,-18,zhwi86CJv7LKN8Se89+jpIxS7BU=,j+mW9PghsKAxGP11s0WS8rpYHdQ=
-24,-19,zhwi86CJv7LKN8Se89+jpIxS7BU=,hMrurlLmc0iq9cEz44KAGrPajbI=
-23,-18,zhwi86CJv7LKN8Se89+jpIxS7BU=,hMrurlLmc0iq9cEz44KAGrPajbI=
-26,-19,zhwi86CJv7LKN8Se89+jpIxS7BU=,j+mW9PghsKAxGP11s0WS8rpYHdQ=
-23,-19,zhwi86CJv7LKN8Se89+jpIxS7BU=,hMrurlLmc0iq9cEz44KAGrPajbI=
-22,-19,zhwi86CJv7LKN8Se89+jpIxS7BU=,hMrurlLmc0iq9cEz44KAGrPajbI=
-22,-18,zhwi86CJv7LKN8Se89+jpIxS7BU=,hMrurlLmc0iq9cEz44KAGrPajbI=
-21,-17,zhwi86CJv7LKN8Se89+jpIxS7BU=,hMrurlLmc0iq9cEz44KAGrPajbI=
-21,-19,zhwi86CJv7LKN8Se89+jpIxS7BU=,hMrurlLmc0iq9cEz44KAGrPajbI=
-24,-20,zhwi86CJv7LKN8Se89+jpIxS7BU=,hMrurlLmc0iq9cEz44KAGrPajbI=
-20,-19,zhwi86CJv7LKN8Se89+jpIxS7BU=,hMrurlLmc0iq9cEz44KAGrPajbI=
-21,-18,zhwi86CJv7LKN8Se89+jpIxS7BU=,hMrurlLmc0iq9cEz44KAGrPajbI=
-23,-20,zhwi86CJv7LKN8Se89+jpIxS7BU=,hMrurlLmc0iq9cEz44KAGrPajbI=
-20,-18,zhwi86CJv7LKN8Se89+jpIxS7BU=,hMrurlLmc0iq9cEz44KAGrPajbI=
-22,-20,zhwi86CJv7LKN8Se89+jpIxS7BU=,hMrurlLmc0iq9cEz44KAGrPajbI=
-19,-18,zhwi86CJv7LKN8Se89+jpIxS7BU=,hMrurlLmc0iq9cEz44KAGrPajbI=
-17,-17,zhwi86CJv7LKN8Se89+jpIxS7BU=,hMrurlLmc0iq9cEz44KAGrPajbI=
-18,-18,zhwi86CJv7LKN8Se89+jpIxS7BU=,hMrurlLmc0iq9cEz44KAGrPajbI=
-19,-19,zhwi86CJv7LKN8Se89+jpIxS7BU=,hMrurlLmc0iq9cEz44KAGrPajbI=
-21,-20,zhwi86CJv7LKN8Se89+jpIxS7BU=,hMrurlLmc0iq9cEz44KAGrPajbI=
-20,-20,zhwi86CJv7LKN8Se89+jpIxS7BU=,hMrurlLmc0iq9cEz44KAGrPajbI=
-25,-20,zhwi86CJv7LKN8Se89+jpIxS7BU=,j+mW9PghsKAxGP11s0WS8rpYHdQ=
-25,-19,zhwi86CJv7LKN8Se89+jpIxS7BU=,j+mW9PghsKAxGP11s0WS8rpYHdQ=
-19,-20,zhwi86CJv7LKN8Se89+jpIxS7BU=,hMrurlLmc0iq9cEz44KAGrPajbI=
-18,-19,zhwi86CJv7LKN8Se89+jpIxS7BU=,hMrurlLmc0iq9cEz44KAGrPajbI=
-17,-20,zhwi86CJv7LKN8Se89+jpIxS7BU=,hMrurlLmc0iq9cEz44KAGrPajbI=
-17,-18,zhwi86CJv7LKN8Se89+jpIxS7BU=,hMrurlLmc0iq9cEz44KAGrPajbI=
-22,-17,zhwi86CJv7LKN8Se89+jpIxS7BU=,hMrurlLmc0iq9cEz44KAGrPajbI=
-24,-17,zhwi86CJv7LKN8Se89+jpIxS7BU=,hMrurlLmc0iq9cEz44KAGrPajbI=
-17,-19,zhwi86CJv7LKN8Se89+jpIxS7BU=,hMrurlLmc0iq9cEz44KAGrPajbI=
-23,-17,zhwi86CJv7LKN8Se89+jpIxS7BU=,hMrurlLmc0iq9cEz44KAGrPajbI=
-23,-8,Jc1tbPqjQmOlXsDwFe75tFji9fQ=,RAAAf/le7dVqOMSRXfsQKqrcbs8=
-25,-8,Jc1tbPqjQmOlXsDwFe75tFji9fQ=,SvbUgHkOf0KKQL4j+0/jgFFgoWA=
-26,-8,Jc1tbPqjQmOlXsDwFe75tFji9fQ=,SvbUgHkOf0KKQL4j+0/jgFFgoWA=
-27,-8,quJlf1k4+KRilzLvq79BH39Nzjg=,SvbUgHkOf0KKQL4j+0/jgFFgoWA=
-26,-7,quJlf1k4+KRilzLvq79BH39Nzjg=,SvbUgHkOf0KKQL4j+0/jgFFgoWA=
-28,-7,quJlf1k4+KRilzLvq79BH39Nzjg=,SvbUgHkOf0KKQL4j+0/jgFFgoWA=
-27,-7,quJlf1k4+KRilzLvq79BH39Nzjg=,SvbUgHkOf0KKQL4j+0/jgFFgoWA=
-27,-6,quJlf1k4+KRilzLvq79BH39Nzjg=,SvbUgHkOf0KKQL4j+0/jgFFgoWA=
-26,-6,quJlf1k4+KRilzLvq79BH39Nzjg=,SvbUgHkOf0KKQL4j+0/jgFFgoWA=
-28,-6,quJlf1k4+KRilzLvq79BH39Nzjg=,SvbUgHkOf0KKQL4j+0/jgFFgoWA=
-28,-8,quJlf1k4+KRilzLvq79BH39Nzjg=,SvbUgHkOf0KKQL4j+0/jgFFgoWA=
-25,-5,quJlf1k4+KRilzLvq79BH39Nzjg=,SvbUgHkOf0KKQL4j+0/jgFFgoWA=
-27,-5,quJlf1k4+KRilzLvq79BH39Nzjg=,SvbUgHkOf0KKQL4j+0/jgFFgoWA=
-28,-5,quJlf1k4+KRilzLvq79BH39Nzjg=,SvbUgHkOf0KKQL4j+0/jgFFgoWA=
-26,-5,quJlf1k4+KRilzLvq79BH39Nzjg=,SvbUgHkOf0KKQL4j+0/jgFFgoWA=
-25,-7,quJlf1k4+KRilzLvq79BH39Nzjg=,SvbUgHkOf0KKQL4j+0/jgFFgoWA=
-24,-8,quJlf1k4+KRilzLvq79BH39Nzjg=,RAAAf/le7dVqOMSRXfsQKqrcbs8=
-24,-11,quJlf1k4+KRilzLvq79BH39Nzjg=,sq8KJSMwzmLZrgdaibv4nvEPGE0=
-25,-11,quJlf1k4+KRilzLvq79BH39Nzjg=,ueYtaO/pQjD1385Y//pMdDGigkA=
-26,-11,quJlf1k4+KRilzLvq79BH39Nzjg=,ueYtaO/pQjD1385Y//pMdDGigkA=
-28,-11,quJlf1k4+KRilzLvq79BH39Nzjg=,ueYtaO/pQjD1385Y//pMdDGigkA=
-24,-12,quJlf1k4+KRilzLvq79BH39Nzjg=,sq8KJSMwzmLZrgdaibv4nvEPGE0=
-26,-12,quJlf1k4+KRilzLvq79BH39Nzjg=,ueYtaO/pQjD1385Y//pMdDGigkA=
-27,-12,quJlf1k4+KRilzLvq79BH39Nzjg=,ueYtaO/pQjD1385Y//pMdDGigkA=
-28,-12,quJlf1k4+KRilzLvq79BH39Nzjg=,ueYtaO/pQjD1385Y//pMdDGigkA=
-22,-8,quJlf1k4+KRilzLvq79BH39Nzjg=,RAAAf/le7dVqOMSRXfsQKqrcbs8=
-24,-5,quJlf1k4+KRilzLvq79BH39Nzjg=,RAAAf/le7dVqOMSRXfsQKqrcbs8=
-21,-8,quJlf1k4+KRilzLvq79BH39Nzjg=,RAAAf/le7dVqOMSRXfsQKqrcbs8=
-23,-7,quJlf1k4+KRilzLvq79BH39Nzjg=,RAAAf/le7dVqOMSRXfsQKqrcbs8=
-23,-6,quJlf1k4+KRilzLvq79BH39Nzjg=,RAAAf/le7dVqOMSRXfsQKqrcbs8=
-24,-7,quJlf1k4+KRilzLvq79BH39Nzjg=,RAAAf/le7dVqOMSRXfsQKqrcbs8=
-24,-6,quJlf1k4+KRilzLvq79BH39Nzjg=,RAAAf/le7dVqOMSRXfsQKqrcbs8=
-22,-6,quJlf1k4+KRilzLvq79BH39Nzjg=,RAAAf/le7dVqOMSRXfsQKqrcbs8=
-22,-7,quJlf1k4+KRilzLvq79BH39Nzjg=,RAAAf/le7dVqOMSRXfsQKqrcbs8=
-23,-12,quJlf1k4+KRilzLvq79BH39Nzjg=,sq8KJSMwzmLZrgdaibv4nvEPGE0=
-22,-5,quJlf1k4+KRilzLvq79BH39Nzjg=,RAAAf/le7dVqOMSRXfsQKqrcbs8=
-21,-7,quJlf1k4+KRilzLvq79BH39Nzjg=,RAAAf/le7dVqOMSRXfsQKqrcbs8=
-23,-5,quJlf1k4+KRilzLvq79BH39Nzjg=,RAAAf/le7dVqOMSRXfsQKqrcbs8=
-21,-5,quJlf1k4+KRilzLvq79BH39Nzjg=,RAAAf/le7dVqOMSRXfsQKqrcbs8=
-21,-6,quJlf1k4+KRilzLvq79BH39Nzjg=,RAAAf/le7dVqOMSRXfsQKqrcbs8=
-21,-12,quJlf1k4+KRilzLvq79BH39Nzjg=,sq8KJSMwzmLZrgdaibv4nvEPGE0=
-23,-11,quJlf1k4+KRilzLvq79BH39Nzjg=,sq8KJSMwzmLZrgdaibv4nvEPGE0=
-21,-11,quJlf1k4+KRilzLvq79BH39Nzjg=,sq8KJSMwzmLZrgdaibv4nvEPGE0=
-22,-10,quJlf1k4+KRilzLvq79BH39Nzjg=,sq8KJSMwzmLZrgdaibv4nvEPGE0=
-23,-9,quJlf1k4+KRilzLvq79BH39Nzjg=,sq8KJSMwzmLZrgdaibv4nvEPGE0=
-21,-10,quJlf1k4+KRilzLvq79BH39Nzjg=,sq8KJSMwzmLZrgdaibv4nvEPGE0=
-21,-9,quJlf1k4+KRilzLvq79BH39Nzjg=,sq8KJSMwzmLZrgdaibv4nvEPGE0=
-25,-9,quJlf1k4+KRilzLvq79BH39Nzjg=,ueYtaO/pQjD1385Y//pMdDGigkA=
-26,-9,quJlf1k4+KRilzLvq79BH39Nzjg=,ueYtaO/pQjD1385Y//pMdDGigkA=
-27,-9,quJlf1k4+KRilzLvq79BH39Nzjg=,ueYtaO/pQjD1385Y//pMdDGigkA=
-24,-9,quJlf1k4+KRilzLvq79BH39Nzjg=,sq8KJSMwzmLZrgdaibv4nvEPGE0=
-28,-9,quJlf1k4+KRilzLvq79BH39Nzjg=,ueYtaO/pQjD1385Y//pMdDGigkA=
-25,-10,quJlf1k4+KRilzLvq79BH39Nzjg=,ueYtaO/pQjD1385Y//pMdDGigkA=
-24,-10,quJlf1k4+KRilzLvq79BH39Nzjg=,sq8KJSMwzmLZrgdaibv4nvEPGE0=
-28,-10,quJlf1k4+KRilzLvq79BH39Nzjg=,ueYtaO/pQjD1385Y//pMdDGigkA=
-26,-10,quJlf1k4+KRilzLvq79BH39Nzjg=,ueYtaO/pQjD1385Y//pMdDGigkA=
-25,-6,quJlf1k4+KRilzLvq79BH39Nzjg=,SvbUgHkOf0KKQL4j+0/jgFFgoWA=
-27,-10,quJlf1k4+KRilzLvq79BH39Nzjg=,ueYtaO/pQjD1385Y//pMdDGigkA=
-27,-11,quJlf1k4+KRilzLvq79BH39Nzjg=,ueYtaO/pQjD1385Y//pMdDGigkA=
-25,-12,quJlf1k4+KRilzLvq79BH39Nzjg=,ueYtaO/pQjD1385Y//pMdDGigkA=
-22,-12,quJlf1k4+KRilzLvq79BH39Nzjg=,sq8KJSMwzmLZrgdaibv4nvEPGE0=
-22,-9,quJlf1k4+KRilzLvq79BH39Nzjg=,sq8KJSMwzmLZrgdaibv4nvEPGE0=
-22,-11,quJlf1k4+KRilzLvq79BH39Nzjg=,sq8KJSMwzmLZrgdaibv4nvEPGE0=
-23,-10,quJlf1k4+KRilzLvq79BH39Nzjg=,sq8KJSMwzmLZrgdaibv4nvEPGE0=
-29,-16,quJlf1k4+KRilzLvq79BH39Nzjg=,ueYtaO/pQjD1385Y//pMdDGigkA=
-30,-16,quJlf1k4+KRilzLvq79BH39Nzjg=,ueYtaO/pQjD1385Y//pMdDGigkA=
-32,-16,quJlf1k4+KRilzLvq79BH39Nzjg=,ueYtaO/pQjD1385Y//pMdDGigkA=
-31,-16,quJlf1k4+KRilzLvq79BH39Nzjg=,ueYtaO/pQjD1385Y//pMdDGigkA=
-30,-14,quJlf1k4+KRilzLvq79BH39Nzjg=,ueYtaO/pQjD1385Y//pMdDGigkA=
-31,-14,quJlf1k4+KRilzLvq79BH39Nzjg=,ueYtaO/pQjD1385Y//pMdDGigkA=
-29,-14,quJlf1k4+KRilzLvq79BH39Nzjg=,ueYtaO/pQjD1385Y//pMdDGigkA=
-31,-13,quJlf1k4+KRilzLvq79BH39Nzjg=,ueYtaO/pQjD1385Y//pMdDGigkA=
-29,-13,quJlf1k4+KRilzLvq79BH39Nzjg=,ueYtaO/pQjD1385Y//pMdDGigkA=
-29,-15,quJlf1k4+KRilzLvq79BH39Nzjg=,ueYtaO/pQjD1385Y//pMdDGigkA=
-30,-15,quJlf1k4+KRilzLvq79BH39Nzjg=,ueYtaO/pQjD1385Y//pMdDGigkA=
-32,-14,quJlf1k4+KRilzLvq79BH39Nzjg=,ueYtaO/pQjD1385Y//pMdDGigkA=
-31,-15,quJlf1k4+KRilzLvq79BH39Nzjg=,ueYtaO/pQjD1385Y//pMdDGigkA=
-30,-13,quJlf1k4+KRilzLvq79BH39Nzjg=,ueYtaO/pQjD1385Y//pMdDGigkA=
-32,-13,quJlf1k4+KRilzLvq79BH39Nzjg=,ueYtaO/pQjD1385Y//pMdDGigkA=
-32,-15,quJlf1k4+KRilzLvq79BH39Nzjg=,ueYtaO/pQjD1385Y//pMdDGigkA=
-32,-9,quJlf1k4+KRilzLvq79BH39Nzjg=,ueYtaO/pQjD1385Y//pMdDGigkA=
-31,-11,quJlf1k4+KRilzLvq79BH39Nzjg=,ueYtaO/pQjD1385Y//pMdDGigkA=
-32,-5,quJlf1k4+KRilzLvq79BH39Nzjg=,SvbUgHkOf0KKQL4j+0/jgFFgoWA=
-30,-11,quJlf1k4+KRilzLvq79BH39Nzjg=,ueYtaO/pQjD1385Y//pMdDGigkA=
-29,-11,quJlf1k4+KRilzLvq79BH39Nzjg=,ueYtaO/pQjD1385Y//pMdDGigkA=
-32,-6,quJlf1k4+KRilzLvq79BH39Nzjg=,SvbUgHkOf0KKQL4j+0/jgFFgoWA=
-32,-7,quJlf1k4+KRilzLvq79BH39Nzjg=,SvbUgHkOf0KKQL4j+0/jgFFgoWA=
-31,-7,quJlf1k4+KRilzLvq79BH39Nzjg=,SvbUgHkOf0KKQL4j+0/jgFFgoWA=
-32,-8,quJlf1k4+KRilzLvq79BH39Nzjg=,SvbUgHkOf0KKQL4j+0/jgFFgoWA=
-30,-7,quJlf1k4+KRilzLvq79BH39Nzjg=,SvbUgHkOf0KKQL4j+0/jgFFgoWA=
-29,-8,quJlf1k4+KRilzLvq79BH39Nzjg=,SvbUgHkOf0KKQL4j+0/jgFFgoWA=
-30,-8,quJlf1k4+KRilzLvq79BH39Nzjg=,SvbUgHkOf0KKQL4j+0/jgFFgoWA=
-31,-12,quJlf1k4+KRilzLvq79BH39Nzjg=,ueYtaO/pQjD1385Y//pMdDGigkA=
-31,-8,quJlf1k4+KRilzLvq79BH39Nzjg=,SvbUgHkOf0KKQL4j+0/jgFFgoWA=
-30,-12,quJlf1k4+KRilzLvq79BH39Nzjg=,ueYtaO/pQjD1385Y//pMdDGigkA=
-29,-7,quJlf1k4+KRilzLvq79BH39Nzjg=,SvbUgHkOf0KKQL4j+0/jgFFgoWA=
-29,-5,quJlf1k4+KRilzLvq79BH39Nzjg=,SvbUgHkOf0KKQL4j+0/jgFFgoWA=
-30,-5,quJlf1k4+KRilzLvq79BH39Nzjg=,SvbUgHkOf0KKQL4j+0/jgFFgoWA=
-29,-12,quJlf1k4+KRilzLvq79BH39Nzjg=,ueYtaO/pQjD1385Y//pMdDGigkA=
-31,-6,quJlf1k4+KRilzLvq79BH39Nzjg=,SvbUgHkOf0KKQL4j+0/jgFFgoWA=
-31,-5,quJlf1k4+KRilzLvq79BH39Nzjg=,SvbUgHkOf0KKQL4j+0/jgFFgoWA=
-32,-11,quJlf1k4+KRilzLvq79BH39Nzjg=,ueYtaO/pQjD1385Y//pMdDGigkA=
-31,-10,quJlf1k4+KRilzLvq79BH39Nzjg=,ueYtaO/pQjD1385Y//pMdDGigkA=
-29,-6,quJlf1k4+KRilzLvq79BH39Nzjg=,SvbUgHkOf0KKQL4j+0/jgFFgoWA=
-32,-12,quJlf1k4+KRilzLvq79BH39Nzjg=,ueYtaO/pQjD1385Y//pMdDGigkA=
-30,-6,quJlf1k4+KRilzLvq79BH39Nzjg=,SvbUgHkOf0KKQL4j+0/jgFFgoWA=
-30,-10,quJlf1k4+KRilzLvq79BH39Nzjg=,ueYtaO/pQjD1385Y//pMdDGigkA=
-32,-10,quJlf1k4+KRilzLvq79BH39Nzjg=,ueYtaO/pQjD1385Y//pMdDGigkA=
-30,-9,quJlf1k4+KRilzLvq79BH39Nzjg=,ueYtaO/pQjD1385Y//pMdDGigkA=
-31,-9,quJlf1k4+KRilzLvq79BH39Nzjg=,ueYtaO/pQjD1385Y//pMdDGigkA=
-29,-9,quJlf1k4+KRilzLvq79BH39Nzjg=,ueYtaO/pQjD1385Y//pMdDGigkA=
-29,-10,quJlf1k4+KRilzLvq79BH39Nzjg=,ueYtaO/pQjD1385Y//pMdDGigkA=
-25,-16,quJlf1k4+KRilzLvq79BH39Nzjg=,ueYtaO/pQjD1385Y//pMdDGigkA=
-26,-16,quJlf1k4+KRilzLvq79BH39Nzjg=,ueYtaO/pQjD1385Y//pMdDGigkA=
-21,-16,quJlf1k4+KRilzLvq79BH39Nzjg=,sq8KJSMwzmLZrgdaibv4nvEPGE0=
-27,-16,quJlf1k4+KRilzLvq79BH39Nzjg=,ueYtaO/pQjD1385Y//pMdDGigkA=
-23,-15,quJlf1k4+KRilzLvq79BH39Nzjg=,sq8KJSMwzmLZrgdaibv4nvEPGE0=
-22,-15,quJlf1k4+KRilzLvq79BH39Nzjg=,sq8KJSMwzmLZrgdaibv4nvEPGE0=
-22,-16,quJlf1k4+KRilzLvq79BH39Nzjg=,sq8KJSMwzmLZrgdaibv4nvEPGE0=
-28,-16,quJlf1k4+KRilzLvq79BH39Nzjg=,ueYtaO/pQjD1385Y//pMdDGigkA=
-28,-15,quJlf1k4+KRilzLvq79BH39Nzjg=,ueYtaO/pQjD1385Y//pMdDGigkA=
-27,-15,quJlf1k4+KRilzLvq79BH39Nzjg=,ueYtaO/pQjD1385Y//pMdDGigkA=
-23,-16,quJlf1k4+KRilzLvq79BH39Nzjg=,sq8KJSMwzmLZrgdaibv4nvEPGE0=
-28,-14,quJlf1k4+KRilzLvq79BH39Nzjg=,ueYtaO/pQjD1385Y//pMdDGigkA=
-25,-13,quJlf1k4+KRilzLvq79BH39Nzjg=,ueYtaO/pQjD1385Y//pMdDGigkA=
-25,-15,quJlf1k4+KRilzLvq79BH39Nzjg=,ueYtaO/pQjD1385Y//pMdDGigkA=
-27,-14,quJlf1k4+KRilzLvq79BH39Nzjg=,ueYtaO/pQjD1385Y//pMdDGigkA=
-26,-14,quJlf1k4+KRilzLvq79BH39Nzjg=,ueYtaO/pQjD1385Y//pMdDGigkA=
-24,-16,quJlf1k4+KRilzLvq79BH39Nzjg=,sq8KJSMwzmLZrgdaibv4nvEPGE0=
-26,-15,quJlf1k4+KRilzLvq79BH39Nzjg=,ueYtaO/pQjD1385Y//pMdDGigkA=
-25,-14,quJlf1k4+KRilzLvq79BH39Nzjg=,ueYtaO/pQjD1385Y//pMdDGigkA=
-28,-13,quJlf1k4+KRilzLvq79BH39Nzjg=,ueYtaO/pQjD1385Y//pMdDGigkA=
-21,-15,quJlf1k4+KRilzLvq79BH39Nzjg=,sq8KJSMwzmLZrgdaibv4nvEPGE0=
-27,-13,quJlf1k4+KRilzLvq79BH39Nzjg=,ueYtaO/pQjD1385Y//pMdDGigkA=
-21,-14,quJlf1k4+KRilzLvq79BH39Nzjg=,sq8KJSMwzmLZrgdaibv4nvEPGE0=
-23,-14,quJlf1k4+KRilzLvq79BH39Nzjg=,sq8KJSMwzmLZrgdaibv4nvEPGE0=
-22,-13,quJlf1k4+KRilzLvq79BH39Nzjg=,sq8KJSMwzmLZrgdaibv4nvEPGE0=
-26,-13,quJlf1k4+KRilzLvq79BH39Nzjg=,ueYtaO/pQjD1385Y//pMdDGigkA=
-24,-13,quJlf1k4+KRilzLvq79BH39Nzjg=,sq8KJSMwzmLZrgdaibv4nvEPGE0=
-21,-13,quJlf1k4+KRilzLvq79BH39Nzjg=,sq8KJSMwzmLZrgdaibv4nvEPGE0=
-24,-15,quJlf1k4+KRilzLvq79BH39Nzjg=,sq8KJSMwzmLZrgdaibv4nvEPGE0=
-22,-14,quJlf1k4+KRilzLvq79BH39Nzjg=,sq8KJSMwzmLZrgdaibv4nvEPGE0=
-24,-14,quJlf1k4+KRilzLvq79BH39Nzjg=,sq8KJSMwzmLZrgdaibv4nvEPGE0=
-23,-13,quJlf1k4+KRilzLvq79BH39Nzjg=,sq8KJSMwzmLZrgdaibv4nvEPGE0=
-32,-1,quJlf1k4+KRilzLvq79BH39Nzjg=,SvbUgHkOf0KKQL4j+0/jgFFgoWA=
-32,-2,quJlf1k4+KRilzLvq79BH39Nzjg=,SvbUgHkOf0KKQL4j+0/jgFFgoWA=
-30,-1,quJlf1k4+KRilzLvq79BH39Nzjg=,SvbUgHkOf0KKQL4j+0/jgFFgoWA=
-31,-1,quJlf1k4+KRilzLvq79BH39Nzjg=,SvbUgHkOf0KKQL4j+0/jgFFgoWA=
-32,-3,quJlf1k4+KRilzLvq79BH39Nzjg=,SvbUgHkOf0KKQL4j+0/jgFFgoWA=
-31,-4,quJlf1k4+KRilzLvq79BH39Nzjg=,SvbUgHkOf0KKQL4j+0/jgFFgoWA=
-29,-1,quJlf1k4+KRilzLvq79BH39Nzjg=,SvbUgHkOf0KKQL4j+0/jgFFgoWA=
-32,-4,quJlf1k4+KRilzLvq79BH39Nzjg=,SvbUgHkOf0KKQL4j+0/jgFFgoWA=
-30,-4,quJlf1k4+KRilzLvq79BH39Nzjg=,SvbUgHkOf0KKQL4j+0/jgFFgoWA=
-29,-4,quJlf1k4+KRilzLvq79BH39Nzjg=,SvbUgHkOf0KKQL4j+0/jgFFgoWA=
-29,-2,quJlf1k4+KRilzLvq79BH39Nzjg=,SvbUgHkOf0KKQL4j+0/jgFFgoWA=
-31,-3,quJlf1k4+KRilzLvq79BH39Nzjg=,SvbUgHkOf0KKQL4j+0/jgFFgoWA=
-29,-3,quJlf1k4+KRilzLvq79BH39Nzjg=,SvbUgHkOf0KKQL4j+0/jgFFgoWA=
-31,-2,quJlf1k4+KRilzLvq79BH39Nzjg=,SvbUgHkOf0KKQL4j+0/jgFFgoWA=
-30,-3,quJlf1k4+KRilzLvq79BH39Nzjg=,SvbUgHkOf0KKQL4j+0/jgFFgoWA=
-30,-2,quJlf1k4+KRilzLvq79BH39Nzjg=,SvbUgHkOf0KKQL4j+0/jgFFgoWA=
-17,-8,quJlf1k4+KRilzLvq79BH39Nzjg=,RAAAf/le7dVqOMSRXfsQKqrcbs8=
-17,-9,quJlf1k4+KRilzLvq79BH39Nzjg=,sq8KJSMwzmLZrgdaibv4nvEPGE0=
-17,-16,quJlf1k4+KRilzLvq79BH39Nzjg=,sq8KJSMwzmLZrgdaibv4nvEPGE0=
-17,-6,quJlf1k4+KRilzLvq79BH39Nzjg=,RAAAf/le7dVqOMSRXfsQKqrcbs8=
-17,-13,quJlf1k4+KRilzLvq79BH39Nzjg=,sq8KJSMwzmLZrgdaibv4nvEPGE0=
-20,-15,quJlf1k4+KRilzLvq79BH39Nzjg=,sq8KJSMwzmLZrgdaibv4nvEPGE0=
-19,-15,quJlf1k4+KRilzLvq79BH39Nzjg=,sq8KJSMwzmLZrgdaibv4nvEPGE0=
-18,-15,quJlf1k4+KRilzLvq79BH39Nzjg=,sq8KJSMwzmLZrgdaibv4nvEPGE0=
-17,-7,quJlf1k4+KRilzLvq79BH39Nzjg=,RAAAf/le7dVqOMSRXfsQKqrcbs8=
-17,-14,quJlf1k4+KRilzLvq79BH39Nzjg=,sq8KJSMwzmLZrgdaibv4nvEPGE0=
-17,-10,quJlf1k4+KRilzLvq79BH39Nzjg=,sq8KJSMwzmLZrgdaibv4nvEPGE0=
-17,-5,quJlf1k4+KRilzLvq79BH39Nzjg=,RAAAf/le7dVqOMSRXfsQKqrcbs8=
-17,-15,quJlf1k4+KRilzLvq79BH39Nzjg=,sq8KJSMwzmLZrgdaibv4nvEPGE0=
-19,-14,quJlf1k4+KRilzLvq79BH39Nzjg=,sq8KJSMwzmLZrgdaibv4nvEPGE0=
-20,-14,quJlf1k4+KRilzLvq79BH39Nzjg=,sq8KJSMwzmLZrgdaibv4nvEPGE0=
-18,-14,quJlf1k4+KRilzLvq79BH39Nzjg=,sq8KJSMwzmLZrgdaibv4nvEPGE0=
-20,-13,quJlf1k4+KRilzLvq79BH39Nzjg=,sq8KJSMwzmLZrgdaibv4nvEPGE0=
-19,-13,quJlf1k4+KRilzLvq79BH39Nzjg=,sq8KJSMwzmLZrgdaibv4nvEPGE0=
-18,-13,quJlf1k4+KRilzLvq79BH39Nzjg=,sq8KJSMwzmLZrgdaibv4nvEPGE0=
-19,-12,quJlf1k4+KRilzLvq79BH39Nzjg=,sq8KJSMwzmLZrgdaibv4nvEPGE0=
-20,-12,quJlf1k4+KRilzLvq79BH39Nzjg=,sq8KJSMwzmLZrgdaibv4nvEPGE0=
-20,-11,quJlf1k4+KRilzLvq79BH39Nzjg=,sq8KJSMwzmLZrgdaibv4nvEPGE0=
-18,-12,quJlf1k4+KRilzLvq79BH39Nzjg=,sq8KJSMwzmLZrgdaibv4nvEPGE0=
-19,-11,quJlf1k4+KRilzLvq79BH39Nzjg=,sq8KJSMwzmLZrgdaibv4nvEPGE0=
-18,-11,quJlf1k4+KRilzLvq79BH39Nzjg=,sq8KJSMwzmLZrgdaibv4nvEPGE0=
-17,-11,quJlf1k4+KRilzLvq79BH39Nzjg=,sq8KJSMwzmLZrgdaibv4nvEPGE0=
-19,-6,quJlf1k4+KRilzLvq79BH39Nzjg=,RAAAf/le7dVqOMSRXfsQKqrcbs8=
-17,-12,quJlf1k4+KRilzLvq79BH39Nzjg=,sq8KJSMwzmLZrgdaibv4nvEPGE0=
-20,-16,quJlf1k4+KRilzLvq79BH39Nzjg=,sq8KJSMwzmLZrgdaibv4nvEPGE0=
-20,-10,quJlf1k4+KRilzLvq79BH39Nzjg=,sq8KJSMwzmLZrgdaibv4nvEPGE0=
-20,-5,quJlf1k4+KRilzLvq79BH39Nzjg=,RAAAf/le7dVqOMSRXfsQKqrcbs8=
-19,-10,quJlf1k4+KRilzLvq79BH39Nzjg=,sq8KJSMwzmLZrgdaibv4nvEPGE0=
-18,-10,quJlf1k4+KRilzLvq79BH39Nzjg=,sq8KJSMwzmLZrgdaibv4nvEPGE0=
-19,-9,quJlf1k4+KRilzLvq79BH39Nzjg=,sq8KJSMwzmLZrgdaibv4nvEPGE0=
-20,-9,quJlf1k4+KRilzLvq79BH39Nzjg=,sq8KJSMwzmLZrgdaibv4nvEPGE0=
-18,-16,quJlf1k4+KRilzLvq79BH39Nzjg=,sq8KJSMwzmLZrgdaibv4nvEPGE0=
-20,-8,quJlf1k4+KRilzLvq79BH39Nzjg=,RAAAf/le7dVqOMSRXfsQKqrcbs8=
-18,-9,quJlf1k4+KRilzLvq79BH39Nzjg=,sq8KJSMwzmLZrgdaibv4nvEPGE0=
-19,-16,quJlf1k4+KRilzLvq79BH39Nzjg=,sq8KJSMwzmLZrgdaibv4nvEPGE0=
-19,-5,quJlf1k4+KRilzLvq79BH39Nzjg=,RAAAf/le7dVqOMSRXfsQKqrcbs8=
-19,-8,quJlf1k4+KRilzLvq79BH39Nzjg=,RAAAf/le7dVqOMSRXfsQKqrcbs8=
-18,-5,quJlf1k4+KRilzLvq79BH39Nzjg=,RAAAf/le7dVqOMSRXfsQKqrcbs8=
-20,-7,quJlf1k4+KRilzLvq79BH39Nzjg=,RAAAf/le7dVqOMSRXfsQKqrcbs8=
-20,-6,quJlf1k4+KRilzLvq79BH39Nzjg=,RAAAf/le7dVqOMSRXfsQKqrcbs8=
-19,-7,quJlf1k4+KRilzLvq79BH39Nzjg=,RAAAf/le7dVqOMSRXfsQKqrcbs8=
-18,-8,quJlf1k4+KRilzLvq79BH39Nzjg=,RAAAf/le7dVqOMSRXfsQKqrcbs8=
-18,-6,quJlf1k4+KRilzLvq79BH39Nzjg=,RAAAf/le7dVqOMSRXfsQKqrcbs8=
-18,-7,quJlf1k4+KRilzLvq79BH39Nzjg=,RAAAf/le7dVqOMSRXfsQKqrcbs8=
-21,-1,quJlf1k4+KRilzLvq79BH39Nzjg=,RAAAf/le7dVqOMSRXfsQKqrcbs8=
-28,-4,quJlf1k4+KRilzLvq79BH39Nzjg=,SvbUgHkOf0KKQL4j+0/jgFFgoWA=
-26,-2,quJlf1k4+KRilzLvq79BH39Nzjg=,SvbUgHkOf0KKQL4j+0/jgFFgoWA=
-27,-2,quJlf1k4+KRilzLvq79BH39Nzjg=,SvbUgHkOf0KKQL4j+0/jgFFgoWA=
-28,-1,quJlf1k4+KRilzLvq79BH39Nzjg=,SvbUgHkOf0KKQL4j+0/jgFFgoWA=
-28,-2,quJlf1k4+KRilzLvq79BH39Nzjg=,SvbUgHkOf0KKQL4j+0/jgFFgoWA=
-27,-1,quJlf1k4+KRilzLvq79BH39Nzjg=,SvbUgHkOf0KKQL4j+0/jgFFgoWA=
-26,-1,quJlf1k4+KRilzLvq79BH39Nzjg=,SvbUgHkOf0KKQL4j+0/jgFFgoWA=
-27,-4,quJlf1k4+KRilzLvq79BH39Nzjg=,SvbUgHkOf0KKQL4j+0/jgFFgoWA=
-22,-1,quJlf1k4+KRilzLvq79BH39Nzjg=,RAAAf/le7dVqOMSRXfsQKqrcbs8=
-26,-4,quJlf1k4+KRilzLvq79BH39Nzjg=,SvbUgHkOf0KKQL4j+0/jgFFgoWA=
-27,-3,quJlf1k4+KRilzLvq79BH39Nzjg=,SvbUgHkOf0KKQL4j+0/jgFFgoWA=
-28,-3,quJlf1k4+KRilzLvq79BH39Nzjg=,SvbUgHkOf0KKQL4j+0/jgFFgoWA=
-24,-2,quJlf1k4+KRilzLvq79BH39Nzjg=,RAAAf/le7dVqOMSRXfsQKqrcbs8=
-23,-2,quJlf1k4+KRilzLvq79BH39Nzjg=,RAAAf/le7dVqOMSRXfsQKqrcbs8=
-18,-4,quJlf1k4+KRilzLvq79BH39Nzjg=,RAAAf/le7dVqOMSRXfsQKqrcbs8=
-26,-3,quJlf1k4+KRilzLvq79BH39Nzjg=,SvbUgHkOf0KKQL4j+0/jgFFgoWA=
-22,-2,quJlf1k4+KRilzLvq79BH39Nzjg=,RAAAf/le7dVqOMSRXfsQKqrcbs8=
-25,-2,quJlf1k4+KRilzLvq79BH39Nzjg=,SvbUgHkOf0KKQL4j+0/jgFFgoWA=
-24,-4,quJlf1k4+KRilzLvq79BH39Nzjg=,RAAAf/le7dVqOMSRXfsQKqrcbs8=
-21,-2,quJlf1k4+KRilzLvq79BH39Nzjg=,RAAAf/le7dVqOMSRXfsQKqrcbs8=
-20,-2,quJlf1k4+KRilzLvq79BH39Nzjg=,RAAAf/le7dVqOMSRXfsQKqrcbs8=
-24,-3,quJlf1k4+KRilzLvq79BH39Nzjg=,RAAAf/le7dVqOMSRXfsQKqrcbs8=
-20,-1,quJlf1k4+KRilzLvq79BH39Nzjg=,RAAAf/le7dVqOMSRXfsQKqrcbs8=
-23,-4,quJlf1k4+KRilzLvq79BH39Nzjg=,RAAAf/le7dVqOMSRXfsQKqrcbs8=
-22,-4,quJlf1k4+KRilzLvq79BH39Nzjg=,RAAAf/le7dVqOMSRXfsQKqrcbs8=
-23,-3,quJlf1k4+KRilzLvq79BH39Nzjg=,RAAAf/le7dVqOMSRXfsQKqrcbs8=
-22,-3,quJlf1k4+KRilzLvq79BH39Nzjg=,RAAAf/le7dVqOMSRXfsQKqrcbs8=
-25,-4,quJlf1k4+KRilzLvq79BH39Nzjg=,SvbUgHkOf0KKQL4j+0/jgFFgoWA=
-21,-3,quJlf1k4+KRilzLvq79BH39Nzjg=,RAAAf/le7dVqOMSRXfsQKqrcbs8=
-18,-2,quJlf1k4+KRilzLvq79BH39Nzjg=,RAAAf/le7dVqOMSRXfsQKqrcbs8=
-19,-2,quJlf1k4+KRilzLvq79BH39Nzjg=,RAAAf/le7dVqOMSRXfsQKqrcbs8=
-19,-3,quJlf1k4+KRilzLvq79BH39Nzjg=,RAAAf/le7dVqOMSRXfsQKqrcbs8=
-21,-4,quJlf1k4+KRilzLvq79BH39Nzjg=,RAAAf/le7dVqOMSRXfsQKqrcbs8=
-20,-4,quJlf1k4+KRilzLvq79BH39Nzjg=,RAAAf/le7dVqOMSRXfsQKqrcbs8=
-20,-3,quJlf1k4+KRilzLvq79BH39Nzjg=,RAAAf/le7dVqOMSRXfsQKqrcbs8=
-18,-3,quJlf1k4+KRilzLvq79BH39Nzjg=,RAAAf/le7dVqOMSRXfsQKqrcbs8=
-25,-3,quJlf1k4+KRilzLvq79BH39Nzjg=,SvbUgHkOf0KKQL4j+0/jgFFgoWA=
-19,-4,quJlf1k4+KRilzLvq79BH39Nzjg=,RAAAf/le7dVqOMSRXfsQKqrcbs8=
-18,-1,quJlf1k4+KRilzLvq79BH39Nzjg=,RAAAf/le7dVqOMSRXfsQKqrcbs8=
-17,-2,quJlf1k4+KRilzLvq79BH39Nzjg=,RAAAf/le7dVqOMSRXfsQKqrcbs8=
-17,-3,quJlf1k4+KRilzLvq79BH39Nzjg=,RAAAf/le7dVqOMSRXfsQKqrcbs8=
-17,-4,quJlf1k4+KRilzLvq79BH39Nzjg=,RAAAf/le7dVqOMSRXfsQKqrcbs8=
-19,-1,quJlf1k4+KRilzLvq79BH39Nzjg=,RAAAf/le7dVqOMSRXfsQKqrcbs8=
-25,-1,quJlf1k4+KRilzLvq79BH39Nzjg=,SvbUgHkOf0KKQL4j+0/jgFFgoWA=
-17,-1,quJlf1k4+KRilzLvq79BH39Nzjg=,RAAAf/le7dVqOMSRXfsQKqrcbs8=
-24,-1,quJlf1k4+KRilzLvq79BH39Nzjg=,RAAAf/le7dVqOMSRXfsQKqrcbs8=
-23,-1,quJlf1k4+KRilzLvq79BH39Nzjg=,RAAAf/le7dVqOMSRXfsQKqrcbs8=
