59,-72,5zTUM1ZSbM3r7IWCh94L6l/VkEM=,NTlLtRhpAN6USwJgUlbA6f8l7DM=
52,-70,5zTUM1ZSbM3r7IWCh94L6l/VkEM=,9tX79Ppp0OGUZ7seB7LUAMIGKz4=
53,-69,5zTUM1ZSbM3r7IWCh94L6l/VkEM=,9tX79Ppp0OGUZ7seB7LUAMIGKz4=
55,-71,5zTUM1ZSbM3r7IWCh94L6l/VkEM=,9tX79Ppp0OGUZ7seB7LUAMIGKz4=
55,-69,5zTUM1ZSbM3r7IWCh94L6l/VkEM=,9tX79Ppp0OGUZ7seB7LUAMIGKz4=
52,-69,5zTUM1ZSbM3r7IWCh94L6l/VkEM=,9tX79Ppp0OGUZ7seB7LUAMIGKz4=
55,-72,5zTUM1ZSbM3r7IWCh94L6l/VkEM=,9tX79Ppp0OGUZ7seB7LUAMIGKz4=
54,-69,5zTUM1ZSbM3r7IWCh94L6l/VkEM=,9tX79Ppp0OGUZ7seB7LUAMIGKz4=
53,-71,5zTUM1ZSbM3r7IWCh94L6l/VkEM=,9tX79Ppp0OGUZ7seB7LUAMIGKz4=
55,-70,5zTUM1ZSbM3r7IWCh94L6l/VkEM=,9tX79Ppp0OGUZ7seB7LUAMIGKz4=
54,-70,5zTUM1ZSbM3r7IWCh94L6l/VkEM=,9tX79Ppp0OGUZ7seB7LUAMIGKz4=
54,-71,5zTUM1ZSbM3r7IWCh94L6l/VkEM=,9tX79Ppp0OGUZ7seB7LUAMIGKz4=
53,-70,5zTUM1ZSbM3r7IWCh94L6l/VkEM=,9tX79Ppp0OGUZ7seB7LUAMIGKz4=
52,-72,5zTUM1ZSbM3r7IWCh94L6l/VkEM=,9tX79Ppp0OGUZ7seB7LUAMIGKz4=
52,-71,5zTUM1ZSbM3r7IWCh94L6l/VkEM=,9tX79Ppp0OGUZ7seB7LUAMIGKz4=
54,-72,5zTUM1ZSbM3r7IWCh94L6l/VkEM=,9tX79Ppp0OGUZ7seB7LUAMIGKz4=
53,-72,5zTUM1ZSbM3r7IWCh94L6l/VkEM=,9tX79Ppp0OGUZ7seB7LUAMIGKz4=
58,-72,5zTUM1ZSbM3r7IWCh94L6l/VkEM=,NTlLtRhpAN6USwJgUlbA6f8l7DM=
57,-72,5zTUM1ZSbM3r7IWCh94L6l/VkEM=,NTlLtRhpAN6USwJgUlbA6f8l7DM=
48,-72,5zTUM1ZSbM3r7IWCh94L6l/VkEM=,9tX79Ppp0OGUZ7seB7LUAMIGKz4=
56,-70,5zTUM1ZSbM3r7IWCh94L6l/VkEM=,NTlLtRhpAN6USwJgUlbA6f8l7DM=
48,-69,5zTUM1ZSbM3r7IWCh94L6l/VkEM=,9tX79Ppp0OGUZ7seB7LUAMIGKz4=
56,-69,5zTUM1ZSbM3r7IWCh94L6l/VkEM=,NTlLtRhpAN6USwJgUlbA6f8l7DM=
49,-71,5zTUM1ZSbM3r7IWCh94L6l/VkEM=,9tX79Ppp0OGUZ7seB7LUAMIGKz4=
55,-65,5zTUM1ZSbM3r7IWCh94L6l/VkEM=,9tX79Ppp0OGUZ7seB7LUAMIGKz4=
56,-71,5zTUM1ZSbM3r7IWCh94L6l/VkEM=,NTlLtRhpAN6USwJgUlbA6f8l7DM=
63,-77,5zTUM1ZSbM3r7IWCh94L6l/VkEM=,x0kbzLRD/jm//mr/JoBHmRm5znk=
48,-70,5zTUM1ZSbM3r7IWCh94L6l/VkEM=,9tX79Ppp0OGUZ7seB7LUAMIGKz4=
53,-75,5zTUM1ZSbM3r7IWCh94L6l/VkEM=,T30up4zEqoqGB66EuD6cy+ABjFU=
63,-80,5zTUM1ZSbM3r7IWCh94L6l/VkEM=,x0kbzLRD/jm//mr/JoBHmRm5znk=
52,-75,5zTUM1ZSbM3r7IWCh94L6l/VkEM=,T30up4zEqoqGB66EuD6cy+ABjFU=
48,-65,5zTUM1ZSbM3r7IWCh94L6l/VkEM=,9tX79Ppp0OGUZ7seB7LUAMIGKz4=
54,-75,5zTUM1ZSbM3r7IWCh94L6l/VkEM=,T30up4zEqoqGB66EuD6cy+ABjFU=
57,-68,5zTUM1ZSbM3r7IWCh94L6l/VkEM=,NTlLtRhpAN6USwJgUlbA6f8l7DM=
60,-79,5zTUM1ZSbM3r7IWCh94L6l/VkEM=,x0kbzLRD/jm//mr/JoBHmRm5znk=
58,-68,5zTUM1ZSbM3r7IWCh94L6l/VkEM=,NTlLtRhpAN6USwJgUlbA6f8l7DM=
53,-66,5zTUM1ZSbM3r7IWCh94L6l/VkEM=,9tX79Ppp0OGUZ7seB7LUAMIGKz4=
52,-66,5zTUM1ZSbM3r7IWCh94L6l/VkEM=,9tX79Ppp0OGUZ7seB7LUAMIGKz4=
56,-65,5zTUM1ZSbM3r7IWCh94L6l/VkEM=,NTlLtRhpAN6USwJgUlbA6f8l7DM=
57,-70,5zTUM1ZSbM3r7IWCh94L6l/VkEM=,NTlLtRhpAN6USwJgUlbA6f8l7DM=
63,-73,5zTUM1ZSbM3r7IWCh94L6l/VkEM=,x0kbzLRD/jm//mr/JoBHmRm5znk=
48,-71,5zTUM1ZSbM3r7IWCh94L6l/VkEM=,9tX79Ppp0OGUZ7seB7LUAMIGKz4=
61,-79,5zTUM1ZSbM3r7IWCh94L6l/VkEM=,x0kbzLRD/jm//mr/JoBHmRm5znk=
55,-75,5zTUM1ZSbM3r7IWCh94L6l/VkEM=,T30up4zEqoqGB66EuD6cy+ABjFU=
48,-66,5zTUM1ZSbM3r7IWCh94L6l/VkEM=,9tX79Ppp0OGUZ7seB7LUAMIGKz4=
63,-78,5zTUM1ZSbM3r7IWCh94L6l/VkEM=,x0kbzLRD/jm//mr/JoBHmRm5znk=
51,-75,5zTUM1ZSbM3r7IWCh94L6l/VkEM=,T30up4zEqoqGB66EuD6cy+ABjFU=
62,-79,5zTUM1ZSbM3r7IWCh94L6l/VkEM=,x0kbzLRD/jm//mr/JoBHmRm5znk=
55,-67,QI4s3F2CyubUZ/XYaXsIsWLpam0=,9tX79Ppp0OGUZ7seB7LUAMIGKz4=
60,-78,QI4s3F2CyubUZ/XYaXsIsWLpam0=,x0kbzLRD/jm//mr/JoBHmRm5znk=
50,-75,QI4s3F2CyubUZ/XYaXsIsWLpam0=,T30up4zEqoqGB66EuD6cy+ABjFU=
50,-71,QI4s3F2CyubUZ/XYaXsIsWLpam0=,9tX79Ppp0OGUZ7seB7LUAMIGKz4=
61,-78,QI4s3F2CyubUZ/XYaXsIsWLpam0=,x0kbzLRD/jm//mr/JoBHmRm5znk=
57,-67,QI4s3F2CyubUZ/XYaXsIsWLpam0=,NTlLtRhpAN6USwJgUlbA6f8l7DM=
49,-74,QI4s3F2CyubUZ/XYaXsIsWLpam0=,T30up4zEqoqGB66EuD6cy+ABjFU=
57,-65,QI4s3F2CyubUZ/XYaXsIsWLpam0=,NTlLtRhpAN6USwJgUlbA6f8l7DM=
51,-72,QI4s3F2CyubUZ/XYaXsIsWLpam0=,9tX79Ppp0OGUZ7seB7LUAMIGKz4=
48,-67,QI4s3F2CyubUZ/XYaXsIsWLpam0=,9tX79Ppp0OGUZ7seB7LUAMIGKz4=
63,-68,QI4s3F2CyubUZ/XYaXsIsWLpam0=,NTlLtRhpAN6USwJgUlbA6f8l7DM=
63,-79,QI4s3F2CyubUZ/XYaXsIsWLpam0=,x0kbzLRD/jm//mr/JoBHmRm5znk=
59,-69,QI4s3F2CyubUZ/XYaXsIsWLpam0=,NTlLtRhpAN6USwJgUlbA6f8l7DM=
56,-76,QI4s3F2CyubUZ/XYaXsIsWLpam0=,x0kbzLRD/jm//mr/JoBHmRm5znk=
58,-79,QI4s3F2CyubUZ/XYaXsIsWLpam0=,x0kbzLRD/jm//mr/JoBHmRm5znk=
57,-79,QI4s3F2CyubUZ/XYaXsIsWLpam0=,x0kbzLRD/jm//mr/JoBHmRm5znk=
60,-76,QI4s3F2CyubUZ/XYaXsIsWLpam0=,x0kbzLRD/jm//mr/JoBHmRm5znk=
56,-75,QI4s3F2CyubUZ/XYaXsIsWLpam0=,x0kbzLRD/jm//mr/JoBHmRm5znk=
61,-76,QI4s3F2CyubUZ/XYaXsIsWLpam0=,x0kbzLRD/jm//mr/JoBHmRm5znk=
54,-66,QI4s3F2CyubUZ/XYaXsIsWLpam0=,9tX79Ppp0OGUZ7seB7LUAMIGKz4=
50,-72,QI4s3F2CyubUZ/XYaXsIsWLpam0=,9tX79Ppp0OGUZ7seB7LUAMIGKz4=
63,-67,QI4s3F2CyubUZ/XYaXsIsWLpam0=,NTlLtRhpAN6USwJgUlbA6f8l7DM=
49,-75,QI4s3F2CyubUZ/XYaXsIsWLpam0=,T30up4zEqoqGB66EuD6cy+ABjFU=
58,-65,QI4s3F2CyubUZ/XYaXsIsWLpam0=,NTlLtRhpAN6USwJgUlbA6f8l7DM=
48,-68,QI4s3F2CyubUZ/XYaXsIsWLpam0=,9tX79Ppp0OGUZ7seB7LUAMIGKz4=
55,-76,QI4s3F2CyubUZ/XYaXsIsWLpam0=,T30up4zEqoqGB66EuD6cy+ABjFU=
62,-80,QI4s3F2CyubUZ/XYaXsIsWLpam0=,x0kbzLRD/jm//mr/JoBHmRm5znk=
59,-79,QI4s3F2CyubUZ/XYaXsIsWLpam0=,x0kbzLRD/jm//mr/JoBHmRm5znk=
50,-74,QI4s3F2CyubUZ/XYaXsIsWLpam0=,T30up4zEqoqGB66EuD6cy+ABjFU=
62,-76,QI4s3F2CyubUZ/XYaXsIsWLpam0=,x0kbzLRD/jm//mr/JoBHmRm5znk=
58,-69,QI4s3F2CyubUZ/XYaXsIsWLpam0=,NTlLtRhpAN6USwJgUlbA6f8l7DM=
59,-68,QI4s3F2CyubUZ/XYaXsIsWLpam0=,NTlLtRhpAN6USwJgUlbA6f8l7DM=
62,-78,QI4s3F2CyubUZ/XYaXsIsWLpam0=,x0kbzLRD/jm//mr/JoBHmRm5znk=
49,-65,QI4s3F2CyubUZ/XYaXsIsWLpam0=,9tX79Ppp0OGUZ7seB7LUAMIGKz4=
63,-72,QI4s3F2CyubUZ/XYaXsIsWLpam0=,NTlLtRhpAN6USwJgUlbA6f8l7DM=
63,-74,QI4s3F2CyubUZ/XYaXsIsWLpam0=,x0kbzLRD/jm//mr/JoBHmRm5znk=
57,-78,QI4s3F2CyubUZ/XYaXsIsWLpam0=,x0kbzLRD/jm//mr/JoBHmRm5znk=
49,-72,QI4s3F2CyubUZ/XYaXsIsWLpam0=,9tX79Ppp0OGUZ7seB7LUAMIGKz4=
54,-67,QI4s3F2CyubUZ/XYaXsIsWLpam0=,9tX79Ppp0OGUZ7seB7LUAMIGKz4=
59,-65,QI4s3F2CyubUZ/XYaXsIsWLpam0=,NTlLtRhpAN6USwJgUlbA6f8l7DM=
60,-69,QI4s3F2CyubUZ/XYaXsIsWLpam0=,NTlLtRhpAN6USwJgUlbA6f8l7DM=
51,-66,QI4s3F2CyubUZ/XYaXsIsWLpam0=,9tX79Ppp0OGUZ7seB7LUAMIGKz4=
51,-74,QI4s3F2CyubUZ/XYaXsIsWLpam0=,T30up4zEqoqGB66EuD6cy+ABjFU=
61,-80,QI4s3F2CyubUZ/XYaXsIsWLpam0=,x0kbzLRD/jm//mr/JoBHmRm5znk=
54,-76,QI4s3F2CyubUZ/XYaXsIsWLpam0=,T30up4zEqoqGB66EuD6cy+ABjFU=
52,-76,QI4s3F2CyubUZ/XYaXsIsWLpam0=,T30up4zEqoqGB66EuD6cy+ABjFU=
53,-76,QI4s3F2CyubUZ/XYaXsIsWLpam0=,T30up4zEqoqGB66EuD6cy+ABjFU=
57,-66,QI4s3F2CyubUZ/XYaXsIsWLpam0=,NTlLtRhpAN6USwJgUlbA6f8l7DM=
58,-78,QI4s3F2CyubUZ/XYaXsIsWLpam0=,x0kbzLRD/jm//mr/JoBHmRm5znk=
51,-76,QI4s3F2CyubUZ/XYaXsIsWLpam0=,T30up4zEqoqGB66EuD6cy+ABjFU=
52,-74,QI4s3F2CyubUZ/XYaXsIsWLpam0=,T30up4zEqoqGB66EuD6cy+ABjFU=
63,-66,QI4s3F2CyubUZ/XYaXsIsWLpam0=,NTlLtRhpAN6USwJgUlbA6f8l7DM=
51,-69,QI4s3F2CyubUZ/XYaXsIsWLpam0=,9tX79Ppp0OGUZ7seB7LUAMIGKz4=
56,-77,QI4s3F2CyubUZ/XYaXsIsWLpam0=,x0kbzLRD/jm//mr/JoBHmRm5znk=
50,-66,QI4s3F2CyubUZ/XYaXsIsWLpam0=,9tX79Ppp0OGUZ7seB7LUAMIGKz4=
56,-66,QI4s3F2CyubUZ/XYaXsIsWLpam0=,NTlLtRhpAN6USwJgUlbA6f8l7DM=
58,-66,QI4s3F2CyubUZ/XYaXsIsWLpam0=,NTlLtRhpAN6USwJgUlbA6f8l7DM=
60,-80,QI4s3F2CyubUZ/XYaXsIsWLpam0=,x0kbzLRD/jm//mr/JoBHmRm5znk=
57,-69,QI4s3F2CyubUZ/XYaXsIsWLpam0=,NTlLtRhpAN6USwJgUlbA6f8l7DM=
61,-77,QI4s3F2CyubUZ/XYaXsIsWLpam0=,x0kbzLRD/jm//mr/JoBHmRm5znk=
60,-77,QI4s3F2CyubUZ/XYaXsIsWLpam0=,x0kbzLRD/jm//mr/JoBHmRm5znk=
62,-77,QI4s3F2CyubUZ/XYaXsIsWLpam0=,x0kbzLRD/jm//mr/JoBHmRm5znk=
55,-80,QI4s3F2CyubUZ/XYaXsIsWLpam0=,T30up4zEqoqGB66EuD6cy+ABjFU=
61,-65,QI4s3F2CyubUZ/XYaXsIsWLpam0=,NTlLtRhpAN6USwJgUlbA6f8l7DM=
51,-71,QI4s3F2CyubUZ/XYaXsIsWLpam0=,9tX79Ppp0OGUZ7seB7LUAMIGKz4=
49,-70,QI4s3F2CyubUZ/XYaXsIsWLpam0=,9tX79Ppp0OGUZ7seB7LUAMIGKz4=
49,-66,QI4s3F2CyubUZ/XYaXsIsWLpam0=,9tX79Ppp0OGUZ7seB7LUAMIGKz4=
56,-72,QI4s3F2CyubUZ/XYaXsIsWLpam0=,NTlLtRhpAN6USwJgUlbA6f8l7DM=
59,-78,QI4s3F2CyubUZ/XYaXsIsWLpam0=,x0kbzLRD/jm//mr/JoBHmRm5znk=
50,-69,QI4s3F2CyubUZ/XYaXsIsWLpam0=,9tX79Ppp0OGUZ7seB7LUAMIGKz4=
60,-75,QI4s3F2CyubUZ/XYaXsIsWLpam0=,x0kbzLRD/jm//mr/JoBHmRm5znk=
54,-80,QI4s3F2CyubUZ/XYaXsIsWLpam0=,T30up4zEqoqGB66EuD6cy+ABjFU=
56,-67,QI4s3F2CyubUZ/XYaXsIsWLpam0=,NTlLtRhpAN6USwJgUlbA6f8l7DM=
61,-75,QI4s3F2CyubUZ/XYaXsIsWLpam0=,x0kbzLRD/jm//mr/JoBHmRm5znk=
50,-76,QI4s3F2CyubUZ/XYaXsIsWLpam0=,T30up4zEqoqGB66EuD6cy+ABjFU=
63,-75,QI4s3F2CyubUZ/XYaXsIsWLpam0=,x0kbzLRD/jm//mr/JoBHmRm5znk=
62,-75,QI4s3F2CyubUZ/XYaXsIsWLpam0=,x0kbzLRD/jm//mr/JoBHmRm5znk=
50,-70,QI4s3F2CyubUZ/XYaXsIsWLpam0=,9tX79Ppp0OGUZ7seB7LUAMIGKz4=
60,-65,QI4s3F2CyubUZ/XYaXsIsWLpam0=,NTlLtRhpAN6USwJgUlbA6f8l7DM=
51,-70,QI4s3F2CyubUZ/XYaXsIsWLpam0=,9tX79Ppp0OGUZ7seB7LUAMIGKz4=
60,-74,QI4s3F2CyubUZ/XYaXsIsWLpam0=,x0kbzLRD/jm//mr/JoBHmRm5znk=
59,-71,QI4s3F2CyubUZ/XYaXsIsWLpam0=,NTlLtRhpAN6USwJgUlbA6f8l7DM=
53,-67,QI4s3F2CyubUZ/XYaXsIsWLpam0=,9tX79Ppp0OGUZ7seB7LUAMIGKz4=
57,-77,QI4s3F2CyubUZ/XYaXsIsWLpam0=,x0kbzLRD/jm//mr/JoBHmRm5znk=
50,-65,QI4s3F2CyubUZ/XYaXsIsWLpam0=,9tX79Ppp0OGUZ7seB7LUAMIGKz4=
59,-66,QI4s3F2CyubUZ/XYaXsIsWLpam0=,NTlLtRhpAN6USwJgUlbA6f8l7DM=
53,-80,QI4s3F2CyubUZ/XYaXsIsWLpam0=,T30up4zEqoqGB66EuD6cy+ABjFU=
49,-76,QI4s3F2CyubUZ/XYaXsIsWLpam0=,T30up4zEqoqGB66EuD6cy+ABjFU=
63,-70,QI4s3F2CyubUZ/XYaXsIsWLpam0=,NTlLtRhpAN6USwJgUlbA6f8l7DM=
51,-67,QI4s3F2CyubUZ/XYaXsIsWLpam0=,9tX79Ppp0OGUZ7seB7LUAMIGKz4=
61,-69,QI4s3F2CyubUZ/XYaXsIsWLpam0=,NTlLtRhpAN6USwJgUlbA6f8l7DM=
55,-77,QI4s3F2CyubUZ/XYaXsIsWLpam0=,T30up4zEqoqGB66EuD6cy+ABjFU=
60,-73,QI4s3F2CyubUZ/XYaXsIsWLpam0=,x0kbzLRD/jm//mr/JoBHmRm5znk=
56,-68,QI4s3F2CyubUZ/XYaXsIsWLpam0=,NTlLtRhpAN6USwJgUlbA6f8l7DM=
61,-73,QI4s3F2CyubUZ/XYaXsIsWLpam0=,x0kbzLRD/jm//mr/JoBHmRm5znk=
61,-74,QI4s3F2CyubUZ/XYaXsIsWLpam0=,x0kbzLRD/jm//mr/JoBHmRm5znk=
49,-69,QI4s3F2CyubUZ/XYaXsIsWLpam0=,9tX79Ppp0OGUZ7seB7LUAMIGKz4=
58,-77,QI4s3F2CyubUZ/XYaXsIsWLpam0=,x0kbzLRD/jm//mr/JoBHmRm5znk=
49,-68,QI4s3F2CyubUZ/XYaXsIsWLpam0=,9tX79Ppp0OGUZ7seB7LUAMIGKz4=
59,-67,QI4s3F2CyubUZ/XYaXsIsWLpam0=,NTlLtRhpAN6USwJgUlbA6f8l7DM=
58,-70,QI4s3F2CyubUZ/XYaXsIsWLpam0=,NTlLtRhpAN6USwJgUlbA6f8l7DM=
52,-80,QI4s3F2CyubUZ/XYaXsIsWLpam0=,T30up4zEqoqGB66EuD6cy+ABjFU=
59,-77,QI4s3F2CyubUZ/XYaXsIsWLpam0=,x0kbzLRD/jm//mr/JoBHmRm5znk=
50,-68,QI4s3F2CyubUZ/XYaXsIsWLpam0=,9tX79Ppp0OGUZ7seB7LUAMIGKz4=
51,-65,QI4s3F2CyubUZ/XYaXsIsWLpam0=,9tX79Ppp0OGUZ7seB7LUAMIGKz4=
59,-70,QI4s3F2CyubUZ/XYaXsIsWLpam0=,NTlLtRhpAN6USwJgUlbA6f8l7DM=
58,-71,QI4s3F2CyubUZ/XYaXsIsWLpam0=,NTlLtRhpAN6USwJgUlbA6f8l7DM=
63,-71,QI4s3F2CyubUZ/XYaXsIsWLpam0=,NTlLtRhpAN6USwJgUlbA6f8l7DM=
51,-68,QI4s3F2CyubUZ/XYaXsIsWLpam0=,9tX79Ppp0OGUZ7seB7LUAMIGKz4=
62,-73,QI4s3F2CyubUZ/XYaXsIsWLpam0=,x0kbzLRD/jm//mr/JoBHmRm5znk=
49,-67,QI4s3F2CyubUZ/XYaXsIsWLpam0=,9tX79Ppp0OGUZ7seB7LUAMIGKz4=
62,-74,QI4s3F2CyubUZ/XYaXsIsWLpam0=,x0kbzLRD/jm//mr/JoBHmRm5znk=
58,-67,QI4s3F2CyubUZ/XYaXsIsWLpam0=,NTlLtRhpAN6USwJgUlbA6f8l7DM=
57,-71,QI4s3F2CyubUZ/XYaXsIsWLpam0=,NTlLtRhpAN6USwJgUlbA6f8l7DM=
62,-69,QI4s3F2CyubUZ/XYaXsIsWLpam0=,NTlLtRhpAN6USwJgUlbA6f8l7DM=
57,-76,QI4s3F2CyubUZ/XYaXsIsWLpam0=,x0kbzLRD/jm//mr/JoBHmRm5znk=
63,-76,QI4s3F2CyubUZ/XYaXsIsWLpam0=,x0kbzLRD/jm//mr/JoBHmRm5znk=
54,-65,QI4s3F2CyubUZ/XYaXsIsWLpam0=,9tX79Ppp0OGUZ7seB7LUAMIGKz4=
58,-76,QI4s3F2CyubUZ/XYaXsIsWLpam0=,x0kbzLRD/jm//mr/JoBHmRm5znk=
53,-65,QI4s3F2CyubUZ/XYaXsIsWLpam0=,9tX79Ppp0OGUZ7seB7LUAMIGKz4=
53,-68,QI4s3F2CyubUZ/XYaXsIsWLpam0=,9tX79Ppp0OGUZ7seB7LUAMIGKz4=
50,-67,QI4s3F2CyubUZ/XYaXsIsWLpam0=,9tX79Ppp0OGUZ7seB7LUAMIGKz4=
51,-80,QI4s3F2CyubUZ/XYaXsIsWLpam0=,T30up4zEqoqGB66EuD6cy+ABjFU=
59,-76,QI4s3F2CyubUZ/XYaXsIsWLpam0=,x0kbzLRD/jm//mr/JoBHmRm5znk=
60,-68,QI4s3F2CyubUZ/XYaXsIsWLpam0=,NTlLtRhpAN6USwJgUlbA6f8l7DM=
52,-65,QI4s3F2CyubUZ/XYaXsIsWLpam0=,9tX79Ppp0OGUZ7seB7LUAMIGKz4=
60,-70,QI4s3F2CyubUZ/XYaXsIsWLpam0=,NTlLtRhpAN6USwJgUlbA6f8l7DM=
61,-71,QI4s3F2CyubUZ/XYaXsIsWLpam0=,NTlLtRhpAN6USwJgUlbA6f8l7DM=
63,-65,QI4s3F2CyubUZ/XYaXsIsWLpam0=,NTlLtRhpAN6USwJgUlbA6f8l7DM=
54,-68,QI4s3F2CyubUZ/XYaXsIsWLpam0=,9tX79Ppp0OGUZ7seB7LUAMIGKz4=
62,-71,QI4s3F2CyubUZ/XYaXsIsWLpam0=,NTlLtRhpAN6USwJgUlbA6f8l7DM=
61,-68,QI4s3F2CyubUZ/XYaXsIsWLpam0=,NTlLtRhpAN6USwJgUlbA6f8l7DM=
58,-75,QI4s3F2CyubUZ/XYaXsIsWLpam0=,x0kbzLRD/jm//mr/JoBHmRm5znk=
52,-68,QI4s3F2CyubUZ/XYaXsIsWLpam0=,9tX79Ppp0OGUZ7seB7LUAMIGKz4=
55,-68,QI4s3F2CyubUZ/XYaXsIsWLpam0=,9tX79Ppp0OGUZ7seB7LUAMIGKz4=
60,-67,QI4s3F2CyubUZ/XYaXsIsWLpam0=,NTlLtRhpAN6USwJgUlbA6f8l7DM=
57,-75,QI4s3F2CyubUZ/XYaXsIsWLpam0=,x0kbzLRD/jm//mr/JoBHmRm5znk=
60,-72,QI4s3F2CyubUZ/XYaXsIsWLpam0=,NTlLtRhpAN6USwJgUlbA6f8l7DM=
60,-66,QI4s3F2CyubUZ/XYaXsIsWLpam0=,NTlLtRhpAN6USwJgUlbA6f8l7DM=
60,-71,QI4s3F2CyubUZ/XYaXsIsWLpam0=,NTlLtRhpAN6USwJgUlbA6f8l7DM=
55,-66,QI4s3F2CyubUZ/XYaXsIsWLpam0=,9tX79Ppp0OGUZ7seB7LUAMIGKz4=
61,-70,QI4s3F2CyubUZ/XYaXsIsWLpam0=,NTlLtRhpAN6USwJgUlbA6f8l7DM=
62,-70,QI4s3F2CyubUZ/XYaXsIsWLpam0=,NTlLtRhpAN6USwJgUlbA6f8l7DM=
57,-74,QI4s3F2CyubUZ/XYaXsIsWLpam0=,x0kbzLRD/jm//mr/JoBHmRm5znk=
52,-67,QI4s3F2CyubUZ/XYaXsIsWLpam0=,9tX79Ppp0OGUZ7seB7LUAMIGKz4=
59,-75,QI4s3F2CyubUZ/XYaXsIsWLpam0=,x0kbzLRD/jm//mr/JoBHmRm5znk=
62,-72,QI4s3F2CyubUZ/XYaXsIsWLpam0=,NTlLtRhpAN6USwJgUlbA6f8l7DM=
59,-74,QI4s3F2CyubUZ/XYaXsIsWLpam0=,x0kbzLRD/jm//mr/JoBHmRm5znk=
50,-80,QI4s3F2CyubUZ/XYaXsIsWLpam0=,T30up4zEqoqGB66EuD6cy+ABjFU=
62,-67,QI4s3F2CyubUZ/XYaXsIsWLpam0=,NTlLtRhpAN6USwJgUlbA6f8l7DM=
63,-69,QI4s3F2CyubUZ/XYaXsIsWLpam0=,NTlLtRhpAN6USwJgUlbA6f8l7DM=
58,-74,QI4s3F2CyubUZ/XYaXsIsWLpam0=,x0kbzLRD/jm//mr/JoBHmRm5znk=
61,-67,QI4s3F2CyubUZ/XYaXsIsWLpam0=,NTlLtRhpAN6USwJgUlbA6f8l7DM=
61,-72,QI4s3F2CyubUZ/XYaXsIsWLpam0=,NTlLtRhpAN6USwJgUlbA6f8l7DM=
62,-65,QI4s3F2CyubUZ/XYaXsIsWLpam0=,NTlLtRhpAN6USwJgUlbA6f8l7DM=
61,-66,QI4s3F2CyubUZ/XYaXsIsWLpam0=,NTlLtRhpAN6USwJgUlbA6f8l7DM=
62,-68,QI4s3F2CyubUZ/XYaXsIsWLpam0=,NTlLtRhpAN6USwJgUlbA6f8l7DM=
52,-79,QI4s3F2CyubUZ/XYaXsIsWLpam0=,T30up4zEqoqGB66EuD6cy+ABjFU=
59,-73,QI4s3F2CyubUZ/XYaXsIsWLpam0=,x0kbzLRD/jm//mr/JoBHmRm5znk=
58,-73,QI4s3F2CyubUZ/XYaXsIsWLpam0=,x0kbzLRD/jm//mr/JoBHmRm5znk=
53,-79,QI4s3F2CyubUZ/XYaXsIsWLpam0=,T30up4zEqoqGB66EuD6cy+ABjFU=
56,-79,QI4s3F2CyubUZ/XYaXsIsWLpam0=,x0kbzLRD/jm//mr/JoBHmRm5znk=
62,-66,QI4s3F2CyubUZ/XYaXsIsWLpam0=,NTlLtRhpAN6USwJgUlbA6f8l7DM=
55,-79,QI4s3F2CyubUZ/XYaXsIsWLpam0=,T30up4zEqoqGB66EuD6cy+ABjFU=
50,-78,QI4s3F2CyubUZ/XYaXsIsWLpam0=,T30up4zEqoqGB66EuD6cy+ABjFU=
54,-79,QI4s3F2CyubUZ/XYaXsIsWLpam0=,T30up4zEqoqGB66EuD6cy+ABjFU=
49,-80,QI4s3F2CyubUZ/XYaXsIsWLpam0=,T30up4zEqoqGB66EuD6cy+ABjFU=
52,-78,QI4s3F2CyubUZ/XYaXsIsWLpam0=,T30up4zEqoqGB66EuD6cy+ABjFU=
51,-78,QI4s3F2CyubUZ/XYaXsIsWLpam0=,T30up4zEqoqGB66EuD6cy+ABjFU=
49,-77,QI4s3F2CyubUZ/XYaXsIsWLpam0=,T30up4zEqoqGB66EuD6cy+ABjFU=
49,-78,QI4s3F2CyubUZ/XYaXsIsWLpam0=,T30up4zEqoqGB66EuD6cy+ABjFU=
55,-78,QI4s3F2CyubUZ/XYaXsIsWLpam0=,T30up4zEqoqGB66EuD6cy+ABjFU=
54,-78,QI4s3F2CyubUZ/XYaXsIsWLpam0=,T30up4zEqoqGB66EuD6cy+ABjFU=
56,-78,QI4s3F2CyubUZ/XYaXsIsWLpam0=,x0kbzLRD/jm//mr/JoBHmRm5znk=
51,-77,QI4s3F2CyubUZ/XYaXsIsWLpam0=,T30up4zEqoqGB66EuD6cy+ABjFU=
53,-77,QI4s3F2CyubUZ/XYaXsIsWLpam0=,T30up4zEqoqGB66EuD6cy+ABjFU=
48,-80,QI4s3F2CyubUZ/XYaXsIsWLpam0=,T30up4zEqoqGB66EuD6cy+ABjFU=
53,-78,QI4s3F2CyubUZ/XYaXsIsWLpam0=,T30up4zEqoqGB66EuD6cy+ABjFU=
50,-77,QI4s3F2CyubUZ/XYaXsIsWLpam0=,T30up4zEqoqGB66EuD6cy+ABjFU=
51,-79,QI4s3F2CyubUZ/XYaXsIsWLpam0=,T30up4zEqoqGB66EuD6cy+ABjFU=
57,-73,QI4s3F2CyubUZ/XYaXsIsWLpam0=,x0kbzLRD/jm//mr/JoBHmRm5znk=
54,-77,QI4s3F2CyubUZ/XYaXsIsWLpam0=,T30up4zEqoqGB66EuD6cy+ABjFU=
55,-73,QI4s3F2CyubUZ/XYaXsIsWLpam0=,T30up4zEqoqGB66EuD6cy+ABjFU=
52,-77,QI4s3F2CyubUZ/XYaXsIsWLpam0=,T30up4zEqoqGB66EuD6cy+ABjFU=
53,-73,QI4s3F2CyubUZ/XYaXsIsWLpam0=,T30up4zEqoqGB66EuD6cy+ABjFU=
52,-73,QI4s3F2CyubUZ/XYaXsIsWLpam0=,T30up4zEqoqGB66EuD6cy+ABjFU=
56,-73,QI4s3F2CyubUZ/XYaXsIsWLpam0=,x0kbzLRD/jm//mr/JoBHmRm5znk=
54,-73,QI4s3F2CyubUZ/XYaXsIsWLpam0=,T30up4zEqoqGB66EuD6cy+ABjFU=
50,-79,QI4s3F2CyubUZ/XYaXsIsWLpam0=,T30up4zEqoqGB66EuD6cy+ABjFU=
56,-80,QI4s3F2CyubUZ/XYaXsIsWLpam0=,x0kbzLRD/jm//mr/JoBHmRm5znk=
51,-73,QI4s3F2CyubUZ/XYaXsIsWLpam0=,T30up4zEqoqGB66EuD6cy+ABjFU=
50,-73,QI4s3F2CyubUZ/XYaXsIsWLpam0=,T30up4zEqoqGB66EuD6cy+ABjFU=
57,-80,QI4s3F2CyubUZ/XYaXsIsWLpam0=,x0kbzLRD/jm//mr/JoBHmRm5znk=
49,-79,QI4s3F2CyubUZ/XYaXsIsWLpam0=,T30up4zEqoqGB66EuD6cy+ABjFU=
49,-73,QI4s3F2CyubUZ/XYaXsIsWLpam0=,T30up4zEqoqGB66EuD6cy+ABjFU=
56,-74,QI4s3F2CyubUZ/XYaXsIsWLpam0=,x0kbzLRD/jm//mr/JoBHmRm5znk=
48,-76,QI4s3F2CyubUZ/XYaXsIsWLpam0=,T30up4zEqoqGB66EuD6cy+ABjFU=
55,-74,QI4s3F2CyubUZ/XYaXsIsWLpam0=,T30up4zEqoqGB66EuD6cy+ABjFU=
48,-78,QI4s3F2CyubUZ/XYaXsIsWLpam0=,T30up4zEqoqGB66EuD6cy+ABjFU=
58,-80,QI4s3F2CyubUZ/XYaXsIsWLpam0=,x0kbzLRD/jm//mr/JoBHmRm5znk=
48,-77,QI4s3F2CyubUZ/XYaXsIsWLpam0=,T30up4zEqoqGB66EuD6cy+ABjFU=
59,-80,QI4s3F2CyubUZ/XYaXsIsWLpam0=,x0kbzLRD/jm//mr/JoBHmRm5znk=
48,-75,QI4s3F2CyubUZ/XYaXsIsWLpam0=,T30up4zEqoqGB66EuD6cy+ABjFU=
53,-74,QI4s3F2CyubUZ/XYaXsIsWLpam0=,T30up4zEqoqGB66EuD6cy+ABjFU=
54,-74,QI4s3F2CyubUZ/XYaXsIsWLpam0=,T30up4zEqoqGB66EuD6cy+ABjFU=
48,-74,QI4s3F2CyubUZ/XYaXsIsWLpam0=,T30up4zEqoqGB66EuD6cy+ABjFU=
48,-73,QI4s3F2CyubUZ/XYaXsIsWLpam0=,T30up4zEqoqGB66EuD6cy+ABjFU=
48,-79,QI4s3F2CyubUZ/XYaXsIsWLpam0=,T30up4zEqoqGB66EuD6cy+ABjFU=
54,-89,K5O4My21RYV4WTMAzYB1Q7e1kWM=,w/ewg8wIVRPV5ZNwcK1DzOoQ5+4=
53,-89,K5O4My21RYV4WTMAzYB1Q7e1kWM=,w/ewg8wIVRPV5ZNwcK1DzOoQ5+4=
52,-89,K5O4My21RYV4WTMAzYB1Q7e1kWM=,w/ewg8wIVRPV5ZNwcK1DzOoQ5+4=
48,-89,K5O4My21RYV4WTMAzYB1Q7e1kWM=,w/ewg8wIVRPV5ZNwcK1DzOoQ5+4=
55,-90,K5O4My21RYV4WTMAzYB1Q7e1kWM=,w/ewg8wIVRPV5ZNwcK1DzOoQ5+4=
48,-90,K5O4My21RYV4WTMAzYB1Q7e1kWM=,w/ewg8wIVRPV5ZNwcK1DzOoQ5+4=
49,-92,K5O4My21RYV4WTMAzYB1Q7e1kWM=,w/ewg8wIVRPV5ZNwcK1DzOoQ5+4=
50,-92,K5O4My21RYV4WTMAzYB1Q7e1kWM=,w/ewg8wIVRPV5ZNwcK1DzOoQ5+4=
51,-92,K5O4My21RYV4WTMAzYB1Q7e1kWM=,w/ewg8wIVRPV5ZNwcK1DzOoQ5+4=
54,-90,K5O4My21RYV4WTMAzYB1Q7e1kWM=,w/ewg8wIVRPV5ZNwcK1DzOoQ5+4=
63,-93,K5O4My21RYV4WTMAzYB1Q7e1kWM=,Yu3GFdIHSTh793c1r2gXyYhWazA=
48,-91,K5O4My21RYV4WTMAzYB1Q7e1kWM=,w/ewg8wIVRPV5ZNwcK1DzOoQ5+4=
63,-96,K5O4My21RYV4WTMAzYB1Q7e1kWM=,Yu3GFdIHSTh793c1r2gXyYhWazA=
62,-95,K5O4My21RYV4WTMAzYB1Q7e1kWM=,Yu3GFdIHSTh793c1r2gXyYhWazA=
60,-95,K5O4My21RYV4WTMAzYB1Q7e1kWM=,Yu3GFdIHSTh793c1r2gXyYhWazA=
61,-95,K5O4My21RYV4WTMAzYB1Q7e1kWM=,Yu3GFdIHSTh793c1r2gXyYhWazA=
56,-96,K5O4My21RYV4WTMAzYB1Q7e1kWM=,Yu3GFdIHSTh793c1r2gXyYhWazA=
53,-90,K5O4My21RYV4WTMAzYB1Q7e1kWM=,w/ewg8wIVRPV5ZNwcK1DzOoQ5+4=
60,-94,K5O4My21RYV4WTMAzYB1Q7e1kWM=,Yu3GFdIHSTh793c1r2gXyYhWazA=
61,-94,K5O4My21RYV4WTMAzYB1Q7e1kWM=,Yu3GFdIHSTh793c1r2gXyYhWazA=
48,-81,K5O4My21RYV4WTMAzYB1Q7e1kWM=,j941yoXt+v1X37/Jd+Ees/47VCI=
48,-92,K5O4My21RYV4WTMAzYB1Q7e1kWM=,w/ewg8wIVRPV5ZNwcK1DzOoQ5+4=
63,-94,K5O4My21RYV4WTMAzYB1Q7e1kWM=,Yu3GFdIHSTh793c1r2gXyYhWazA=
49,-91,K5O4My21RYV4WTMAzYB1Q7e1kWM=,w/ewg8wIVRPV5ZNwcK1DzOoQ5+4=
51,-91,K5O4My21RYV4WTMAzYB1Q7e1kWM=,w/ewg8wIVRPV5ZNwcK1DzOoQ5+4=
61,-93,K5O4My21RYV4WTMAzYB1Q7e1kWM=,Yu3GFdIHSTh793c1r2gXyYhWazA=
52,-90,K5O4My21RYV4WTMAzYB1Q7e1kWM=,w/ewg8wIVRPV5ZNwcK1DzOoQ5+4=
55,-89,K5O4My21RYV4WTMAzYB1Q7e1kWM=,w/ewg8wIVRPV5ZNwcK1DzOoQ5+4=
59,-96,K5O4My21RYV4WTMAzYB1Q7e1kWM=,Yu3GFdIHSTh793c1r2gXyYhWazA=
62,-94,K5O4My21RYV4WTMAzYB1Q7e1kWM=,Yu3GFdIHSTh793c1r2gXyYhWazA=
60,-93,K5O4My21RYV4WTMAzYB1Q7e1kWM=,Yu3GFdIHSTh793c1r2gXyYhWazA=
50,-91,K5O4My21RYV4WTMAzYB1Q7e1kWM=,w/ewg8wIVRPV5ZNwcK1DzOoQ5+4=
48,-88,K5O4My21RYV4WTMAzYB1Q7e1kWM=,j941yoXt+v1X37/Jd+Ees/47VCI=
49,-90,K5O4My21RYV4WTMAzYB1Q7e1kWM=,w/ewg8wIVRPV5ZNwcK1DzOoQ5+4=
60,-96,K5O4My21RYV4WTMAzYB1Q7e1kWM=,Yu3GFdIHSTh793c1r2gXyYhWazA=
50,-90,K5O4My21RYV4WTMAzYB1Q7e1kWM=,w/ewg8wIVRPV5ZNwcK1DzOoQ5+4=
62,-93,K5O4My21RYV4WTMAzYB1Q7e1kWM=,Yu3GFdIHSTh793c1r2gXyYhWazA=
62,-96,K5O4My21RYV4WTMAzYB1Q7e1kWM=,Yu3GFdIHSTh793c1r2gXyYhWazA=
49,-88,K5O4My21RYV4WTMAzYB1Q7e1kWM=,j941yoXt+v1X37/Jd+Ees/47VCI=
55,-91,K5O4My21RYV4WTMAzYB1Q7e1kWM=,w/ewg8wIVRPV5ZNwcK1DzOoQ5+4=
63,-95,K5O4My21RYV4WTMAzYB1Q7e1kWM=,Yu3GFdIHSTh793c1r2gXyYhWazA=
48,-85,K5O4My21RYV4WTMAzYB1Q7e1kWM=,j941yoXt+v1X37/Jd+Ees/47VCI=
51,-90,K5O4My21RYV4WTMAzYB1Q7e1kWM=,w/ewg8wIVRPV5ZNwcK1DzOoQ5+4=
50,-88,K5O4My21RYV4WTMAzYB1Q7e1kWM=,j941yoXt+v1X37/Jd+Ees/47VCI=
51,-88,K5O4My21RYV4WTMAzYB1Q7e1kWM=,j941yoXt+v1X37/Jd+Ees/47VCI=
55,-96,K5O4My21RYV4WTMAzYB1Q7e1kWM=,w/ewg8wIVRPV5ZNwcK1DzOoQ5+4=
58,-96,K5O4My21RYV4WTMAzYB1Q7e1kWM=,Yu3GFdIHSTh793c1r2gXyYhWazA=
52,-95,K5O4My21RYV4WTMAzYB1Q7e1kWM=,w/ewg8wIVRPV5ZNwcK1DzOoQ5+4=
61,-96,K5O4My21RYV4WTMAzYB1Q7e1kWM=,Yu3GFdIHSTh793c1r2gXyYhWazA=
54,-96,K5O4My21RYV4WTMAzYB1Q7e1kWM=,w/ewg8wIVRPV5ZNwcK1DzOoQ5+4=
51,-87,K5O4My21RYV4WTMAzYB1Q7e1kWM=,j941yoXt+v1X37/Jd+Ees/47VCI=
53,-95,K5O4My21RYV4WTMAzYB1Q7e1kWM=,w/ewg8wIVRPV5ZNwcK1DzOoQ5+4=
49,-96,K5O4My21RYV4WTMAzYB1Q7e1kWM=,w/ewg8wIVRPV5ZNwcK1DzOoQ5+4=
49,-87,K5O4My21RYV4WTMAzYB1Q7e1kWM=,j941yoXt+v1X37/Jd+Ees/47VCI=
48,-86,K5O4My21RYV4WTMAzYB1Q7e1kWM=,j941yoXt+v1X37/Jd+Ees/47VCI=
50,-87,K5O4My21RYV4WTMAzYB1Q7e1kWM=,j941yoXt+v1X37/Jd+Ees/47VCI=
51,-96,K5O4My21RYV4WTMAzYB1Q7e1kWM=,w/ewg8wIVRPV5ZNwcK1DzOoQ5+4=
54,-91,K5O4My21RYV4WTMAzYB1Q7e1kWM=,w/ewg8wIVRPV5ZNwcK1DzOoQ5+4=
51,-86,K5O4My21RYV4WTMAzYB1Q7e1kWM=,j941yoXt+v1X37/Jd+Ees/47VCI=
49,-86,K5O4My21RYV4WTMAzYB1Q7e1kWM=,j941yoXt+v1X37/Jd+Ees/47VCI=
50,-86,K5O4My21RYV4WTMAzYB1Q7e1kWM=,j941yoXt+v1X37/Jd+Ees/47VCI=
57,-96,K5O4My21RYV4WTMAzYB1Q7e1kWM=,Yu3GFdIHSTh793c1r2gXyYhWazA=
48,-87,K5O4My21RYV4WTMAzYB1Q7e1kWM=,j941yoXt+v1X37/Jd+Ees/47VCI=
53,-96,K5O4My21RYV4WTMAzYB1Q7e1kWM=,w/ewg8wIVRPV5ZNwcK1DzOoQ5+4=
50,-96,K5O4My21RYV4WTMAzYB1Q7e1kWM=,w/ewg8wIVRPV5ZNwcK1DzOoQ5+4=
52,-96,K5O4My21RYV4WTMAzYB1Q7e1kWM=,w/ewg8wIVRPV5ZNwcK1DzOoQ5+4=
50,-85,K5O4My21RYV4WTMAzYB1Q7e1kWM=,j941yoXt+v1X37/Jd+Ees/47VCI=
53,-91,K5O4My21RYV4WTMAzYB1Q7e1kWM=,w/ewg8wIVRPV5ZNwcK1DzOoQ5+4=
49,-85,K5O4My21RYV4WTMAzYB1Q7e1kWM=,j941yoXt+v1X37/Jd+Ees/47VCI=
59,-95,K5O4My21RYV4WTMAzYB1Q7e1kWM=,Yu3GFdIHSTh793c1r2gXyYhWazA=
51,-89,K5O4My21RYV4WTMAzYB1Q7e1kWM=,w/ewg8wIVRPV5ZNwcK1DzOoQ5+4=
51,-85,K5O4My21RYV4WTMAzYB1Q7e1kWM=,j941yoXt+v1X37/Jd+Ees/47VCI=
58,-95,K5O4My21RYV4WTMAzYB1Q7e1kWM=,Yu3GFdIHSTh793c1r2gXyYhWazA=
59,-94,K5O4My21RYV4WTMAzYB1Q7e1kWM=,Yu3GFdIHSTh793c1r2gXyYhWazA=
48,-96,K5O4My21RYV4WTMAzYB1Q7e1kWM=,w/ewg8wIVRPV5ZNwcK1DzOoQ5+4=
56,-93,K5O4My21RYV4WTMAzYB1Q7e1kWM=,Yu3GFdIHSTh793c1r2gXyYhWazA=
59,-93,K5O4My21RYV4WTMAzYB1Q7e1kWM=,Yu3GFdIHSTh793c1r2gXyYhWazA=
57,-94,K5O4My21RYV4WTMAzYB1Q7e1kWM=,Yu3GFdIHSTh793c1r2gXyYhWazA=
49,-89,K5O4My21RYV4WTMAzYB1Q7e1kWM=,w/ewg8wIVRPV5ZNwcK1DzOoQ5+4=
50,-89,K5O4My21RYV4WTMAzYB1Q7e1kWM=,w/ewg8wIVRPV5ZNwcK1DzOoQ5+4=
58,-94,K5O4My21RYV4WTMAzYB1Q7e1kWM=,Yu3GFdIHSTh793c1r2gXyYhWazA=
52,-91,K5O4My21RYV4WTMAzYB1Q7e1kWM=,w/ewg8wIVRPV5ZNwcK1DzOoQ5+4=
57,-95,K5O4My21RYV4WTMAzYB1Q7e1kWM=,Yu3GFdIHSTh793c1r2gXyYhWazA=
54,-95,K5O4My21RYV4WTMAzYB1Q7e1kWM=,w/ewg8wIVRPV5ZNwcK1DzOoQ5+4=
57,-93,K5O4My21RYV4WTMAzYB1Q7e1kWM=,Yu3GFdIHSTh793c1r2gXyYhWazA=
55,-95,K5O4My21RYV4WTMAzYB1Q7e1kWM=,w/ewg8wIVRPV5ZNwcK1DzOoQ5+4=
56,-94,K5O4My21RYV4WTMAzYB1Q7e1kWM=,Yu3GFdIHSTh793c1r2gXyYhWazA=
56,-95,K5O4My21RYV4WTMAzYB1Q7e1kWM=,Yu3GFdIHSTh793c1r2gXyYhWazA=
50,-94,K5O4My21RYV4WTMAzYB1Q7e1kWM=,w/ewg8wIVRPV5ZNwcK1DzOoQ5+4=
58,-93,K5O4My21RYV4WTMAzYB1Q7e1kWM=,Yu3GFdIHSTh793c1r2gXyYhWazA=
49,-94,K5O4My21RYV4WTMAzYB1Q7e1kWM=,w/ewg8wIVRPV5ZNwcK1DzOoQ5+4=
55,-92,K5O4My21RYV4WTMAzYB1Q7e1kWM=,w/ewg8wIVRPV5ZNwcK1DzOoQ5+4=
53,-94,K5O4My21RYV4WTMAzYB1Q7e1kWM=,w/ewg8wIVRPV5ZNwcK1DzOoQ5+4=
54,-94,K5O4My21RYV4WTMAzYB1Q7e1kWM=,w/ewg8wIVRPV5ZNwcK1DzOoQ5+4=
48,-95,K5O4My21RYV4WTMAzYB1Q7e1kWM=,w/ewg8wIVRPV5ZNwcK1DzOoQ5+4=
51,-93,K5O4My21RYV4WTMAzYB1Q7e1kWM=,w/ewg8wIVRPV5ZNwcK1DzOoQ5+4=
50,-93,K5O4My21RYV4WTMAzYB1Q7e1kWM=,w/ewg8wIVRPV5ZNwcK1DzOoQ5+4=
52,-94,K5O4My21RYV4WTMAzYB1Q7e1kWM=,w/ewg8wIVRPV5ZNwcK1DzOoQ5+4=
51,-94,K5O4My21RYV4WTMAzYB1Q7e1kWM=,w/ewg8wIVRPV5ZNwcK1DzOoQ5+4=
49,-93,K5O4My21RYV4WTMAzYB1Q7e1kWM=,w/ewg8wIVRPV5ZNwcK1DzOoQ5+4=
52,-93,K5O4My21RYV4WTMAzYB1Q7e1kWM=,w/ewg8wIVRPV5ZNwcK1DzOoQ5+4=
50,-81,K5O4My21RYV4WTMAzYB1Q7e1kWM=,j941yoXt+v1X37/Jd+Ees/47VCI=
49,-81,K5O4My21RYV4WTMAzYB1Q7e1kWM=,j941yoXt+v1X37/Jd+Ees/47VCI=
49,-84,K5O4My21RYV4WTMAzYB1Q7e1kWM=,j941yoXt+v1X37/Jd+Ees/47VCI=
51,-81,K5O4My21RYV4WTMAzYB1Q7e1kWM=,j941yoXt+v1X37/Jd+Ees/47VCI=
54,-93,K5O4My21RYV4WTMAzYB1Q7e1kWM=,w/ewg8wIVRPV5ZNwcK1DzOoQ5+4=
55,-94,K5O4My21RYV4WTMAzYB1Q7e1kWM=,w/ewg8wIVRPV5ZNwcK1DzOoQ5+4=
54,-92,K5O4My21RYV4WTMAzYB1Q7e1kWM=,w/ewg8wIVRPV5ZNwcK1DzOoQ5+4=
53,-93,K5O4My21RYV4WTMAzYB1Q7e1kWM=,w/ewg8wIVRPV5ZNwcK1DzOoQ5+4=
55,-93,K5O4My21RYV4WTMAzYB1Q7e1kWM=,w/ewg8wIVRPV5ZNwcK1DzOoQ5+4=
49,-95,K5O4My21RYV4WTMAzYB1Q7e1kWM=,w/ewg8wIVRPV5ZNwcK1DzOoQ5+4=
50,-84,K5O4My21RYV4WTMAzYB1Q7e1kWM=,j941yoXt+v1X37/Jd+Ees/47VCI=
51,-95,K5O4My21RYV4WTMAzYB1Q7e1kWM=,w/ewg8wIVRPV5ZNwcK1DzOoQ5+4=
50,-95,K5O4My21RYV4WTMAzYB1Q7e1kWM=,w/ewg8wIVRPV5ZNwcK1DzOoQ5+4=
50,-83,K5O4My21RYV4WTMAzYB1Q7e1kWM=,j941yoXt+v1X37/Jd+Ees/47VCI=
49,-83,K5O4My21RYV4WTMAzYB1Q7e1kWM=,j941yoXt+v1X37/Jd+Ees/47VCI=
51,-84,K5O4My21RYV4WTMAzYB1Q7e1kWM=,j941yoXt+v1X37/Jd+Ees/47VCI=
48,-93,K5O4My21RYV4WTMAzYB1Q7e1kWM=,w/ewg8wIVRPV5ZNwcK1DzOoQ5+4=
49,-82,K5O4My21RYV4WTMAzYB1Q7e1kWM=,j941yoXt+v1X37/Jd+Ees/47VCI=
48,-94,K5O4My21RYV4WTMAzYB1Q7e1kWM=,w/ewg8wIVRPV5ZNwcK1DzOoQ5+4=
50,-82,K5O4My21RYV4WTMAzYB1Q7e1kWM=,j941yoXt+v1X37/Jd+Ees/47VCI=
48,-83,K5O4My21RYV4WTMAzYB1Q7e1kWM=,j941yoXt+v1X37/Jd+Ees/47VCI=
48,-84,K5O4My21RYV4WTMAzYB1Q7e1kWM=,j941yoXt+v1X37/Jd+Ees/47VCI=
51,-83,K5O4My21RYV4WTMAzYB1Q7e1kWM=,j941yoXt+v1X37/Jd+Ees/47VCI=
53,-92,K5O4My21RYV4WTMAzYB1Q7e1kWM=,w/ewg8wIVRPV5ZNwcK1DzOoQ5+4=
51,-82,K5O4My21RYV4WTMAzYB1Q7e1kWM=,j941yoXt+v1X37/Jd+Ees/47VCI=
60,-92,K5O4My21RYV4WTMAzYB1Q7e1kWM=,Yu3GFdIHSTh793c1r2gXyYhWazA=
48,-82,K5O4My21RYV4WTMAzYB1Q7e1kWM=,j941yoXt+v1X37/Jd+Ees/47VCI=
57,-92,K5O4My21RYV4WTMAzYB1Q7e1kWM=,Yu3GFdIHSTh793c1r2gXyYhWazA=
58,-92,K5O4My21RYV4WTMAzYB1Q7e1kWM=,Yu3GFdIHSTh793c1r2gXyYhWazA=
59,-92,K5O4My21RYV4WTMAzYB1Q7e1kWM=,Yu3GFdIHSTh793c1r2gXyYhWazA=
56,-89,K5O4My21RYV4WTMAzYB1Q7e1kWM=,Yu3GFdIHSTh793c1r2gXyYhWazA=
61,-92,K5O4My21RYV4WTMAzYB1Q7e1kWM=,Yu3GFdIHSTh793c1r2gXyYhWazA=
57,-91,K5O4My21RYV4WTMAzYB1Q7e1kWM=,Yu3GFdIHSTh793c1r2gXyYhWazA=
59,-91,K5O4My21RYV4WTMAzYB1Q7e1kWM=,Yu3GFdIHSTh793c1r2gXyYhWazA=
52,-92,K5O4My21RYV4WTMAzYB1Q7e1kWM=,w/ewg8wIVRPV5ZNwcK1DzOoQ5+4=
58,-91,K5O4My21RYV4WTMAzYB1Q7e1kWM=,Yu3GFdIHSTh793c1r2gXyYhWazA=
57,-90,K5O4My21RYV4WTMAzYB1Q7e1kWM=,Yu3GFdIHSTh793c1r2gXyYhWazA=
60,-91,K5O4My21RYV4WTMAzYB1Q7e1kWM=,Yu3GFdIHSTh793c1r2gXyYhWazA=
61,-90,K5O4My21RYV4WTMAzYB1Q7e1kWM=,Yu3GFdIHSTh793c1r2gXyYhWazA=
59,-82,K5O4My21RYV4WTMAzYB1Q7e1kWM=,NL3XOPAsnwVIbaxOct0FZwVyDw8=
60,-90,K5O4My21RYV4WTMAzYB1Q7e1kWM=,Yu3GFdIHSTh793c1r2gXyYhWazA=
57,-89,K5O4My21RYV4WTMAzYB1Q7e1kWM=,Yu3GFdIHSTh793c1r2gXyYhWazA=
58,-90,K5O4My21RYV4WTMAzYB1Q7e1kWM=,Yu3GFdIHSTh793c1r2gXyYhWazA=
59,-90,K5O4My21RYV4WTMAzYB1Q7e1kWM=,Yu3GFdIHSTh793c1r2gXyYhWazA=
56,-91,K5O4My21RYV4WTMAzYB1Q7e1kWM=,Yu3GFdIHSTh793c1r2gXyYhWazA=
56,-92,K5O4My21RYV4WTMAzYB1Q7e1kWM=,Yu3GFdIHSTh793c1r2gXyYhWazA=
62,-90,K5O4My21RYV4WTMAzYB1Q7e1kWM=,Yu3GFdIHSTh793c1r2gXyYhWazA=
62,-91,K5O4My21RYV4WTMAzYB1Q7e1kWM=,Yu3GFdIHSTh793c1r2gXyYhWazA=
62,-92,K5O4My21RYV4WTMAzYB1Q7e1kWM=,Yu3GFdIHSTh793c1r2gXyYhWazA=
56,-90,K5O4My21RYV4WTMAzYB1Q7e1kWM=,Yu3GFdIHSTh793c1r2gXyYhWazA=
61,-91,K5O4My21RYV4WTMAzYB1Q7e1kWM=,Yu3GFdIHSTh793c1r2gXyYhWazA=
63,-92,K5O4My21RYV4WTMAzYB1Q7e1kWM=,Yu3GFdIHSTh793c1r2gXyYhWazA=
58,-86,eULL3MsExdYsLTnJtrNz5q3poMc=,NL3XOPAsnwVIbaxOct0FZwVyDw8=
59,-87,eULL3MsExdYsLTnJtrNz5q3poMc=,NL3XOPAsnwVIbaxOct0FZwVyDw8=
58,-89,eULL3MsExdYsLTnJtrNz5q3poMc=,Yu3GFdIHSTh793c1r2gXyYhWazA=
63,-90,eULL3MsExdYsLTnJtrNz5q3poMc=,Yu3GFdIHSTh793c1r2gXyYhWazA=
63,-89,eULL3MsExdYsLTnJtrNz5q3poMc=,Yu3GFdIHSTh793c1r2gXyYhWazA=
62,-89,eULL3MsExdYsLTnJtrNz5q3poMc=,Yu3GFdIHSTh793c1r2gXyYhWazA=
58,-83,eULL3MsExdYsLTnJtrNz5q3poMc=,NL3XOPAsnwVIbaxOct0FZwVyDw8=
60,-89,eULL3MsExdYsLTnJtrNz5q3poMc=,Yu3GFdIHSTh793c1r2gXyYhWazA=
53,-82,eULL3MsExdYsLTnJtrNz5q3poMc=,j941yoXt+v1X37/Jd+Ees/47VCI=
52,-82,eULL3MsExdYsLTnJtrNz5q3poMc=,j941yoXt+v1X37/Jd+Ees/47VCI=
61,-89,eULL3MsExdYsLTnJtrNz5q3poMc=,Yu3GFdIHSTh793c1r2gXyYhWazA=
52,-88,eULL3MsExdYsLTnJtrNz5q3poMc=,j941yoXt+v1X37/Jd+Ees/47VCI=
59,-89,eULL3MsExdYsLTnJtrNz5q3poMc=,Yu3GFdIHSTh793c1r2gXyYhWazA=
60,-85,eULL3MsExdYsLTnJtrNz5q3poMc=,NL3XOPAsnwVIbaxOct0FZwVyDw8=
54,-82,eULL3MsExdYsLTnJtrNz5q3poMc=,j941yoXt+v1X37/Jd+Ees/47VCI=
52,-81,eULL3MsExdYsLTnJtrNz5q3poMc=,j941yoXt+v1X37/Jd+Ees/47VCI=
53,-81,eULL3MsExdYsLTnJtrNz5q3poMc=,j941yoXt+v1X37/Jd+Ees/47VCI=
54,-88,eULL3MsExdYsLTnJtrNz5q3poMc=,j941yoXt+v1X37/Jd+Ees/47VCI=
52,-87,eULL3MsExdYsLTnJtrNz5q3poMc=,j941yoXt+v1X37/Jd+Ees/47VCI=
59,-86,eULL3MsExdYsLTnJtrNz5q3poMc=,NL3XOPAsnwVIbaxOct0FZwVyDw8=
54,-87,eULL3MsExdYsLTnJtrNz5q3poMc=,j941yoXt+v1X37/Jd+Ees/47VCI=
54,-81,eULL3MsExdYsLTnJtrNz5q3poMc=,j941yoXt+v1X37/Jd+Ees/47VCI=
52,-86,eULL3MsExdYsLTnJtrNz5q3poMc=,j941yoXt+v1X37/Jd+Ees/47VCI=
53,-88,eULL3MsExdYsLTnJtrNz5q3poMc=,j941yoXt+v1X37/Jd+Ees/47VCI=
53,-87,eULL3MsExdYsLTnJtrNz5q3poMc=,j941yoXt+v1X37/Jd+Ees/47VCI=
53,-86,eULL3MsExdYsLTnJtrNz5q3poMc=,j941yoXt+v1X37/Jd+Ees/47VCI=
52,-85,eULL3MsExdYsLTnJtrNz5q3poMc=,j941yoXt+v1X37/Jd+Ees/47VCI=
53,-84,eULL3MsExdYsLTnJtrNz5q3poMc=,j941yoXt+v1X37/Jd+Ees/47VCI=
52,-84,eULL3MsExdYsLTnJtrNz5q3poMc=,j941yoXt+v1X37/Jd+Ees/47VCI=
54,-86,eULL3MsExdYsLTnJtrNz5q3poMc=,j941yoXt+v1X37/Jd+Ees/47VCI=
54,-84,eULL3MsExdYsLTnJtrNz5q3poMc=,j941yoXt+v1X37/Jd+Ees/47VCI=
54,-85,eULL3MsExdYsLTnJtrNz5q3poMc=,j941yoXt+v1X37/Jd+Ees/47VCI=
52,-83,eULL3MsExdYsLTnJtrNz5q3poMc=,j941yoXt+v1X37/Jd+Ees/47VCI=
53,-83,eULL3MsExdYsLTnJtrNz5q3poMc=,j941yoXt+v1X37/Jd+Ees/47VCI=
54,-83,eULL3MsExdYsLTnJtrNz5q3poMc=,j941yoXt+v1X37/Jd+Ees/47VCI=
53,-85,eULL3MsExdYsLTnJtrNz5q3poMc=,j941yoXt+v1X37/Jd+Ees/47VCI=
61,-88,eULL3MsExdYsLTnJtrNz5q3poMc=,NL3XOPAsnwVIbaxOct0FZwVyDw8=
56,-82,eULL3MsExdYsLTnJtrNz5q3poMc=,NL3XOPAsnwVIbaxOct0FZwVyDw8=
62,-84,eULL3MsExdYsLTnJtrNz5q3poMc=,NL3XOPAsnwVIbaxOct0FZwVyDw8=
56,-86,eULL3MsExdYsLTnJtrNz5q3poMc=,NL3XOPAsnwVIbaxOct0FZwVyDw8=
56,-83,eULL3MsExdYsLTnJtrNz5q3poMc=,NL3XOPAsnwVIbaxOct0FZwVyDw8=
55,-82,eULL3MsExdYsLTnJtrNz5q3poMc=,j941yoXt+v1X37/Jd+Ees/47VCI=
63,-91,eULL3MsExdYsLTnJtrNz5q3poMc=,Yu3GFdIHSTh793c1r2gXyYhWazA=
55,-88,eULL3MsExdYsLTnJtrNz5q3poMc=,j941yoXt+v1X37/Jd+Ees/47VCI=
56,-88,eULL3MsExdYsLTnJtrNz5q3poMc=,NL3XOPAsnwVIbaxOct0FZwVyDw8=
62,-88,eULL3MsExdYsLTnJtrNz5q3poMc=,NL3XOPAsnwVIbaxOct0FZwVyDw8=
57,-82,eULL3MsExdYsLTnJtrNz5q3poMc=,NL3XOPAsnwVIbaxOct0FZwVyDw8=
57,-86,eULL3MsExdYsLTnJtrNz5q3poMc=,NL3XOPAsnwVIbaxOct0FZwVyDw8=
55,-87,eULL3MsExdYsLTnJtrNz5q3poMc=,j941yoXt+v1X37/Jd+Ees/47VCI=
58,-82,eULL3MsExdYsLTnJtrNz5q3poMc=,NL3XOPAsnwVIbaxOct0FZwVyDw8=
57,-83,eULL3MsExdYsLTnJtrNz5q3poMc=,NL3XOPAsnwVIbaxOct0FZwVyDw8=
61,-85,eULL3MsExdYsLTnJtrNz5q3poMc=,NL3XOPAsnwVIbaxOct0FZwVyDw8=
55,-86,eULL3MsExdYsLTnJtrNz5q3poMc=,j941yoXt+v1X37/Jd+Ees/47VCI=
60,-88,eULL3MsExdYsLTnJtrNz5q3poMc=,NL3XOPAsnwVIbaxOct0FZwVyDw8=
57,-87,eULL3MsExdYsLTnJtrNz5q3poMc=,NL3XOPAsnwVIbaxOct0FZwVyDw8=
58,-87,eULL3MsExdYsLTnJtrNz5q3poMc=,NL3XOPAsnwVIbaxOct0FZwVyDw8=
56,-87,eULL3MsExdYsLTnJtrNz5q3poMc=,NL3XOPAsnwVIbaxOct0FZwVyDw8=
63,-83,eULL3MsExdYsLTnJtrNz5q3poMc=,NL3XOPAsnwVIbaxOct0FZwVyDw8=
63,-82,eULL3MsExdYsLTnJtrNz5q3poMc=,NL3XOPAsnwVIbaxOct0FZwVyDw8=
63,-86,eULL3MsExdYsLTnJtrNz5q3poMc=,NL3XOPAsnwVIbaxOct0FZwVyDw8=
55,-81,eULL3MsExdYsLTnJtrNz5q3poMc=,j941yoXt+v1X37/Jd+Ees/47VCI=
63,-87,eULL3MsExdYsLTnJtrNz5q3poMc=,NL3XOPAsnwVIbaxOct0FZwVyDw8=
63,-85,eULL3MsExdYsLTnJtrNz5q3poMc=,NL3XOPAsnwVIbaxOct0FZwVyDw8=
58,-81,eULL3MsExdYsLTnJtrNz5q3poMc=,NL3XOPAsnwVIbaxOct0FZwVyDw8=
56,-81,eULL3MsExdYsLTnJtrNz5q3poMc=,NL3XOPAsnwVIbaxOct0FZwVyDw8=
59,-81,eULL3MsExdYsLTnJtrNz5q3poMc=,NL3XOPAsnwVIbaxOct0FZwVyDw8=
60,-82,eULL3MsExdYsLTnJtrNz5q3poMc=,NL3XOPAsnwVIbaxOct0FZwVyDw8=
63,-84,eULL3MsExdYsLTnJtrNz5q3poMc=,NL3XOPAsnwVIbaxOct0FZwVyDw8=
60,-81,eULL3MsExdYsLTnJtrNz5q3poMc=,NL3XOPAsnwVIbaxOct0FZwVyDw8=
62,-81,eULL3MsExdYsLTnJtrNz5q3poMc=,NL3XOPAsnwVIbaxOct0FZwVyDw8=
57,-81,eULL3MsExdYsLTnJtrNz5q3poMc=,NL3XOPAsnwVIbaxOct0FZwVyDw8=
63,-81,eULL3MsExdYsLTnJtrNz5q3poMc=,NL3XOPAsnwVIbaxOct0FZwVyDw8=
63,-88,eULL3MsExdYsLTnJtrNz5q3poMc=,NL3XOPAsnwVIbaxOct0FZwVyDw8=
61,-81,eULL3MsExdYsLTnJtrNz5q3poMc=,NL3XOPAsnwVIbaxOct0FZwVyDw8=
57,-85,eULL3MsExdYsLTnJtrNz5q3poMc=,NL3XOPAsnwVIbaxOct0FZwVyDw8=
55,-85,eULL3MsExdYsLTnJtrNz5q3poMc=,j941yoXt+v1X37/Jd+Ees/47VCI=
56,-85,eULL3MsExdYsLTnJtrNz5q3poMc=,NL3XOPAsnwVIbaxOct0FZwVyDw8=
57,-88,eULL3MsExdYsLTnJtrNz5q3poMc=,NL3XOPAsnwVIbaxOct0FZwVyDw8=
62,-86,eULL3MsExdYsLTnJtrNz5q3poMc=,NL3XOPAsnwVIbaxOct0FZwVyDw8=
61,-84,eULL3MsExdYsLTnJtrNz5q3poMc=,NL3XOPAsnwVIbaxOct0FZwVyDw8=
59,-84,eULL3MsExdYsLTnJtrNz5q3poMc=,NL3XOPAsnwVIbaxOct0FZwVyDw8=
59,-88,eULL3MsExdYsLTnJtrNz5q3poMc=,NL3XOPAsnwVIbaxOct0FZwVyDw8=
61,-86,eULL3MsExdYsLTnJtrNz5q3poMc=,NL3XOPAsnwVIbaxOct0FZwVyDw8=
58,-84,eULL3MsExdYsLTnJtrNz5q3poMc=,NL3XOPAsnwVIbaxOct0FZwVyDw8=
62,-83,eULL3MsExdYsLTnJtrNz5q3poMc=,NL3XOPAsnwVIbaxOct0FZwVyDw8=
57,-84,eULL3MsExdYsLTnJtrNz5q3poMc=,NL3XOPAsnwVIbaxOct0FZwVyDw8=
61,-83,eULL3MsExdYsLTnJtrNz5q3poMc=,NL3XOPAsnwVIbaxOct0FZwVyDw8=
60,-86,eULL3MsExdYsLTnJtrNz5q3poMc=,NL3XOPAsnwVIbaxOct0FZwVyDw8=
55,-83,eULL3MsExdYsLTnJtrNz5q3poMc=,j941yoXt+v1X37/Jd+Ees/47VCI=
59,-83,eULL3MsExdYsLTnJtrNz5q3poMc=,NL3XOPAsnwVIbaxOct0FZwVyDw8=
58,-85,eULL3MsExdYsLTnJtrNz5q3poMc=,NL3XOPAsnwVIbaxOct0FZwVyDw8=
60,-84,eULL3MsExdYsLTnJtrNz5q3poMc=,NL3XOPAsnwVIbaxOct0FZwVyDw8=
60,-83,eULL3MsExdYsLTnJtrNz5q3poMc=,NL3XOPAsnwVIbaxOct0FZwVyDw8=
56,-84,eULL3MsExdYsLTnJtrNz5q3poMc=,NL3XOPAsnwVIbaxOct0FZwVyDw8=
62,-82,eULL3MsExdYsLTnJtrNz5q3poMc=,NL3XOPAsnwVIbaxOct0FZwVyDw8=
61,-87,eULL3MsExdYsLTnJtrNz5q3poMc=,NL3XOPAsnwVIbaxOct0FZwVyDw8=
62,-87,eULL3MsExdYsLTnJtrNz5q3poMc=,NL3XOPAsnwVIbaxOct0FZwVyDw8=
62,-85,eULL3MsExdYsLTnJtrNz5q3poMc=,NL3XOPAsnwVIbaxOct0FZwVyDw8=
60,-87,eULL3MsExdYsLTnJtrNz5q3poMc=,NL3XOPAsnwVIbaxOct0FZwVyDw8=
58,-88,eULL3MsExdYsLTnJtrNz5q3poMc=,NL3XOPAsnwVIbaxOct0FZwVyDw8=
55,-84,eULL3MsExdYsLTnJtrNz5q3poMc=,j941yoXt+v1X37/Jd+Ees/47VCI=
59,-85,eULL3MsExdYsLTnJtrNz5q3poMc=,NL3XOPAsnwVIbaxOct0FZwVyDw8=
61,-82,eULL3MsExdYsLTnJtrNz5q3poMc=,NL3XOPAsnwVIbaxOct0FZwVyDw8=
42,-92,AoY+Oxi5Pzo570q53uk/E3nvXTk=,a7YWXsc0bdb0yjo/EuVuG3TqLX4=
47,-90,AoY+Oxi5Pzo570q53uk/E3nvXTk=,a7YWXsc0bdb0yjo/EuVuG3TqLX4=
40,-89,AoY+Oxi5Pzo570q53uk/E3nvXTk=,a7YWXsc0bdb0yjo/EuVuG3TqLX4=
39,-90,AoY+Oxi5Pzo570q53uk/E3nvXTk=,uIspeZM6bewYlMpSq7ajbgXIn1o=
39,-89,AoY+Oxi5Pzo570q53uk/E3nvXTk=,uIspeZM6bewYlMpSq7ajbgXIn1o=
42,-91,AoY+Oxi5Pzo570q53uk/E3nvXTk=,a7YWXsc0bdb0yjo/EuVuG3TqLX4=
40,-92,AoY+Oxi5Pzo570q53uk/E3nvXTk=,a7YWXsc0bdb0yjo/EuVuG3TqLX4=
43,-86,AoY+Oxi5Pzo570q53uk/E3nvXTk=,hMxWJo/1kJ/hdglwVNmeCxTj/3I=
40,-91,AoY+Oxi5Pzo570q53uk/E3nvXTk=,a7YWXsc0bdb0yjo/EuVuG3TqLX4=
37,-88,AoY+Oxi5Pzo570q53uk/E3nvXTk=,D9G0Glx9R3MxRV32VcQJ0leV/kM=
43,-92,AoY+Oxi5Pzo570q53uk/E3nvXTk=,a7YWXsc0bdb0yjo/EuVuG3TqLX4=
36,-88,AoY+Oxi5Pzo570q53uk/E3nvXTk=,D9G0Glx9R3MxRV32VcQJ0leV/kM=
39,-91,AoY+Oxi5Pzo570q53uk/E3nvXTk=,uIspeZM6bewYlMpSq7ajbgXIn1o=
41,-89,AoY+Oxi5Pzo570q53uk/E3nvXTk=,a7YWXsc0bdb0yjo/EuVuG3TqLX4=
41,-92,AoY+Oxi5Pzo570q53uk/E3nvXTk=,a7YWXsc0bdb0yjo/EuVuG3TqLX4=
41,-91,AoY+Oxi5Pzo570q53uk/E3nvXTk=,a7YWXsc0bdb0yjo/EuVuG3TqLX4=
39,-85,AoY+Oxi5Pzo570q53uk/E3nvXTk=,D9G0Glx9R3MxRV32VcQJ0leV/kM=
43,-91,AoY+Oxi5Pzo570q53uk/E3nvXTk=,a7YWXsc0bdb0yjo/EuVuG3TqLX4=
39,-92,AoY+Oxi5Pzo570q53uk/E3nvXTk=,uIspeZM6bewYlMpSq7ajbgXIn1o=
42,-89,AoY+Oxi5Pzo570q53uk/E3nvXTk=,a7YWXsc0bdb0yjo/EuVuG3TqLX4=
42,-87,AoY+Oxi5Pzo570q53uk/E3nvXTk=,hMxWJo/1kJ/hdglwVNmeCxTj/3I=
38,-89,AoY+Oxi5Pzo570q53uk/E3nvXTk=,uIspeZM6bewYlMpSq7ajbgXIn1o=
46,-96,AoY+Oxi5Pzo570q53uk/E3nvXTk=,a7YWXsc0bdb0yjo/EuVuG3TqLX4=
43,-89,AoY+Oxi5Pzo570q53uk/E3nvXTk=,a7YWXsc0bdb0yjo/EuVuG3TqLX4=
36,-92,AoY+Oxi5Pzo570q53uk/E3nvXTk=,uIspeZM6bewYlMpSq7ajbgXIn1o=
45,-96,AoY+Oxi5Pzo570q53uk/E3nvXTk=,a7YWXsc0bdb0yjo/EuVuG3TqLX4=
43,-87,AoY+Oxi5Pzo570q53uk/E3nvXTk=,hMxWJo/1kJ/hdglwVNmeCxTj/3I=
47,-91,AoY+Oxi5Pzo570q53uk/E3nvXTk=,a7YWXsc0bdb0yjo/EuVuG3TqLX4=
43,-90,AoY+Oxi5Pzo570q53uk/E3nvXTk=,a7YWXsc0bdb0yjo/EuVuG3TqLX4=
47,-92,AoY+Oxi5Pzo570q53uk/E3nvXTk=,a7YWXsc0bdb0yjo/EuVuG3TqLX4=
37,-89,AoY+Oxi5Pzo570q53uk/E3nvXTk=,uIspeZM6bewYlMpSq7ajbgXIn1o=
44,-96,AoY+Oxi5Pzo570q53uk/E3nvXTk=,a7YWXsc0bdb0yjo/EuVuG3TqLX4=
40,-90,AoY+Oxi5Pzo570q53uk/E3nvXTk=,a7YWXsc0bdb0yjo/EuVuG3TqLX4=
40,-85,AoY+Oxi5Pzo570q53uk/E3nvXTk=,hMxWJo/1kJ/hdglwVNmeCxTj/3I=
37,-92,AoY+Oxi5Pzo570q53uk/E3nvXTk=,uIspeZM6bewYlMpSq7ajbgXIn1o=
43,-81,AoY+Oxi5Pzo570q53uk/E3nvXTk=,hMxWJo/1kJ/hdglwVNmeCxTj/3I=
42,-90,AoY+Oxi5Pzo570q53uk/E3nvXTk=,a7YWXsc0bdb0yjo/EuVuG3TqLX4=
44,-89,AoY+Oxi5Pzo570q53uk/E3nvXTk=,a7YWXsc0bdb0yjo/EuVuG3TqLX4=
39,-81,AoY+Oxi5Pzo570q53uk/E3nvXTk=,D9G0Glx9R3MxRV32VcQJ0leV/kM=
36,-89,AoY+Oxi5Pzo570q53uk/E3nvXTk=,uIspeZM6bewYlMpSq7ajbgXIn1o=
42,-81,AoY+Oxi5Pzo570q53uk/E3nvXTk=,hMxWJo/1kJ/hdglwVNmeCxTj/3I=
41,-90,AoY+Oxi5Pzo570q53uk/E3nvXTk=,a7YWXsc0bdb0yjo/EuVuG3TqLX4=
45,-89,AoY+Oxi5Pzo570q53uk/E3nvXTk=,a7YWXsc0bdb0yjo/EuVuG3TqLX4=
40,-83,AoY+Oxi5Pzo570q53uk/E3nvXTk=,hMxWJo/1kJ/hdglwVNmeCxTj/3I=
41,-85,AoY+Oxi5Pzo570q53uk/E3nvXTk=,hMxWJo/1kJ/hdglwVNmeCxTj/3I=
36,-81,AoY+Oxi5Pzo570q53uk/E3nvXTk=,D9G0Glx9R3MxRV32VcQJ0leV/kM=
37,-82,AoY+Oxi5Pzo570q53uk/E3nvXTk=,D9G0Glx9R3MxRV32VcQJ0leV/kM=
47,-93,AoY+Oxi5Pzo570q53uk/E3nvXTk=,a7YWXsc0bdb0yjo/EuVuG3TqLX4=
41,-83,AoY+Oxi5Pzo570q53uk/E3nvXTk=,hMxWJo/1kJ/hdglwVNmeCxTj/3I=
38,-90,AoY+Oxi5Pzo570q53uk/E3nvXTk=,uIspeZM6bewYlMpSq7ajbgXIn1o=
36,-82,AoY+Oxi5Pzo570q53uk/E3nvXTk=,D9G0Glx9R3MxRV32VcQJ0leV/kM=
37,-81,AoY+Oxi5Pzo570q53uk/E3nvXTk=,D9G0Glx9R3MxRV32VcQJ0leV/kM=
39,-84,AoY+Oxi5Pzo570q53uk/E3nvXTk=,D9G0Glx9R3MxRV32VcQJ0leV/kM=
41,-81,AoY+Oxi5Pzo570q53uk/E3nvXTk=,hMxWJo/1kJ/hdglwVNmeCxTj/3I=
46,-89,AoY+Oxi5Pzo570q53uk/E3nvXTk=,a7YWXsc0bdb0yjo/EuVuG3TqLX4=
42,-85,AoY+Oxi5Pzo570q53uk/E3nvXTk=,hMxWJo/1kJ/hdglwVNmeCxTj/3I=
37,-90,AoY+Oxi5Pzo570q53uk/E3nvXTk=,uIspeZM6bewYlMpSq7ajbgXIn1o=
47,-94,AoY+Oxi5Pzo570q53uk/E3nvXTk=,a7YWXsc0bdb0yjo/EuVuG3TqLX4=
46,-90,AoY+Oxi5Pzo570q53uk/E3nvXTk=,a7YWXsc0bdb0yjo/EuVuG3TqLX4=
40,-81,AoY+Oxi5Pzo570q53uk/E3nvXTk=,hMxWJo/1kJ/hdglwVNmeCxTj/3I=
36,-90,AoY+Oxi5Pzo570q53uk/E3nvXTk=,uIspeZM6bewYlMpSq7ajbgXIn1o=
38,-82,AoY+Oxi5Pzo570q53uk/E3nvXTk=,D9G0Glx9R3MxRV32VcQJ0leV/kM=
43,-85,AoY+Oxi5Pzo570q53uk/E3nvXTk=,hMxWJo/1kJ/hdglwVNmeCxTj/3I=
45,-90,AoY+Oxi5Pzo570q53uk/E3nvXTk=,a7YWXsc0bdb0yjo/EuVuG3TqLX4=
47,-95,AoY+Oxi5Pzo570q53uk/E3nvXTk=,a7YWXsc0bdb0yjo/EuVuG3TqLX4=
39,-83,AoY+Oxi5Pzo570q53uk/E3nvXTk=,D9G0Glx9R3MxRV32VcQJ0leV/kM=
38,-91,AoY+Oxi5Pzo570q53uk/E3nvXTk=,uIspeZM6bewYlMpSq7ajbgXIn1o=
41,-82,AoY+Oxi5Pzo570q53uk/E3nvXTk=,hMxWJo/1kJ/hdglwVNmeCxTj/3I=
44,-90,AoY+Oxi5Pzo570q53uk/E3nvXTk=,a7YWXsc0bdb0yjo/EuVuG3TqLX4=
39,-86,AoY+Oxi5Pzo570q53uk/E3nvXTk=,D9G0Glx9R3MxRV32VcQJ0leV/kM=
46,-93,AoY+Oxi5Pzo570q53uk/E3nvXTk=,a7YWXsc0bdb0yjo/EuVuG3TqLX4=
39,-82,AoY+Oxi5Pzo570q53uk/E3nvXTk=,D9G0Glx9R3MxRV32VcQJ0leV/kM=
37,-91,AoY+Oxi5Pzo570q53uk/E3nvXTk=,uIspeZM6bewYlMpSq7ajbgXIn1o=
42,-82,AoY+Oxi5Pzo570q53uk/E3nvXTk=,hMxWJo/1kJ/hdglwVNmeCxTj/3I=
46,-91,AoY+Oxi5Pzo570q53uk/E3nvXTk=,a7YWXsc0bdb0yjo/EuVuG3TqLX4=
32,-89,AoY+Oxi5Pzo570q53uk/E3nvXTk=,uIspeZM6bewYlMpSq7ajbgXIn1o=
41,-88,AoY+Oxi5Pzo570q53uk/E3nvXTk=,hMxWJo/1kJ/hdglwVNmeCxTj/3I=
45,-93,AoY+Oxi5Pzo570q53uk/E3nvXTk=,a7YWXsc0bdb0yjo/EuVuG3TqLX4=
36,-91,AoY+Oxi5Pzo570q53uk/E3nvXTk=,uIspeZM6bewYlMpSq7ajbgXIn1o=
43,-82,AoY+Oxi5Pzo570q53uk/E3nvXTk=,hMxWJo/1kJ/hdglwVNmeCxTj/3I=
40,-96,AoY+Oxi5Pzo570q53uk/E3nvXTk=,a7YWXsc0bdb0yjo/EuVuG3TqLX4=
32,-90,AoY+Oxi5Pzo570q53uk/E3nvXTk=,uIspeZM6bewYlMpSq7ajbgXIn1o=
42,-86,AoY+Oxi5Pzo570q53uk/E3nvXTk=,hMxWJo/1kJ/hdglwVNmeCxTj/3I=
44,-93,AoY+Oxi5Pzo570q53uk/E3nvXTk=,a7YWXsc0bdb0yjo/EuVuG3TqLX4=
36,-84,AoY+Oxi5Pzo570q53uk/E3nvXTk=,D9G0Glx9R3MxRV32VcQJ0leV/kM=
40,-84,AoY+Oxi5Pzo570q53uk/E3nvXTk=,hMxWJo/1kJ/hdglwVNmeCxTj/3I=
43,-83,AoY+Oxi5Pzo570q53uk/E3nvXTk=,hMxWJo/1kJ/hdglwVNmeCxTj/3I=
36,-83,AoY+Oxi5Pzo570q53uk/E3nvXTk=,D9G0Glx9R3MxRV32VcQJ0leV/kM=
38,-84,AoY+Oxi5Pzo570q53uk/E3nvXTk=,D9G0Glx9R3MxRV32VcQJ0leV/kM=
37,-84,AoY+Oxi5Pzo570q53uk/E3nvXTk=,D9G0Glx9R3MxRV32VcQJ0leV/kM=
41,-84,AoY+Oxi5Pzo570q53uk/E3nvXTk=,hMxWJo/1kJ/hdglwVNmeCxTj/3I=
38,-81,AoY+Oxi5Pzo570q53uk/E3nvXTk=,D9G0Glx9R3MxRV32VcQJ0leV/kM=
32,-91,AoY+Oxi5Pzo570q53uk/E3nvXTk=,uIspeZM6bewYlMpSq7ajbgXIn1o=
42,-83,AoY+Oxi5Pzo570q53uk/E3nvXTk=,hMxWJo/1kJ/hdglwVNmeCxTj/3I=
45,-91,AoY+Oxi5Pzo570q53uk/E3nvXTk=,a7YWXsc0bdb0yjo/EuVuG3TqLX4=
38,-92,AoY+Oxi5Pzo570q53uk/E3nvXTk=,uIspeZM6bewYlMpSq7ajbgXIn1o=
38,-83,AoY+Oxi5Pzo570q53uk/E3nvXTk=,D9G0Glx9R3MxRV32VcQJ0leV/kM=
46,-94,AoY+Oxi5Pzo570q53uk/E3nvXTk=,a7YWXsc0bdb0yjo/EuVuG3TqLX4=
43,-96,AoY+Oxi5Pzo570q53uk/E3nvXTk=,a7YWXsc0bdb0yjo/EuVuG3TqLX4=
39,-87,AoY+Oxi5Pzo570q53uk/E3nvXTk=,D9G0Glx9R3MxRV32VcQJ0leV/kM=
42,-84,AoY+Oxi5Pzo570q53uk/E3nvXTk=,hMxWJo/1kJ/hdglwVNmeCxTj/3I=
37,-83,AoY+Oxi5Pzo570q53uk/E3nvXTk=,D9G0Glx9R3MxRV32VcQJ0leV/kM=
44,-91,AoY+Oxi5Pzo570q53uk/E3nvXTk=,a7YWXsc0bdb0yjo/EuVuG3TqLX4=
32,-92,AoY+Oxi5Pzo570q53uk/E3nvXTk=,uIspeZM6bewYlMpSq7ajbgXIn1o=
42,-96,AoY+Oxi5Pzo570q53uk/E3nvXTk=,a7YWXsc0bdb0yjo/EuVuG3TqLX4=
45,-94,AoY+Oxi5Pzo570q53uk/E3nvXTk=,a7YWXsc0bdb0yjo/EuVuG3TqLX4=
41,-87,AoY+Oxi5Pzo570q53uk/E3nvXTk=,hMxWJo/1kJ/hdglwVNmeCxTj/3I=
34,-92,AoY+Oxi5Pzo570q53uk/E3nvXTk=,uIspeZM6bewYlMpSq7ajbgXIn1o=
43,-84,AoY+Oxi5Pzo570q53uk/E3nvXTk=,hMxWJo/1kJ/hdglwVNmeCxTj/3I=
38,-88,AoY+Oxi5Pzo570q53uk/E3nvXTk=,D9G0Glx9R3MxRV32VcQJ0leV/kM=
34,-91,AoY+Oxi5Pzo570q53uk/E3nvXTk=,uIspeZM6bewYlMpSq7ajbgXIn1o=
35,-92,AoY+Oxi5Pzo570q53uk/E3nvXTk=,uIspeZM6bewYlMpSq7ajbgXIn1o=
46,-92,AoY+Oxi5Pzo570q53uk/E3nvXTk=,a7YWXsc0bdb0yjo/EuVuG3TqLX4=
32,-88,AoY+Oxi5Pzo570q53uk/E3nvXTk=,D9G0Glx9R3MxRV32VcQJ0leV/kM=
41,-96,AoY+Oxi5Pzo570q53uk/E3nvXTk=,a7YWXsc0bdb0yjo/EuVuG3TqLX4=
44,-94,AoY+Oxi5Pzo570q53uk/E3nvXTk=,a7YWXsc0bdb0yjo/EuVuG3TqLX4=
33,-91,AoY+Oxi5Pzo570q53uk/E3nvXTk=,uIspeZM6bewYlMpSq7ajbgXIn1o=
40,-82,AoY+Oxi5Pzo570q53uk/E3nvXTk=,hMxWJo/1kJ/hdglwVNmeCxTj/3I=
40,-87,AoY+Oxi5Pzo570q53uk/E3nvXTk=,hMxWJo/1kJ/hdglwVNmeCxTj/3I=
33,-92,AoY+Oxi5Pzo570q53uk/E3nvXTk=,uIspeZM6bewYlMpSq7ajbgXIn1o=
33,-90,AoY+Oxi5Pzo570q53uk/E3nvXTk=,uIspeZM6bewYlMpSq7ajbgXIn1o=
32,-96,AoY+Oxi5Pzo570q53uk/E3nvXTk=,uIspeZM6bewYlMpSq7ajbgXIn1o=
33,-81,AoY+Oxi5Pzo570q53uk/E3nvXTk=,D9G0Glx9R3MxRV32VcQJ0leV/kM=
34,-81,AoY+Oxi5Pzo570q53uk/E3nvXTk=,D9G0Glx9R3MxRV32VcQJ0leV/kM=
45,-92,AoY+Oxi5Pzo570q53uk/E3nvXTk=,a7YWXsc0bdb0yjo/EuVuG3TqLX4=
32,-85,AoY+Oxi5Pzo570q53uk/E3nvXTk=,D9G0Glx9R3MxRV32VcQJ0leV/kM=
46,-95,AoY+Oxi5Pzo570q53uk/E3nvXTk=,a7YWXsc0bdb0yjo/EuVuG3TqLX4=
43,-93,AoY+Oxi5Pzo570q53uk/E3nvXTk=,a7YWXsc0bdb0yjo/EuVuG3TqLX4=
32,-81,AoY+Oxi5Pzo570q53uk/E3nvXTk=,D9G0Glx9R3MxRV32VcQJ0leV/kM=
40,-88,AoY+Oxi5Pzo570q53uk/E3nvXTk=,hMxWJo/1kJ/hdglwVNmeCxTj/3I=
33,-83,AoY+Oxi5Pzo570q53uk/E3nvXTk=,D9G0Glx9R3MxRV32VcQJ0leV/kM=
39,-96,AoY+Oxi5Pzo570q53uk/E3nvXTk=,uIspeZM6bewYlMpSq7ajbgXIn1o=
35,-91,AoY+Oxi5Pzo570q53uk/E3nvXTk=,uIspeZM6bewYlMpSq7ajbgXIn1o=
44,-92,AoY+Oxi5Pzo570q53uk/E3nvXTk=,a7YWXsc0bdb0yjo/EuVuG3TqLX4=
33,-84,AoY+Oxi5Pzo570q53uk/E3nvXTk=,D9G0Glx9R3MxRV32VcQJ0leV/kM=
32,-86,AoY+Oxi5Pzo570q53uk/E3nvXTk=,D9G0Glx9R3MxRV32VcQJ0leV/kM=
35,-96,AoY+Oxi5Pzo570q53uk/E3nvXTk=,uIspeZM6bewYlMpSq7ajbgXIn1o=
35,-84,AoY+Oxi5Pzo570q53uk/E3nvXTk=,D9G0Glx9R3MxRV32VcQJ0leV/kM=
45,-95,AoY+Oxi5Pzo570q53uk/E3nvXTk=,a7YWXsc0bdb0yjo/EuVuG3TqLX4=
42,-93,AoY+Oxi5Pzo570q53uk/E3nvXTk=,a7YWXsc0bdb0yjo/EuVuG3TqLX4=
35,-81,AoY+Oxi5Pzo570q53uk/E3nvXTk=,D9G0Glx9R3MxRV32VcQJ0leV/kM=
41,-86,AoY+Oxi5Pzo570q53uk/E3nvXTk=,hMxWJo/1kJ/hdglwVNmeCxTj/3I=
36,-95,AoY+Oxi5Pzo570q53uk/E3nvXTk=,uIspeZM6bewYlMpSq7ajbgXIn1o=
47,-96,AoY+Oxi5Pzo570q53uk/E3nvXTk=,a7YWXsc0bdb0yjo/EuVuG3TqLX4=
34,-84,AoY+Oxi5Pzo570q53uk/E3nvXTk=,D9G0Glx9R3MxRV32VcQJ0leV/kM=
32,-82,AoY+Oxi5Pzo570q53uk/E3nvXTk=,D9G0Glx9R3MxRV32VcQJ0leV/kM=
47,-85,AoY+Oxi5Pzo570q53uk/E3nvXTk=,hMxWJo/1kJ/hdglwVNmeCxTj/3I=
37,-95,AoY+Oxi5Pzo570q53uk/E3nvXTk=,uIspeZM6bewYlMpSq7ajbgXIn1o=
32,-87,AoY+Oxi5Pzo570q53uk/E3nvXTk=,D9G0Glx9R3MxRV32VcQJ0leV/kM=
44,-95,AoY+Oxi5Pzo570q53uk/E3nvXTk=,a7YWXsc0bdb0yjo/EuVuG3TqLX4=
34,-83,AoY+Oxi5Pzo570q53uk/E3nvXTk=,D9G0Glx9R3MxRV32VcQJ0leV/kM=
41,-93,AoY+Oxi5Pzo570q53uk/E3nvXTk=,a7YWXsc0bdb0yjo/EuVuG3TqLX4=
33,-82,AoY+Oxi5Pzo570q53uk/E3nvXTk=,D9G0Glx9R3MxRV32VcQJ0leV/kM=
35,-83,AoY+Oxi5Pzo570q53uk/E3nvXTk=,D9G0Glx9R3MxRV32VcQJ0leV/kM=
34,-96,AoY+Oxi5Pzo570q53uk/E3nvXTk=,uIspeZM6bewYlMpSq7ajbgXIn1o=
35,-82,AoY+Oxi5Pzo570q53uk/E3nvXTk=,D9G0Glx9R3MxRV32VcQJ0leV/kM=
40,-86,AoY+Oxi5Pzo570q53uk/E3nvXTk=,hMxWJo/1kJ/hdglwVNmeCxTj/3I=
34,-82,AoY+Oxi5Pzo570q53uk/E3nvXTk=,D9G0Glx9R3MxRV32VcQJ0leV/kM=
35,-90,AoY+Oxi5Pzo570q53uk/E3nvXTk=,uIspeZM6bewYlMpSq7ajbgXIn1o=
46,-81,AoY+Oxi5Pzo570q53uk/E3nvXTk=,hMxWJo/1kJ/hdglwVNmeCxTj/3I=
34,-90,AoY+Oxi5Pzo570q53uk/E3nvXTk=,uIspeZM6bewYlMpSq7ajbgXIn1o=
40,-93,AoY+Oxi5Pzo570q53uk/E3nvXTk=,a7YWXsc0bdb0yjo/EuVuG3TqLX4=
33,-88,AoY+Oxi5Pzo570q53uk/E3nvXTk=,D9G0Glx9R3MxRV32VcQJ0leV/kM=
35,-89,AoY+Oxi5Pzo570q53uk/E3nvXTk=,uIspeZM6bewYlMpSq7ajbgXIn1o=
35,-88,AoY+Oxi5Pzo570q53uk/E3nvXTk=,D9G0Glx9R3MxRV32VcQJ0leV/kM=
32,-83,AoY+Oxi5Pzo570q53uk/E3nvXTk=,D9G0Glx9R3MxRV32VcQJ0leV/kM=
36,-87,AoY+Oxi5Pzo570q53uk/E3nvXTk=,D9G0Glx9R3MxRV32VcQJ0leV/kM=
33,-96,AoY+Oxi5Pzo570q53uk/E3nvXTk=,uIspeZM6bewYlMpSq7ajbgXIn1o=
34,-88,AoY+Oxi5Pzo570q53uk/E3nvXTk=,D9G0Glx9R3MxRV32VcQJ0leV/kM=
32,-84,AoY+Oxi5Pzo570q53uk/E3nvXTk=,D9G0Glx9R3MxRV32VcQJ0leV/kM=
39,-88,AoY+Oxi5Pzo570q53uk/E3nvXTk=,D9G0Glx9R3MxRV32VcQJ0leV/kM=
38,-96,AoY+Oxi5Pzo570q53uk/E3nvXTk=,uIspeZM6bewYlMpSq7ajbgXIn1o=
43,-94,AoY+Oxi5Pzo570q53uk/E3nvXTk=,a7YWXsc0bdb0yjo/EuVuG3TqLX4=
33,-87,AoY+Oxi5Pzo570q53uk/E3nvXTk=,D9G0Glx9R3MxRV32VcQJ0leV/kM=
47,-81,AoY+Oxi5Pzo570q53uk/E3nvXTk=,hMxWJo/1kJ/hdglwVNmeCxTj/3I=
38,-95,AoY+Oxi5Pzo570q53uk/E3nvXTk=,uIspeZM6bewYlMpSq7ajbgXIn1o=
34,-89,AoY+Oxi5Pzo570q53uk/E3nvXTk=,uIspeZM6bewYlMpSq7ajbgXIn1o=
37,-87,AoY+Oxi5Pzo570q53uk/E3nvXTk=,D9G0Glx9R3MxRV32VcQJ0leV/kM=
35,-87,AoY+Oxi5Pzo570q53uk/E3nvXTk=,D9G0Glx9R3MxRV32VcQJ0leV/kM=
34,-87,AoY+Oxi5Pzo570q53uk/E3nvXTk=,D9G0Glx9R3MxRV32VcQJ0leV/kM=
33,-86,AoY+Oxi5Pzo570q53uk/E3nvXTk=,D9G0Glx9R3MxRV32VcQJ0leV/kM=
47,-86,AoY+Oxi5Pzo570q53uk/E3nvXTk=,hMxWJo/1kJ/hdglwVNmeCxTj/3I=
42,-94,AoY+Oxi5Pzo570q53uk/E3nvXTk=,a7YWXsc0bdb0yjo/EuVuG3TqLX4=
37,-96,AoY+Oxi5Pzo570q53uk/E3nvXTk=,uIspeZM6bewYlMpSq7ajbgXIn1o=
32,-95,AoY+Oxi5Pzo570q53uk/E3nvXTk=,uIspeZM6bewYlMpSq7ajbgXIn1o=
43,-88,AoY+Oxi5Pzo570q53uk/E3nvXTk=,hMxWJo/1kJ/hdglwVNmeCxTj/3I=
45,-81,AoY+Oxi5Pzo570q53uk/E3nvXTk=,hMxWJo/1kJ/hdglwVNmeCxTj/3I=
33,-89,AoY+Oxi5Pzo570q53uk/E3nvXTk=,uIspeZM6bewYlMpSq7ajbgXIn1o=
36,-96,AoY+Oxi5Pzo570q53uk/E3nvXTk=,uIspeZM6bewYlMpSq7ajbgXIn1o=
38,-87,AoY+Oxi5Pzo570q53uk/E3nvXTk=,D9G0Glx9R3MxRV32VcQJ0leV/kM=
35,-85,AoY+Oxi5Pzo570q53uk/E3nvXTk=,D9G0Glx9R3MxRV32VcQJ0leV/kM=
33,-94,AoY+Oxi5Pzo570q53uk/E3nvXTk=,uIspeZM6bewYlMpSq7ajbgXIn1o=
41,-94,AoY+Oxi5Pzo570q53uk/E3nvXTk=,a7YWXsc0bdb0yjo/EuVuG3TqLX4=
34,-86,AoY+Oxi5Pzo570q53uk/E3nvXTk=,D9G0Glx9R3MxRV32VcQJ0leV/kM=
35,-86,AoY+Oxi5Pzo570q53uk/E3nvXTk=,D9G0Glx9R3MxRV32VcQJ0leV/kM=
34,-85,AoY+Oxi5Pzo570q53uk/E3nvXTk=,D9G0Glx9R3MxRV32VcQJ0leV/kM=
40,-95,AoY+Oxi5Pzo570q53uk/E3nvXTk=,a7YWXsc0bdb0yjo/EuVuG3TqLX4=
36,-86,AoY+Oxi5Pzo570q53uk/E3nvXTk=,D9G0Glx9R3MxRV32VcQJ0leV/kM=
47,-89,AoY+Oxi5Pzo570q53uk/E3nvXTk=,a7YWXsc0bdb0yjo/EuVuG3TqLX4=
42,-95,AoY+Oxi5Pzo570q53uk/E3nvXTk=,a7YWXsc0bdb0yjo/EuVuG3TqLX4=
44,-81,AoY+Oxi5Pzo570q53uk/E3nvXTk=,hMxWJo/1kJ/hdglwVNmeCxTj/3I=
42,-88,AoY+Oxi5Pzo570q53uk/E3nvXTk=,hMxWJo/1kJ/hdglwVNmeCxTj/3I=
40,-94,AoY+Oxi5Pzo570q53uk/E3nvXTk=,a7YWXsc0bdb0yjo/EuVuG3TqLX4=
43,-95,AoY+Oxi5Pzo570q53uk/E3nvXTk=,a7YWXsc0bdb0yjo/EuVuG3TqLX4=
32,-93,AoY+Oxi5Pzo570q53uk/E3nvXTk=,uIspeZM6bewYlMpSq7ajbgXIn1o=
41,-95,AoY+Oxi5Pzo570q53uk/E3nvXTk=,a7YWXsc0bdb0yjo/EuVuG3TqLX4=
34,-94,AoY+Oxi5Pzo570q53uk/E3nvXTk=,uIspeZM6bewYlMpSq7ajbgXIn1o=
47,-87,AoY+Oxi5Pzo570q53uk/E3nvXTk=,hMxWJo/1kJ/hdglwVNmeCxTj/3I=
47,-83,AoY+Oxi5Pzo570q53uk/E3nvXTk=,hMxWJo/1kJ/hdglwVNmeCxTj/3I=
47,-82,AoY+Oxi5Pzo570q53uk/E3nvXTk=,hMxWJo/1kJ/hdglwVNmeCxTj/3I=
44,-88,AoY+Oxi5Pzo570q53uk/E3nvXTk=,hMxWJo/1kJ/hdglwVNmeCxTj/3I=
47,-88,AoY+Oxi5Pzo570q53uk/E3nvXTk=,hMxWJo/1kJ/hdglwVNmeCxTj/3I=
38,-86,AoY+Oxi5Pzo570q53uk/E3nvXTk=,D9G0Glx9R3MxRV32VcQJ0leV/kM=
33,-85,AoY+Oxi5Pzo570q53uk/E3nvXTk=,D9G0Glx9R3MxRV32VcQJ0leV/kM=
36,-85,AoY+Oxi5Pzo570q53uk/E3nvXTk=,D9G0Glx9R3MxRV32VcQJ0leV/kM=
38,-85,AoY+Oxi5Pzo570q53uk/E3nvXTk=,D9G0Glx9R3MxRV32VcQJ0leV/kM=
45,-88,AoY+Oxi5Pzo570q53uk/E3nvXTk=,hMxWJo/1kJ/hdglwVNmeCxTj/3I=
46,-84,AoY+Oxi5Pzo570q53uk/E3nvXTk=,hMxWJo/1kJ/hdglwVNmeCxTj/3I=
44,-83,AoY+Oxi5Pzo570q53uk/E3nvXTk=,hMxWJo/1kJ/hdglwVNmeCxTj/3I=
37,-85,AoY+Oxi5Pzo570q53uk/E3nvXTk=,D9G0Glx9R3MxRV32VcQJ0leV/kM=
44,-87,AoY+Oxi5Pzo570q53uk/E3nvXTk=,hMxWJo/1kJ/hdglwVNmeCxTj/3I=
45,-84,AoY+Oxi5Pzo570q53uk/E3nvXTk=,hMxWJo/1kJ/hdglwVNmeCxTj/3I=
46,-88,AoY+Oxi5Pzo570q53uk/E3nvXTk=,hMxWJo/1kJ/hdglwVNmeCxTj/3I=
32,-94,AoY+Oxi5Pzo570q53uk/E3nvXTk=,uIspeZM6bewYlMpSq7ajbgXIn1o=
46,-87,AoY+Oxi5Pzo570q53uk/E3nvXTk=,hMxWJo/1kJ/hdglwVNmeCxTj/3I=
45,-85,AoY+Oxi5Pzo570q53uk/E3nvXTk=,hMxWJo/1kJ/hdglwVNmeCxTj/3I=
37,-86,AoY+Oxi5Pzo570q53uk/E3nvXTk=,D9G0Glx9R3MxRV32VcQJ0leV/kM=
45,-87,AoY+Oxi5Pzo570q53uk/E3nvXTk=,hMxWJo/1kJ/hdglwVNmeCxTj/3I=
47,-84,AoY+Oxi5Pzo570q53uk/E3nvXTk=,hMxWJo/1kJ/hdglwVNmeCxTj/3I=
44,-84,AoY+Oxi5Pzo570q53uk/E3nvXTk=,hMxWJo/1kJ/hdglwVNmeCxTj/3I=
46,-86,AoY+Oxi5Pzo570q53uk/E3nvXTk=,hMxWJo/1kJ/hdglwVNmeCxTj/3I=
44,-86,AoY+Oxi5Pzo570q53uk/E3nvXTk=,hMxWJo/1kJ/hdglwVNmeCxTj/3I=
46,-82,AoY+Oxi5Pzo570q53uk/E3nvXTk=,hMxWJo/1kJ/hdglwVNmeCxTj/3I=
45,-82,AoY+Oxi5Pzo570q53uk/E3nvXTk=,hMxWJo/1kJ/hdglwVNmeCxTj/3I=
44,-85,AoY+Oxi5Pzo570q53uk/E3nvXTk=,hMxWJo/1kJ/hdglwVNmeCxTj/3I=
45,-86,AoY+Oxi5Pzo570q53uk/E3nvXTk=,hMxWJo/1kJ/hdglwVNmeCxTj/3I=
39,-93,AoY+Oxi5Pzo570q53uk/E3nvXTk=,uIspeZM6bewYlMpSq7ajbgXIn1o=
44,-82,AoY+Oxi5Pzo570q53uk/E3nvXTk=,hMxWJo/1kJ/hdglwVNmeCxTj/3I=
46,-85,AoY+Oxi5Pzo570q53uk/E3nvXTk=,hMxWJo/1kJ/hdglwVNmeCxTj/3I=
36,-94,AoY+Oxi5Pzo570q53uk/E3nvXTk=,uIspeZM6bewYlMpSq7ajbgXIn1o=
35,-94,AoY+Oxi5Pzo570q53uk/E3nvXTk=,uIspeZM6bewYlMpSq7ajbgXIn1o=
46,-83,AoY+Oxi5Pzo570q53uk/E3nvXTk=,hMxWJo/1kJ/hdglwVNmeCxTj/3I=
39,-94,AoY+Oxi5Pzo570q53uk/E3nvXTk=,uIspeZM6bewYlMpSq7ajbgXIn1o=
38,-93,AoY+Oxi5Pzo570q53uk/E3nvXTk=,uIspeZM6bewYlMpSq7ajbgXIn1o=
37,-93,AoY+Oxi5Pzo570q53uk/E3nvXTk=,uIspeZM6bewYlMpSq7ajbgXIn1o=
33,-93,AoY+Oxi5Pzo570q53uk/E3nvXTk=,uIspeZM6bewYlMpSq7ajbgXIn1o=
36,-93,AoY+Oxi5Pzo570q53uk/E3nvXTk=,uIspeZM6bewYlMpSq7ajbgXIn1o=
37,-94,AoY+Oxi5Pzo570q53uk/E3nvXTk=,uIspeZM6bewYlMpSq7ajbgXIn1o=
34,-93,AoY+Oxi5Pzo570q53uk/E3nvXTk=,uIspeZM6bewYlMpSq7ajbgXIn1o=
45,-83,AoY+Oxi5Pzo570q53uk/E3nvXTk=,hMxWJo/1kJ/hdglwVNmeCxTj/3I=
39,-95,AoY+Oxi5Pzo570q53uk/E3nvXTk=,uIspeZM6bewYlMpSq7ajbgXIn1o=
35,-93,AoY+Oxi5Pzo570q53uk/E3nvXTk=,uIspeZM6bewYlMpSq7ajbgXIn1o=
35,-95,AoY+Oxi5Pzo570q53uk/E3nvXTk=,uIspeZM6bewYlMpSq7ajbgXIn1o=
38,-94,AoY+Oxi5Pzo570q53uk/E3nvXTk=,uIspeZM6bewYlMpSq7ajbgXIn1o=
33,-95,AoY+Oxi5Pzo570q53uk/E3nvXTk=,uIspeZM6bewYlMpSq7ajbgXIn1o=
34,-95,AoY+Oxi5Pzo570q53uk/E3nvXTk=,uIspeZM6bewYlMpSq7ajbgXIn1o=
39,-73,sldkKyfVVMcr3EP3EaoTaSK8G+8=,BMZuQP6TzlyngmhHons/BVw3/qE=
38,-74,sldkKyfVVMcr3EP3EaoTaSK8G+8=,BMZuQP6TzlyngmhHons/BVw3/qE=
39,-72,sldkKyfVVMcr3EP3EaoTaSK8G+8=,Ynz1aIqU5jCicL/zQRNtTQVmFQo=
37,-74,sldkKyfVVMcr3EP3EaoTaSK8G+8=,BMZuQP6TzlyngmhHons/BVw3/qE=
37,-73,sldkKyfVVMcr3EP3EaoTaSK8G+8=,BMZuQP6TzlyngmhHons/BVw3/qE=
37,-75,sldkKyfVVMcr3EP3EaoTaSK8G+8=,BMZuQP6TzlyngmhHons/BVw3/qE=
37,-76,sldkKyfVVMcr3EP3EaoTaSK8G+8=,BMZuQP6TzlyngmhHons/BVw3/qE=
36,-73,sldkKyfVVMcr3EP3EaoTaSK8G+8=,BMZuQP6TzlyngmhHons/BVw3/qE=
36,-74,sldkKyfVVMcr3EP3EaoTaSK8G+8=,BMZuQP6TzlyngmhHons/BVw3/qE=
38,-75,sldkKyfVVMcr3EP3EaoTaSK8G+8=,BMZuQP6TzlyngmhHons/BVw3/qE=
39,-69,sldkKyfVVMcr3EP3EaoTaSK8G+8=,Ynz1aIqU5jCicL/zQRNtTQVmFQo=
36,-75,sldkKyfVVMcr3EP3EaoTaSK8G+8=,BMZuQP6TzlyngmhHons/BVw3/qE=
39,-75,sldkKyfVVMcr3EP3EaoTaSK8G+8=,BMZuQP6TzlyngmhHons/BVw3/qE=
36,-76,sldkKyfVVMcr3EP3EaoTaSK8G+8=,BMZuQP6TzlyngmhHons/BVw3/qE=
38,-69,sldkKyfVVMcr3EP3EaoTaSK8G+8=,Ynz1aIqU5jCicL/zQRNtTQVmFQo=
38,-76,sldkKyfVVMcr3EP3EaoTaSK8G+8=,BMZuQP6TzlyngmhHons/BVw3/qE=
39,-76,sldkKyfVVMcr3EP3EaoTaSK8G+8=,BMZuQP6TzlyngmhHons/BVw3/qE=
37,-69,sldkKyfVVMcr3EP3EaoTaSK8G+8=,Ynz1aIqU5jCicL/zQRNtTQVmFQo=
38,-73,sldkKyfVVMcr3EP3EaoTaSK8G+8=,BMZuQP6TzlyngmhHons/BVw3/qE=
36,-69,sldkKyfVVMcr3EP3EaoTaSK8G+8=,Ynz1aIqU5jCicL/zQRNtTQVmFQo=
39,-77,sldkKyfVVMcr3EP3EaoTaSK8G+8=,BMZuQP6TzlyngmhHons/BVw3/qE=
39,-80,sldkKyfVVMcr3EP3EaoTaSK8G+8=,BMZuQP6TzlyngmhHons/BVw3/qE=
38,-80,sldkKyfVVMcr3EP3EaoTaSK8G+8=,BMZuQP6TzlyngmhHons/BVw3/qE=
32,-73,sldkKyfVVMcr3EP3EaoTaSK8G+8=,BMZuQP6TzlyngmhHons/BVw3/qE=
35,-80,sldkKyfVVMcr3EP3EaoTaSK8G+8=,BMZuQP6TzlyngmhHons/BVw3/qE=
37,-80,sldkKyfVVMcr3EP3EaoTaSK8G+8=,BMZuQP6TzlyngmhHons/BVw3/qE=
39,-78,sldkKyfVVMcr3EP3EaoTaSK8G+8=,BMZuQP6TzlyngmhHons/BVw3/qE=
36,-79,sldkKyfVVMcr3EP3EaoTaSK8G+8=,BMZuQP6TzlyngmhHons/BVw3/qE=
32,-74,sldkKyfVVMcr3EP3EaoTaSK8G+8=,BMZuQP6TzlyngmhHons/BVw3/qE=
39,-70,sldkKyfVVMcr3EP3EaoTaSK8G+8=,Ynz1aIqU5jCicL/zQRNtTQVmFQo=
37,-79,sldkKyfVVMcr3EP3EaoTaSK8G+8=,BMZuQP6TzlyngmhHons/BVw3/qE=
36,-80,sldkKyfVVMcr3EP3EaoTaSK8G+8=,BMZuQP6TzlyngmhHons/BVw3/qE=
32,-75,sldkKyfVVMcr3EP3EaoTaSK8G+8=,BMZuQP6TzlyngmhHons/BVw3/qE=
39,-79,sldkKyfVVMcr3EP3EaoTaSK8G+8=,BMZuQP6TzlyngmhHons/BVw3/qE=
38,-70,sldkKyfVVMcr3EP3EaoTaSK8G+8=,Ynz1aIqU5jCicL/zQRNtTQVmFQo=
32,-76,sldkKyfVVMcr3EP3EaoTaSK8G+8=,BMZuQP6TzlyngmhHons/BVw3/qE=
39,-65,sldkKyfVVMcr3EP3EaoTaSK8G+8=,Ynz1aIqU5jCicL/zQRNtTQVmFQo=
38,-77,sldkKyfVVMcr3EP3EaoTaSK8G+8=,BMZuQP6TzlyngmhHons/BVw3/qE=
32,-77,sldkKyfVVMcr3EP3EaoTaSK8G+8=,BMZuQP6TzlyngmhHons/BVw3/qE=
37,-70,sldkKyfVVMcr3EP3EaoTaSK8G+8=,Ynz1aIqU5jCicL/zQRNtTQVmFQo=
38,-79,sldkKyfVVMcr3EP3EaoTaSK8G+8=,BMZuQP6TzlyngmhHons/BVw3/qE=
40,-76,sldkKyfVVMcr3EP3EaoTaSK8G+8=,idcJ5XSqzM/vmqaSiHGJodf55r0=
36,-78,sldkKyfVVMcr3EP3EaoTaSK8G+8=,BMZuQP6TzlyngmhHons/BVw3/qE=
39,-74,sldkKyfVVMcr3EP3EaoTaSK8G+8=,BMZuQP6TzlyngmhHons/BVw3/qE=
37,-78,sldkKyfVVMcr3EP3EaoTaSK8G+8=,BMZuQP6TzlyngmhHons/BVw3/qE=
37,-77,sldkKyfVVMcr3EP3EaoTaSK8G+8=,BMZuQP6TzlyngmhHons/BVw3/qE=
41,-76,sldkKyfVVMcr3EP3EaoTaSK8G+8=,idcJ5XSqzM/vmqaSiHGJodf55r0=
32,-78,sldkKyfVVMcr3EP3EaoTaSK8G+8=,BMZuQP6TzlyngmhHons/BVw3/qE=
36,-70,sldkKyfVVMcr3EP3EaoTaSK8G+8=,Ynz1aIqU5jCicL/zQRNtTQVmFQo=
32,-65,sldkKyfVVMcr3EP3EaoTaSK8G+8=,Ynz1aIqU5jCicL/zQRNtTQVmFQo=
44,-77,sldkKyfVVMcr3EP3EaoTaSK8G+8=,idcJ5XSqzM/vmqaSiHGJodf55r0=
36,-72,sldkKyfVVMcr3EP3EaoTaSK8G+8=,Ynz1aIqU5jCicL/zQRNtTQVmFQo=
46,-71,sldkKyfVVMcr3EP3EaoTaSK8G+8=,AWgqHpvYTomA7h5K/c9c0dIK1Xs=
32,-80,sldkKyfVVMcr3EP3EaoTaSK8G+8=,BMZuQP6TzlyngmhHons/BVw3/qE=
32,-79,sldkKyfVVMcr3EP3EaoTaSK8G+8=,BMZuQP6TzlyngmhHons/BVw3/qE=
47,-80,sldkKyfVVMcr3EP3EaoTaSK8G+8=,idcJ5XSqzM/vmqaSiHGJodf55r0=
41,-69,sldkKyfVVMcr3EP3EaoTaSK8G+8=,AWgqHpvYTomA7h5K/c9c0dIK1Xs=
41,-70,sldkKyfVVMcr3EP3EaoTaSK8G+8=,AWgqHpvYTomA7h5K/c9c0dIK1Xs=
32,-72,sldkKyfVVMcr3EP3EaoTaSK8G+8=,Ynz1aIqU5jCicL/zQRNtTQVmFQo=
36,-77,hyMT3tBajv5riiEP2crvF2SeCoY=,BMZuQP6TzlyngmhHons/BVw3/qE=
32,-66,hyMT3tBajv5riiEP2crvF2SeCoY=,Ynz1aIqU5jCicL/zQRNtTQVmFQo=
33,-65,hyMT3tBajv5riiEP2crvF2SeCoY=,Ynz1aIqU5jCicL/zQRNtTQVmFQo=
45,-77,hyMT3tBajv5riiEP2crvF2SeCoY=,idcJ5XSqzM/vmqaSiHGJodf55r0=
38,-78,hyMT3tBajv5riiEP2crvF2SeCoY=,BMZuQP6TzlyngmhHons/BVw3/qE=
42,-76,hyMT3tBajv5riiEP2crvF2SeCoY=,idcJ5XSqzM/vmqaSiHGJodf55r0=
44,-79,hyMT3tBajv5riiEP2crvF2SeCoY=,idcJ5XSqzM/vmqaSiHGJodf55r0=
33,-68,hyMT3tBajv5riiEP2crvF2SeCoY=,Ynz1aIqU5jCicL/zQRNtTQVmFQo=
38,-72,hyMT3tBajv5riiEP2crvF2SeCoY=,Ynz1aIqU5jCicL/zQRNtTQVmFQo=
34,-65,hyMT3tBajv5riiEP2crvF2SeCoY=,Ynz1aIqU5jCicL/zQRNtTQVmFQo=
47,-65,hyMT3tBajv5riiEP2crvF2SeCoY=,AWgqHpvYTomA7h5K/c9c0dIK1Xs=
35,-65,hyMT3tBajv5riiEP2crvF2SeCoY=,Ynz1aIqU5jCicL/zQRNtTQVmFQo=
46,-77,hyMT3tBajv5riiEP2crvF2SeCoY=,idcJ5XSqzM/vmqaSiHGJodf55r0=
42,-69,hyMT3tBajv5riiEP2crvF2SeCoY=,AWgqHpvYTomA7h5K/c9c0dIK1Xs=
39,-71,hyMT3tBajv5riiEP2crvF2SeCoY=,Ynz1aIqU5jCicL/zQRNtTQVmFQo=
32,-67,hyMT3tBajv5riiEP2crvF2SeCoY=,Ynz1aIqU5jCicL/zQRNtTQVmFQo=
45,-79,hyMT3tBajv5riiEP2crvF2SeCoY=,idcJ5XSqzM/vmqaSiHGJodf55r0=
34,-68,hyMT3tBajv5riiEP2crvF2SeCoY=,Ynz1aIqU5jCicL/zQRNtTQVmFQo=
36,-71,hyMT3tBajv5riiEP2crvF2SeCoY=,Ynz1aIqU5jCicL/zQRNtTQVmFQo=
33,-78,hyMT3tBajv5riiEP2crvF2SeCoY=,BMZuQP6TzlyngmhHons/BVw3/qE=
43,-69,hyMT3tBajv5riiEP2crvF2SeCoY=,AWgqHpvYTomA7h5K/c9c0dIK1Xs=
43,-76,hyMT3tBajv5riiEP2crvF2SeCoY=,idcJ5XSqzM/vmqaSiHGJodf55r0=
46,-80,hyMT3tBajv5riiEP2crvF2SeCoY=,idcJ5XSqzM/vmqaSiHGJodf55r0=
45,-65,hyMT3tBajv5riiEP2crvF2SeCoY=,AWgqHpvYTomA7h5K/c9c0dIK1Xs=
33,-77,hyMT3tBajv5riiEP2crvF2SeCoY=,BMZuQP6TzlyngmhHons/BVw3/qE=
44,-78,hyMT3tBajv5riiEP2crvF2SeCoY=,idcJ5XSqzM/vmqaSiHGJodf55r0=
38,-71,hyMT3tBajv5riiEP2crvF2SeCoY=,Ynz1aIqU5jCicL/zQRNtTQVmFQo=
46,-79,hyMT3tBajv5riiEP2crvF2SeCoY=,idcJ5XSqzM/vmqaSiHGJodf55r0=
34,-78,hyMT3tBajv5riiEP2crvF2SeCoY=,BMZuQP6TzlyngmhHons/BVw3/qE=
35,-78,hyMT3tBajv5riiEP2crvF2SeCoY=,BMZuQP6TzlyngmhHons/BVw3/qE=
37,-72,hyMT3tBajv5riiEP2crvF2SeCoY=,Ynz1aIqU5jCicL/zQRNtTQVmFQo=
42,-70,hyMT3tBajv5riiEP2crvF2SeCoY=,AWgqHpvYTomA7h5K/c9c0dIK1Xs=
33,-76,hyMT3tBajv5riiEP2crvF2SeCoY=,BMZuQP6TzlyngmhHons/BVw3/qE=
47,-78,hyMT3tBajv5riiEP2crvF2SeCoY=,idcJ5XSqzM/vmqaSiHGJodf55r0=
47,-79,hyMT3tBajv5riiEP2crvF2SeCoY=,idcJ5XSqzM/vmqaSiHGJodf55r0=
32,-68,hyMT3tBajv5riiEP2crvF2SeCoY=,Ynz1aIqU5jCicL/zQRNtTQVmFQo=
45,-78,hyMT3tBajv5riiEP2crvF2SeCoY=,idcJ5XSqzM/vmqaSiHGJodf55r0=
34,-80,hyMT3tBajv5riiEP2crvF2SeCoY=,BMZuQP6TzlyngmhHons/BVw3/qE=
43,-70,hyMT3tBajv5riiEP2crvF2SeCoY=,AWgqHpvYTomA7h5K/c9c0dIK1Xs=
35,-68,hyMT3tBajv5riiEP2crvF2SeCoY=,Ynz1aIqU5jCicL/zQRNtTQVmFQo=
41,-71,hyMT3tBajv5riiEP2crvF2SeCoY=,AWgqHpvYTomA7h5K/c9c0dIK1Xs=
34,-75,hyMT3tBajv5riiEP2crvF2SeCoY=,BMZuQP6TzlyngmhHons/BVw3/qE=
46,-65,hyMT3tBajv5riiEP2crvF2SeCoY=,AWgqHpvYTomA7h5K/c9c0dIK1Xs=
44,-68,hyMT3tBajv5riiEP2crvF2SeCoY=,AWgqHpvYTomA7h5K/c9c0dIK1Xs=
33,-66,hyMT3tBajv5riiEP2crvF2SeCoY=,Ynz1aIqU5jCicL/zQRNtTQVmFQo=
45,-80,hyMT3tBajv5riiEP2crvF2SeCoY=,idcJ5XSqzM/vmqaSiHGJodf55r0=
44,-76,hyMT3tBajv5riiEP2crvF2SeCoY=,idcJ5XSqzM/vmqaSiHGJodf55r0=
36,-66,hyMT3tBajv5riiEP2crvF2SeCoY=,Ynz1aIqU5jCicL/zQRNtTQVmFQo=
34,-76,hyMT3tBajv5riiEP2crvF2SeCoY=,BMZuQP6TzlyngmhHons/BVw3/qE=
34,-77,hyMT3tBajv5riiEP2crvF2SeCoY=,BMZuQP6TzlyngmhHons/BVw3/qE=
44,-65,hyMT3tBajv5riiEP2crvF2SeCoY=,AWgqHpvYTomA7h5K/c9c0dIK1Xs=
37,-66,hyMT3tBajv5riiEP2crvF2SeCoY=,Ynz1aIqU5jCicL/zQRNtTQVmFQo=
33,-75,hyMT3tBajv5riiEP2crvF2SeCoY=,BMZuQP6TzlyngmhHons/BVw3/qE=
37,-71,hyMT3tBajv5riiEP2crvF2SeCoY=,Ynz1aIqU5jCicL/zQRNtTQVmFQo=
44,-80,hyMT3tBajv5riiEP2crvF2SeCoY=,idcJ5XSqzM/vmqaSiHGJodf55r0=
33,-67,hyMT3tBajv5riiEP2crvF2SeCoY=,Ynz1aIqU5jCicL/zQRNtTQVmFQo=
33,-74,hyMT3tBajv5riiEP2crvF2SeCoY=,BMZuQP6TzlyngmhHons/BVw3/qE=
37,-65,hyMT3tBajv5riiEP2crvF2SeCoY=,Ynz1aIqU5jCicL/zQRNtTQVmFQo=
38,-66,hyMT3tBajv5riiEP2crvF2SeCoY=,Ynz1aIqU5jCicL/zQRNtTQVmFQo=
47,-77,hyMT3tBajv5riiEP2crvF2SeCoY=,idcJ5XSqzM/vmqaSiHGJodf55r0=
46,-78,hyMT3tBajv5riiEP2crvF2SeCoY=,idcJ5XSqzM/vmqaSiHGJodf55r0=
35,-66,hyMT3tBajv5riiEP2crvF2SeCoY=,Ynz1aIqU5jCicL/zQRNtTQVmFQo=
43,-71,hyMT3tBajv5riiEP2crvF2SeCoY=,AWgqHpvYTomA7h5K/c9c0dIK1Xs=
35,-77,hyMT3tBajv5riiEP2crvF2SeCoY=,BMZuQP6TzlyngmhHons/BVw3/qE=
39,-66,hyMT3tBajv5riiEP2crvF2SeCoY=,Ynz1aIqU5jCicL/zQRNtTQVmFQo=
34,-74,hyMT3tBajv5riiEP2crvF2SeCoY=,BMZuQP6TzlyngmhHons/BVw3/qE=
44,-70,hyMT3tBajv5riiEP2crvF2SeCoY=,AWgqHpvYTomA7h5K/c9c0dIK1Xs=
33,-80,hyMT3tBajv5riiEP2crvF2SeCoY=,BMZuQP6TzlyngmhHons/BVw3/qE=
36,-65,hyMT3tBajv5riiEP2crvF2SeCoY=,Ynz1aIqU5jCicL/zQRNtTQVmFQo=
43,-65,hyMT3tBajv5riiEP2crvF2SeCoY=,AWgqHpvYTomA7h5K/c9c0dIK1Xs=
42,-71,hyMT3tBajv5riiEP2crvF2SeCoY=,AWgqHpvYTomA7h5K/c9c0dIK1Xs=
40,-69,hyMT3tBajv5riiEP2crvF2SeCoY=,AWgqHpvYTomA7h5K/c9c0dIK1Xs=
34,-67,hyMT3tBajv5riiEP2crvF2SeCoY=,Ynz1aIqU5jCicL/zQRNtTQVmFQo=
35,-67,hyMT3tBajv5riiEP2crvF2SeCoY=,Ynz1aIqU5jCicL/zQRNtTQVmFQo=
44,-71,hyMT3tBajv5riiEP2crvF2SeCoY=,AWgqHpvYTomA7h5K/c9c0dIK1Xs=
35,-76,hyMT3tBajv5riiEP2crvF2SeCoY=,BMZuQP6TzlyngmhHons/BVw3/qE=
45,-70,hyMT3tBajv5riiEP2crvF2SeCoY=,AWgqHpvYTomA7h5K/c9c0dIK1Xs=
42,-79,hyMT3tBajv5riiEP2crvF2SeCoY=,idcJ5XSqzM/vmqaSiHGJodf55r0=
45,-69,hyMT3tBajv5riiEP2crvF2SeCoY=,AWgqHpvYTomA7h5K/c9c0dIK1Xs=
34,-66,hyMT3tBajv5riiEP2crvF2SeCoY=,Ynz1aIqU5jCicL/zQRNtTQVmFQo=
44,-69,hyMT3tBajv5riiEP2crvF2SeCoY=,AWgqHpvYTomA7h5K/c9c0dIK1Xs=
42,-65,hyMT3tBajv5riiEP2crvF2SeCoY=,AWgqHpvYTomA7h5K/c9c0dIK1Xs=
46,-69,hyMT3tBajv5riiEP2crvF2SeCoY=,AWgqHpvYTomA7h5K/c9c0dIK1Xs=
40,-79,hyMT3tBajv5riiEP2crvF2SeCoY=,idcJ5XSqzM/vmqaSiHGJodf55r0=
40,-70,hyMT3tBajv5riiEP2crvF2SeCoY=,AWgqHpvYTomA7h5K/c9c0dIK1Xs=
44,-72,hyMT3tBajv5riiEP2crvF2SeCoY=,AWgqHpvYTomA7h5K/c9c0dIK1Xs=
45,-71,hyMT3tBajv5riiEP2crvF2SeCoY=,AWgqHpvYTomA7h5K/c9c0dIK1Xs=
42,-77,hyMT3tBajv5riiEP2crvF2SeCoY=,idcJ5XSqzM/vmqaSiHGJodf55r0=
35,-75,hyMT3tBajv5riiEP2crvF2SeCoY=,BMZuQP6TzlyngmhHons/BVw3/qE=
32,-69,hyMT3tBajv5riiEP2crvF2SeCoY=,Ynz1aIqU5jCicL/zQRNtTQVmFQo=
38,-65,hyMT3tBajv5riiEP2crvF2SeCoY=,Ynz1aIqU5jCicL/zQRNtTQVmFQo=
45,-76,hyMT3tBajv5riiEP2crvF2SeCoY=,idcJ5XSqzM/vmqaSiHGJodf55r0=
41,-79,hyMT3tBajv5riiEP2crvF2SeCoY=,idcJ5XSqzM/vmqaSiHGJodf55r0=
43,-79,hyMT3tBajv5riiEP2crvF2SeCoY=,idcJ5XSqzM/vmqaSiHGJodf55r0=
41,-73,hyMT3tBajv5riiEP2crvF2SeCoY=,idcJ5XSqzM/vmqaSiHGJodf55r0=
40,-71,hyMT3tBajv5riiEP2crvF2SeCoY=,AWgqHpvYTomA7h5K/c9c0dIK1Xs=
40,-78,hyMT3tBajv5riiEP2crvF2SeCoY=,idcJ5XSqzM/vmqaSiHGJodf55r0=
41,-77,hyMT3tBajv5riiEP2crvF2SeCoY=,idcJ5XSqzM/vmqaSiHGJodf55r0=
41,-78,hyMT3tBajv5riiEP2crvF2SeCoY=,idcJ5XSqzM/vmqaSiHGJodf55r0=
43,-72,hyMT3tBajv5riiEP2crvF2SeCoY=,AWgqHpvYTomA7h5K/c9c0dIK1Xs=
40,-77,hyMT3tBajv5riiEP2crvF2SeCoY=,idcJ5XSqzM/vmqaSiHGJodf55r0=
42,-78,hyMT3tBajv5riiEP2crvF2SeCoY=,idcJ5XSqzM/vmqaSiHGJodf55r0=
41,-72,hyMT3tBajv5riiEP2crvF2SeCoY=,AWgqHpvYTomA7h5K/c9c0dIK1Xs=
43,-77,hyMT3tBajv5riiEP2crvF2SeCoY=,idcJ5XSqzM/vmqaSiHGJodf55r0=
33,-79,hyMT3tBajv5riiEP2crvF2SeCoY=,BMZuQP6TzlyngmhHons/BVw3/qE=
44,-73,hyMT3tBajv5riiEP2crvF2SeCoY=,idcJ5XSqzM/vmqaSiHGJodf55r0=
46,-73,hyMT3tBajv5riiEP2crvF2SeCoY=,idcJ5XSqzM/vmqaSiHGJodf55r0=
43,-78,hyMT3tBajv5riiEP2crvF2SeCoY=,idcJ5XSqzM/vmqaSiHGJodf55r0=
35,-79,hyMT3tBajv5riiEP2crvF2SeCoY=,BMZuQP6TzlyngmhHons/BVw3/qE=
41,-65,hyMT3tBajv5riiEP2crvF2SeCoY=,AWgqHpvYTomA7h5K/c9c0dIK1Xs=
33,-72,hyMT3tBajv5riiEP2crvF2SeCoY=,Ynz1aIqU5jCicL/zQRNtTQVmFQo=
47,-69,hyMT3tBajv5riiEP2crvF2SeCoY=,AWgqHpvYTomA7h5K/c9c0dIK1Xs=
34,-79,hyMT3tBajv5riiEP2crvF2SeCoY=,BMZuQP6TzlyngmhHons/BVw3/qE=
45,-73,hyMT3tBajv5riiEP2crvF2SeCoY=,idcJ5XSqzM/vmqaSiHGJodf55r0=
43,-73,hyMT3tBajv5riiEP2crvF2SeCoY=,idcJ5XSqzM/vmqaSiHGJodf55r0=
38,-67,hyMT3tBajv5riiEP2crvF2SeCoY=,Ynz1aIqU5jCicL/zQRNtTQVmFQo=
42,-73,hyMT3tBajv5riiEP2crvF2SeCoY=,idcJ5XSqzM/vmqaSiHGJodf55r0=
46,-70,hyMT3tBajv5riiEP2crvF2SeCoY=,AWgqHpvYTomA7h5K/c9c0dIK1Xs=
40,-72,hyMT3tBajv5riiEP2crvF2SeCoY=,AWgqHpvYTomA7h5K/c9c0dIK1Xs=
39,-67,hyMT3tBajv5riiEP2crvF2SeCoY=,Ynz1aIqU5jCicL/zQRNtTQVmFQo=
36,-68,hyMT3tBajv5riiEP2crvF2SeCoY=,Ynz1aIqU5jCicL/zQRNtTQVmFQo=
37,-67,hyMT3tBajv5riiEP2crvF2SeCoY=,Ynz1aIqU5jCicL/zQRNtTQVmFQo=
39,-68,hyMT3tBajv5riiEP2crvF2SeCoY=,Ynz1aIqU5jCicL/zQRNtTQVmFQo=
40,-65,hyMT3tBajv5riiEP2crvF2SeCoY=,AWgqHpvYTomA7h5K/c9c0dIK1Xs=
32,-70,hyMT3tBajv5riiEP2crvF2SeCoY=,Ynz1aIqU5jCicL/zQRNtTQVmFQo=
36,-67,hyMT3tBajv5riiEP2crvF2SeCoY=,Ynz1aIqU5jCicL/zQRNtTQVmFQo=
33,-69,hyMT3tBajv5riiEP2crvF2SeCoY=,Ynz1aIqU5jCicL/zQRNtTQVmFQo=
35,-74,hyMT3tBajv5riiEP2crvF2SeCoY=,BMZuQP6TzlyngmhHons/BVw3/qE=
37,-68,hyMT3tBajv5riiEP2crvF2SeCoY=,Ynz1aIqU5jCicL/zQRNtTQVmFQo=
47,-70,hyMT3tBajv5riiEP2crvF2SeCoY=,AWgqHpvYTomA7h5K/c9c0dIK1Xs=
33,-73,hyMT3tBajv5riiEP2crvF2SeCoY=,BMZuQP6TzlyngmhHons/BVw3/qE=
34,-69,hyMT3tBajv5riiEP2crvF2SeCoY=,Ynz1aIqU5jCicL/zQRNtTQVmFQo=
47,-66,hyMT3tBajv5riiEP2crvF2SeCoY=,AWgqHpvYTomA7h5K/c9c0dIK1Xs=
33,-70,hyMT3tBajv5riiEP2crvF2SeCoY=,Ynz1aIqU5jCicL/zQRNtTQVmFQo=
32,-71,hyMT3tBajv5riiEP2crvF2SeCoY=,Ynz1aIqU5jCicL/zQRNtTQVmFQo=
34,-73,hyMT3tBajv5riiEP2crvF2SeCoY=,BMZuQP6TzlyngmhHons/BVw3/qE=
34,-70,hyMT3tBajv5riiEP2crvF2SeCoY=,Ynz1aIqU5jCicL/zQRNtTQVmFQo=
38,-68,hyMT3tBajv5riiEP2crvF2SeCoY=,Ynz1aIqU5jCicL/zQRNtTQVmFQo=
35,-73,hyMT3tBajv5riiEP2crvF2SeCoY=,BMZuQP6TzlyngmhHons/BVw3/qE=
35,-69,hyMT3tBajv5riiEP2crvF2SeCoY=,Ynz1aIqU5jCicL/zQRNtTQVmFQo=
35,-70,hyMT3tBajv5riiEP2crvF2SeCoY=,Ynz1aIqU5jCicL/zQRNtTQVmFQo=
47,-73,hyMT3tBajv5riiEP2crvF2SeCoY=,idcJ5XSqzM/vmqaSiHGJodf55r0=
40,-73,hyMT3tBajv5riiEP2crvF2SeCoY=,idcJ5XSqzM/vmqaSiHGJodf55r0=
34,-72,hyMT3tBajv5riiEP2crvF2SeCoY=,Ynz1aIqU5jCicL/zQRNtTQVmFQo=
33,-71,hyMT3tBajv5riiEP2crvF2SeCoY=,Ynz1aIqU5jCicL/zQRNtTQVmFQo=
34,-71,hyMT3tBajv5riiEP2crvF2SeCoY=,Ynz1aIqU5jCicL/zQRNtTQVmFQo=
46,-72,hyMT3tBajv5riiEP2crvF2SeCoY=,AWgqHpvYTomA7h5K/c9c0dIK1Xs=
35,-71,hyMT3tBajv5riiEP2crvF2SeCoY=,Ynz1aIqU5jCicL/zQRNtTQVmFQo=
45,-68,hyMT3tBajv5riiEP2crvF2SeCoY=,AWgqHpvYTomA7h5K/c9c0dIK1Xs=
46,-67,hyMT3tBajv5riiEP2crvF2SeCoY=,AWgqHpvYTomA7h5K/c9c0dIK1Xs=
35,-72,hyMT3tBajv5riiEP2crvF2SeCoY=,Ynz1aIqU5jCicL/zQRNtTQVmFQo=
45,-72,hyMT3tBajv5riiEP2crvF2SeCoY=,AWgqHpvYTomA7h5K/c9c0dIK1Xs=
42,-67,hyMT3tBajv5riiEP2crvF2SeCoY=,AWgqHpvYTomA7h5K/c9c0dIK1Xs=
41,-67,hyMT3tBajv5riiEP2crvF2SeCoY=,AWgqHpvYTomA7h5K/c9c0dIK1Xs=
46,-74,hyMT3tBajv5riiEP2crvF2SeCoY=,idcJ5XSqzM/vmqaSiHGJodf55r0=
44,-74,hyMT3tBajv5riiEP2crvF2SeCoY=,idcJ5XSqzM/vmqaSiHGJodf55r0=
45,-74,hyMT3tBajv5riiEP2crvF2SeCoY=,idcJ5XSqzM/vmqaSiHGJodf55r0=
47,-72,hyMT3tBajv5riiEP2crvF2SeCoY=,AWgqHpvYTomA7h5K/c9c0dIK1Xs=
42,-72,hyMT3tBajv5riiEP2crvF2SeCoY=,AWgqHpvYTomA7h5K/c9c0dIK1Xs=
47,-68,hyMT3tBajv5riiEP2crvF2SeCoY=,AWgqHpvYTomA7h5K/c9c0dIK1Xs=
43,-80,hyMT3tBajv5riiEP2crvF2SeCoY=,idcJ5XSqzM/vmqaSiHGJodf55r0=
43,-74,hyMT3tBajv5riiEP2crvF2SeCoY=,idcJ5XSqzM/vmqaSiHGJodf55r0=
47,-74,hyMT3tBajv5riiEP2crvF2SeCoY=,idcJ5XSqzM/vmqaSiHGJodf55r0=
41,-66,hyMT3tBajv5riiEP2crvF2SeCoY=,AWgqHpvYTomA7h5K/c9c0dIK1Xs=
47,-75,hyMT3tBajv5riiEP2crvF2SeCoY=,idcJ5XSqzM/vmqaSiHGJodf55r0=
41,-80,hyMT3tBajv5riiEP2crvF2SeCoY=,idcJ5XSqzM/vmqaSiHGJodf55r0=
47,-76,hyMT3tBajv5riiEP2crvF2SeCoY=,idcJ5XSqzM/vmqaSiHGJodf55r0=
40,-80,hyMT3tBajv5riiEP2crvF2SeCoY=,idcJ5XSqzM/vmqaSiHGJodf55r0=
43,-67,hyMT3tBajv5riiEP2crvF2SeCoY=,AWgqHpvYTomA7h5K/c9c0dIK1Xs=
41,-74,hyMT3tBajv5riiEP2crvF2SeCoY=,idcJ5XSqzM/vmqaSiHGJodf55r0=
40,-74,hyMT3tBajv5riiEP2crvF2SeCoY=,idcJ5XSqzM/vmqaSiHGJodf55r0=
42,-66,hyMT3tBajv5riiEP2crvF2SeCoY=,AWgqHpvYTomA7h5K/c9c0dIK1Xs=
42,-74,hyMT3tBajv5riiEP2crvF2SeCoY=,idcJ5XSqzM/vmqaSiHGJodf55r0=
47,-71,hyMT3tBajv5riiEP2crvF2SeCoY=,AWgqHpvYTomA7h5K/c9c0dIK1Xs=
43,-66,hyMT3tBajv5riiEP2crvF2SeCoY=,AWgqHpvYTomA7h5K/c9c0dIK1Xs=
44,-67,hyMT3tBajv5riiEP2crvF2SeCoY=,AWgqHpvYTomA7h5K/c9c0dIK1Xs=
45,-75,hyMT3tBajv5riiEP2crvF2SeCoY=,idcJ5XSqzM/vmqaSiHGJodf55r0=
43,-75,hyMT3tBajv5riiEP2crvF2SeCoY=,idcJ5XSqzM/vmqaSiHGJodf55r0=
46,-75,hyMT3tBajv5riiEP2crvF2SeCoY=,idcJ5XSqzM/vmqaSiHGJodf55r0=
44,-66,hyMT3tBajv5riiEP2crvF2SeCoY=,AWgqHpvYTomA7h5K/c9c0dIK1Xs=
44,-75,hyMT3tBajv5riiEP2crvF2SeCoY=,idcJ5XSqzM/vmqaSiHGJodf55r0=
46,-66,hyMT3tBajv5riiEP2crvF2SeCoY=,AWgqHpvYTomA7h5K/c9c0dIK1Xs=
46,-68,hyMT3tBajv5riiEP2crvF2SeCoY=,AWgqHpvYTomA7h5K/c9c0dIK1Xs=
42,-75,hyMT3tBajv5riiEP2crvF2SeCoY=,idcJ5XSqzM/vmqaSiHGJodf55r0=
47,-67,hyMT3tBajv5riiEP2crvF2SeCoY=,AWgqHpvYTomA7h5K/c9c0dIK1Xs=
41,-75,hyMT3tBajv5riiEP2crvF2SeCoY=,idcJ5XSqzM/vmqaSiHGJodf55r0=
45,-67,hyMT3tBajv5riiEP2crvF2SeCoY=,AWgqHpvYTomA7h5K/c9c0dIK1Xs=
40,-75,hyMT3tBajv5riiEP2crvF2SeCoY=,idcJ5XSqzM/vmqaSiHGJodf55r0=
45,-66,hyMT3tBajv5riiEP2crvF2SeCoY=,AWgqHpvYTomA7h5K/c9c0dIK1Xs=
42,-68,hyMT3tBajv5riiEP2crvF2SeCoY=,AWgqHpvYTomA7h5K/c9c0dIK1Xs=
43,-68,hyMT3tBajv5riiEP2crvF2SeCoY=,AWgqHpvYTomA7h5K/c9c0dIK1Xs=
46,-76,hyMT3tBajv5riiEP2crvF2SeCoY=,idcJ5XSqzM/vmqaSiHGJodf55r0=
42,-80,hyMT3tBajv5riiEP2crvF2SeCoY=,idcJ5XSqzM/vmqaSiHGJodf55r0=
40,-67,hyMT3tBajv5riiEP2crvF2SeCoY=,AWgqHpvYTomA7h5K/c9c0dIK1Xs=
41,-68,hyMT3tBajv5riiEP2crvF2SeCoY=,AWgqHpvYTomA7h5K/c9c0dIK1Xs=
40,-68,hyMT3tBajv5riiEP2crvF2SeCoY=,AWgqHpvYTomA7h5K/c9c0dIK1Xs=
40,-66,hyMT3tBajv5riiEP2crvF2SeCoY=,AWgqHpvYTomA7h5K/c9c0dIK1Xs=
