-23,1,zUcwHJY5wJzC4tEvy3msOPIVVVk=,OAcfZ5OqkumbGIj5Ney07Mb3iww=
-23,0,sgrM5evkJ9BvP58SMlyTeWe08Fo=,OAcfZ5OqkumbGIj5Ney07Mb3iww=
-23,3,sgrM5evkJ9BvP58SMlyTeWe08Fo=,OAcfZ5OqkumbGIj5Ney07Mb3iww=
-23,2,sgrM5evkJ9BvP58SMlyTeWe08Fo=,V7PD801s1YeUiBGf/VWqj7VoAcE=
-23,5,sgrM5evkJ9BvP58SMlyTeWe08Fo=,H3m2oXZ1VCnArouj85mB5nvHw24=
-23,4,sgrM5evkJ9BvP58SMlyTeWe08Fo=,fcS2y4kXiatVGG8GUWPg+0fon4E=
-22,8,sgrM5evkJ9BvP58SMlyTeWe08Fo=,BokveneufnmbyCdfWodkmirUZVk=
-22,2,sgrM5evkJ9BvP58SMlyTeWe08Fo=,pMZuLAfJ+L4Kq5WasmIwb7n1PWo=
-22,3,sgrM5evkJ9BvP58SMlyTeWe08Fo=,zgbn4dsKnXKBnvlk6CEydSOMtv0=
-22,0,sgrM5evkJ9BvP58SMlyTeWe08Fo=,OAcfZ5OqkumbGIj5Ney07Mb3iww=
-22,1,sgrM5evkJ9BvP58SMlyTeWe08Fo=,OAcfZ5OqkumbGIj5Ney07Mb3iww=
-22,6,sgrM5evkJ9BvP58SMlyTeWe08Fo=,vcyy3tKLNQsYENSNyeMaikWirNg=
-22,7,sgrM5evkJ9BvP58SMlyTeWe08Fo=,xSOu6jgUmxTdjSU1Xw2Bv7NcoPU=
-22,4,sgrM5evkJ9BvP58SMlyTeWe08Fo=,ojx33ZT9JFzq7QupsiAOtzWrH38=
-22,5,sgrM5evkJ9BvP58SMlyTeWe08Fo=,niFHnTgXJadXL3d2PTw/EPx/ZBY=
-21,10,sgrM5evkJ9BvP58SMlyTeWe08Fo=,neL8IlbXVCv+a7lT0IdkypWxQFM=
-21,9,sgrM5evkJ9BvP58SMlyTeWe08Fo=,YvRQc8+LFZjGQjkTUBj13pmUim4=
-21,8,sgrM5evkJ9BvP58SMlyTeWe08Fo=,QqlDWSCcFKIp7FadurBE8ndJGrA=
-21,3,sgrM5evkJ9BvP58SMlyTeWe08Fo=,zuZjRHFaeNYp0cudFAJIOEPzUvQ=
-21,2,sgrM5evkJ9BvP58SMlyTeWe08Fo=,txmfAsAAn6g1Pd31L3oJudCxqNI=
-21,1,sgrM5evkJ9BvP58SMlyTeWe08Fo=,H3m2oXZ1VCnArouj85mB5nvHw24=
-21,0,sgrM5evkJ9BvP58SMlyTeWe08Fo=,fcS2y4kXiatVGG8GUWPg+0fon4E=
-21,7,sgrM5evkJ9BvP58SMlyTeWe08Fo=,n6YaGdmcCA4m/wm0Guidudeyel4=
-21,6,sgrM5evkJ9BvP58SMlyTeWe08Fo=,Hjgn9vlLgvXdo48K0RjAVDUcLmM=
-21,5,sgrM5evkJ9BvP58SMlyTeWe08Fo=,rzopLZIcq6mXd8i0kUVAkrjJoN0=
-21,4,rDxRm9wvtp1WF0Wx2UYH+2QPimg=,VLaVmZn5MfJIZj+Q8dgEcrBD1/g=
-20,12,rDxRm9wvtp1WF0Wx2UYH+2QPimg=,neL8IlbXVCv+a7lT0IdkypWxQFM=
-20,8,rDxRm9wvtp1WF0Wx2UYH+2QPimg=,5tJQsD3BizzGU3rtM0Nn5FFmzCA=
-20,9,rDxRm9wvtp1WF0Wx2UYH+2QPimg=,Ql5KCvAPC0YrZYdRHB1QLv6ZRKQ=
-20,10,rDxRm9wvtp1WF0Wx2UYH+2QPimg=,e0gkVxMq9/Og7ajMdwvr6OU3xn8=
-20,11,rDxRm9wvtp1WF0Wx2UYH+2QPimg=,neL8IlbXVCv+a7lT0IdkypWxQFM=
-20,4,rDxRm9wvtp1WF0Wx2UYH+2QPimg=,XRBXu64CJgNxGgZNwyuhejXKoeA=
-20,5,rDxRm9wvtp1WF0Wx2UYH+2QPimg=,XRBXu64CJgNxGgZNwyuhejXKoeA=
-20,6,rDxRm9wvtp1WF0Wx2UYH+2QPimg=,6o/DzaTMgznS6G0FgxRe+NjIaHk=
-20,7,rDxRm9wvtp1WF0Wx2UYH+2QPimg=,H/I/hbxMYNJR7p7Uidw6PKcZ+MY=
-20,0,rDxRm9wvtp1WF0Wx2UYH+2QPimg=,fcS2y4kXiatVGG8GUWPg+0fon4E=
-20,1,rDxRm9wvtp1WF0Wx2UYH+2QPimg=,INZ/iqEFt4U3wIAjXnW7K4Lp9nE=
-20,2,rDxRm9wvtp1WF0Wx2UYH+2QPimg=,4Bzkamn7KVlbS2Df5hOw4QWFj94=
-20,3,rDxRm9wvtp1WF0Wx2UYH+2QPimg=,T3ePaEPF/5P5k7lgfD5ob2mRXZI=
-19,13,rDxRm9wvtp1WF0Wx2UYH+2QPimg=,neL8IlbXVCv+a7lT0IdkypWxQFM=
-19,12,rDxRm9wvtp1WF0Wx2UYH+2QPimg=,s9PEpOO9qgMMk9i2boMTLg70hrs=
-19,9,rDxRm9wvtp1WF0Wx2UYH+2QPimg=,2ErZZkgckyjA6lMo9eZvp4IJgxE=
-19,8,HF+YQL81B9oLseQyBZ3qiO/NEjw=,bwdy82ZNHbl9XCIYAMhZOs8SaVc=
-19,11,HF+YQL81B9oLseQyBZ3qiO/NEjw=,A1LbUled0coBekkm2BzdIkzZdq8=
-19,10,HF+YQL81B9oLseQyBZ3qiO/NEjw=,3UbrqHgpYBQufAdlihSU5X9Bl5U=
-19,5,HF+YQL81B9oLseQyBZ3qiO/NEjw=,o2jDHReb30Yes8PbKjKWIvqrS3w=
-19,4,HF+YQL81B9oLseQyBZ3qiO/NEjw=,o2jDHReb30Yes8PbKjKWIvqrS3w=
-19,7,HF+YQL81B9oLseQyBZ3qiO/NEjw=,7ovAqYRHb/vmoZrsip2YhfRql7o=
-19,6,HF+YQL81B9oLseQyBZ3qiO/NEjw=,hquopYP0Gw20H2XWBtM9IZKGDoM=
-19,1,HF+YQL81B9oLseQyBZ3qiO/NEjw=,WUobTjH6z5YbxcmAuCcI/7Qs3AI=
-19,0,HF+YQL81B9oLseQyBZ3qiO/NEjw=,qXgoYeDvHc0DpPS3DVmH3DA/U6Y=
-19,3,HF+YQL81B9oLseQyBZ3qiO/NEjw=,Y1vE5FHYz7xadlIXHHUCWRIXarM=
-19,2,HF+YQL81B9oLseQyBZ3qiO/NEjw=,tjjbKfjnsLqELfvit5mVS0xF3ug=
-18,14,HF+YQL81B9oLseQyBZ3qiO/NEjw=,5sQ4r7HKz7Ku4hmLTI55UoZFhGc=
-18,15,HF+YQL81B9oLseQyBZ3qiO/NEjw=,5sQ4r7HKz7Ku4hmLTI55UoZFhGc=
-18,12,HF+YQL81B9oLseQyBZ3qiO/NEjw=,of/J/pT+jkoglcYPfK/mO1EnXxo=
-18,13,HF+YQL81B9oLseQyBZ3qiO/NEjw=,5sQ4r7HKz7Ku4hmLTI55UoZFhGc=
-18,10,ScaHKF5/e5ynGT5QHvQjQWRH+zE=,2csFV5PnUG5P3XJMsEzBs+pRDbc=
-18,11,ScaHKF5/e5ynGT5QHvQjQWRH+zE=,ff91H0ktwxlnyBUrSTorl9Q8QZM=
-18,8,ScaHKF5/e5ynGT5QHvQjQWRH+zE=,bwdy82ZNHbl9XCIYAMhZOs8SaVc=
-18,9,ScaHKF5/e5ynGT5QHvQjQWRH+zE=,5tJQsD3BizzGU3rtM0Nn5FFmzCA=
-18,6,ScaHKF5/e5ynGT5QHvQjQWRH+zE=,ZnMzwpAcLL4azwFGslBMDCCbRYo=
-18,7,ScaHKF5/e5ynGT5QHvQjQWRH+zE=,NtcsYYNaRqVgRrDftFQWbaw6zOs=
-18,4,ScaHKF5/e5ynGT5QHvQjQWRH+zE=,HuL4djqFGYocCr4/ipH5lcsQaRE=
-18,5,ScaHKF5/e5ynGT5QHvQjQWRH+zE=,Uxw3teL9p37jZqDMtCdjQnvJVqQ=
-18,2,ScaHKF5/e5ynGT5QHvQjQWRH+zE=,dMMha+gHTOfcT0z8FIGOcjqDqEM=
-18,3,ScaHKF5/e5ynGT5QHvQjQWRH+zE=,l3E3e1cJ7r2Ze3HO2JIZwRqlG14=
-18,0,ScaHKF5/e5ynGT5QHvQjQWRH+zE=,M1m9E+t6R1GO9218N3lFqy8iAj0=
-18,1,ScaHKF5/e5ynGT5QHvQjQWRH+zE=,AomXKyWKDkGKIDejmfjJQV/c0oQ=
-17,15,ScaHKF5/e5ynGT5QHvQjQWRH+zE=,L+KnYMz8S1Y1jwv/BP0q5avrNVY=
-17,14,VB2JOKy2PUpnrfL6BMF79XNs4lQ=,8HzkLqIEQ3Ae6ebpqO/MuimaqbA=
-17,13,VB2JOKy2PUpnrfL6BMF79XNs4lQ=,8HzkLqIEQ3Ae6ebpqO/MuimaqbA=
-17,12,VB2JOKy2PUpnrfL6BMF79XNs4lQ=,pSkZCFskQPdTnU/4f0bSfJbf1lY=
-17,11,VB2JOKy2PUpnrfL6BMF79XNs4lQ=,aioRU9zI8CWHo1sMjJMzWLhIbt8=
-17,10,VB2JOKy2PUpnrfL6BMF79XNs4lQ=,7ddKkTfgQqNlMTJXsPAAWZXhOb8=
-17,9,VB2JOKy2PUpnrfL6BMF79XNs4lQ=,7ddKkTfgQqNlMTJXsPAAWZXhOb8=
-17,8,VB2JOKy2PUpnrfL6BMF79XNs4lQ=,qqrEk3umTc9mcHs6NORBaaI2rLY=
-17,7,VB2JOKy2PUpnrfL6BMF79XNs4lQ=,pY+1lnn2nJy+VEdFOyVnhikPRj8=
-17,6,VB2JOKy2PUpnrfL6BMF79XNs4lQ=,vzRRRll1SSwFo/gFh4PgrwwXR88=
-17,5,VB2JOKy2PUpnrfL6BMF79XNs4lQ=,qLouBhcBNakEoBioQrD7KvxSxTg=
-17,4,VB2JOKy2PUpnrfL6BMF79XNs4lQ=,jdWsiqpsjpw7TB07Tu7UvcV3JTM=
-17,3,VB2JOKy2PUpnrfL6BMF79XNs4lQ=,RD6L0d+dSwSV4GnxNLhw/OI3GM0=
-17,2,VB2JOKy2PUpnrfL6BMF79XNs4lQ=,zJbZ7Af6poQtVmrxXKjXaFFHTGc=
-17,1,IkS60NZEqDFBFShTDs6xff6z1Cg=,LLv9kOMWtrWBwMFPsVxxTPNvgPE=
-17,0,IkS60NZEqDFBFShTDs6xff6z1Cg=,qK2OoPXDlITOQNkETIj4UeJysuo=
-17,16,IkS60NZEqDFBFShTDs6xff6z1Cg=,+3Tt4dWVbIDCKsg8kT3b+y2gt5s=
-16,16,IkS60NZEqDFBFShTDs6xff6z1Cg=,edHfot3rBIf/Trwa9H04Rd/w7h4=
-16,17,IkS60NZEqDFBFShTDs6xff6z1Cg=,/ofewt+dYODtqSPZ2LcgpfgTEDo=
-16,0,IkS60NZEqDFBFShTDs6xff6z1Cg=,kXoksu1R8OUYv0agLFLgBQ9lHMg=
-16,1,IkS60NZEqDFBFShTDs6xff6z1Cg=,o+4aMrlfbpnxSXL2rcSLwIUEgV0=
-16,2,IkS60NZEqDFBFShTDs6xff6z1Cg=,o+4aMrlfbpnxSXL2rcSLwIUEgV0=
-16,3,IkS60NZEqDFBFShTDs6xff6z1Cg=,2MVDNnJZ0mvARMDNaRx2LyozRZI=
-16,4,1cD0tQ3KJbmDUeU8DKcD9W5zm7A=,2MVDNnJZ0mvARMDNaRx2LyozRZI=
-16,5,1cD0tQ3KJbmDUeU8DKcD9W5zm7A=,jR7OOBNN4cZz7ODPuBwd+NWP9hY=
-16,6,1cD0tQ3KJbmDUeU8DKcD9W5zm7A=,v9oNsWnCFFvKvIqFZ1ujqvpgd9s=
-16,7,1cD0tQ3KJbmDUeU8DKcD9W5zm7A=,4HYQDQOSGzI1hPFAuL+q3MN9RY8=
-16,8,1cD0tQ3KJbmDUeU8DKcD9W5zm7A=,k0j3FX9x9kUM5+csC3dc7i6XgOY=
-16,9,1cD0tQ3KJbmDUeU8DKcD9W5zm7A=,U6+v72tPSZPH/oTSleScq3JCFgY=
-16,10,1cD0tQ3KJbmDUeU8DKcD9W5zm7A=,6/tmcNncfR8af8+YdRh0vqiAF9g=
-16,11,1cD0tQ3KJbmDUeU8DKcD9W5zm7A=,Ds7a+NZGRk3nEPCrGVEwlOk/kLo=
-16,12,1cD0tQ3KJbmDUeU8DKcD9W5zm7A=,yTv2/GS1Meb4QfFShcE6Q+qvZKU=
-16,13,1cD0tQ3KJbmDUeU8DKcD9W5zm7A=,gTb2KZuOf8KN6RRg29BufbFiNgY=
-16,14,1cD0tQ3KJbmDUeU8DKcD9W5zm7A=,XHoSZZa491Ji0AlcQRDXAFBoetE=
-16,15,1cD0tQ3KJbmDUeU8DKcD9W5zm7A=,YDYkPGuhQwMa8BEcJj+nCXZgyx0=
-15,17,1cD0tQ3KJbmDUeU8DKcD9W5zm7A=,/ofewt+dYODtqSPZ2LcgpfgTEDo=
-15,16,1cD0tQ3KJbmDUeU8DKcD9W5zm7A=,edHfot3rBIf/Trwa9H04Rd/w7h4=
-15,1,1cD0tQ3KJbmDUeU8DKcD9W5zm7A=,P3rV/A4Fwur1KtZZ6J+R57roqmY=
-15,0,1cD0tQ3KJbmDUeU8DKcD9W5zm7A=,qKT9XE93XbqB2xlWxOb9aFDuA/o=
-15,3,1cD0tQ3KJbmDUeU8DKcD9W5zm7A=,fkK5bT2tg/Cvs1N1EdPmx9hFICg=
-15,2,1cD0tQ3KJbmDUeU8DKcD9W5zm7A=,Nr5uO7RQ00dkVY7Y/1ixKCQsr34=
-15,5,1cD0tQ3KJbmDUeU8DKcD9W5zm7A=,dcMLy+pzfI3K7dy5C7jqtTBuXTI=
-15,4,Hq5IcEM2dwac+dLqOCzDFoXV240=,YAZfiNPqI6WJhfOpg8bkSnsVD7Q=
-15,7,Hq5IcEM2dwac+dLqOCzDFoXV240=,JmmE9880HMjx4gCOwDFhjBeKDjc=
-15,6,Hq5IcEM2dwac+dLqOCzDFoXV240=,vOZXXPpW49/5KDV6NWYMlS1bPmI=
-15,9,Hq5IcEM2dwac+dLqOCzDFoXV240=,wdBiINpzyk4EruvPBMlx69/V2OM=
-15,8,Hq5IcEM2dwac+dLqOCzDFoXV240=,gPDl3ZvBdlDbB1u4xaRtosxLwEQ=
-15,11,Hq5IcEM2dwac+dLqOCzDFoXV240=,JK4P0AXMix3TmlWZVkzafCN+P1A=
-15,10,Hq5IcEM2dwac+dLqOCzDFoXV240=,eV7vHsEWIRexJ0EW/hgONdtJhz8=
-15,13,Hq5IcEM2dwac+dLqOCzDFoXV240=,YGMCX2+dVrI6JAfESPhqFhsBegk=
-15,12,Hq5IcEM2dwac+dLqOCzDFoXV240=,ch2wN+FZvwZFWW80THJ1aDitjks=
-15,15,Hq5IcEM2dwac+dLqOCzDFoXV240=,3l6MVyZeYSp6aWyJKTi4/wPMSVQ=
-15,14,Hq5IcEM2dwac+dLqOCzDFoXV240=,aBRUrZxFizXdWzWjPppQBhlLYE8=
-14,18,Hq5IcEM2dwac+dLqOCzDFoXV240=,GUmJsEz+1MMUlb9TSBzBg7d9EFU=
-14,16,Hq5IcEM2dwac+dLqOCzDFoXV240=,HzjjUrll2m+IBv7hGFd/Y+lI9vo=
-14,17,ypPwvDl1g9INApciZbmDGvqcoac=,rNoeH3xY4RolL3Pi5FEn/H22bZ4=
-14,2,ypPwvDl1g9INApciZbmDGvqcoac=,nxKnI3lZPsFHI0CTVy3sxkz7kk8=
-14,3,ypPwvDl1g9INApciZbmDGvqcoac=,2qtx93/ixZQvjC4kxqP22RsEKxQ=
-14,0,ypPwvDl1g9INApciZbmDGvqcoac=,pO2hm1HQkXAwGM8J2/BChyHBQ0k=
-14,1,ypPwvDl1g9INApciZbmDGvqcoac=,DQy4i5QiJU9M2+Vxnm6UJrtLq+M=
-14,6,ypPwvDl1g9INApciZbmDGvqcoac=,FmS+MDBvZzGuKQlvE1y0lOhBd0Y=
-14,7,ypPwvDl1g9INApciZbmDGvqcoac=,Hi4XTqCkQpdXn+DysAO4cq85lqE=
-14,4,ypPwvDl1g9INApciZbmDGvqcoac=,+PV82TF0gGA3OPWJA8+wwaCum30=
-14,5,ypPwvDl1g9INApciZbmDGvqcoac=,l5Bl60/foAThXO5gZYGvMVCt7Dk=
-14,10,ypPwvDl1g9INApciZbmDGvqcoac=,U6vROE2y2pu4+ulef1b7x4Dza9E=
-14,11,ypPwvDl1g9INApciZbmDGvqcoac=,B5uhbvQw7OO5QFsTqZrN/uggufI=
-14,8,ypPwvDl1g9INApciZbmDGvqcoac=,Sm91JGQlXVokXggvK9Soz4hpuFo=
-14,9,ypPwvDl1g9INApciZbmDGvqcoac=,8DS8qcIK2bwXvPvW2TNBSIaltDI=
-14,14,ypPwvDl1g9INApciZbmDGvqcoac=,lch4KLrFXZxMInQ/3ijP39kzA+I=
-14,15,AvR/WiJNMLSVSyUjBSEjLACybA8=,4InlgYo6rG+vXvj0ARml7XBm0M0=
-14,12,AvR/WiJNMLSVSyUjBSEjLACybA8=,ch2wN+FZvwZFWW80THJ1aDitjks=
-14,13,AvR/WiJNMLSVSyUjBSEjLACybA8=,lch4KLrFXZxMInQ/3ijP39kzA+I=
-13,19,AvR/WiJNMLSVSyUjBSEjLACybA8=,7oRSoqwYL1lyOr0hlspMZdZgFBE=
-13,18,AvR/WiJNMLSVSyUjBSEjLACybA8=,hmv49aoCJBHqLi6a/tgmZTlIkd8=
-13,17,AvR/WiJNMLSVSyUjBSEjLACybA8=,edHfot3rBIf/Trwa9H04Rd/w7h4=
-13,16,AvR/WiJNMLSVSyUjBSEjLACybA8=,ITZ06JDYr5EqTSdTmwUEO8nOumo=
-13,3,AvR/WiJNMLSVSyUjBSEjLACybA8=,kUKp7gcjn5dXtctl5IczL1tad8A=
-13,2,AvR/WiJNMLSVSyUjBSEjLACybA8=,xnqbt33WJzRwUSrgqa1JFrmQZDY=
-13,1,AvR/WiJNMLSVSyUjBSEjLACybA8=,H3RpL7vqk5SlszjOG4xtXoPdExk=
-13,0,AvR/WiJNMLSVSyUjBSEjLACybA8=,FQTezh1K2CjmeqIUgBAXbaS1fTM=
-13,7,AvR/WiJNMLSVSyUjBSEjLACybA8=,yLMApxlth2weBKksL60YGk4NPXc=
-13,6,AvR/WiJNMLSVSyUjBSEjLACybA8=,1W5eCxBqnzvMsaSjqT5nEIzcEUk=
-13,5,AvR/WiJNMLSVSyUjBSEjLACybA8=,i5wBKOGhJczumKepMbKvJOEifyw=
-13,4,NwKmF8zbUXOa6WTnkwP/2bI7XrQ=,rzQvazSwiDvWW/Tf/KGwSPkB7Ro=
-13,11,NwKmF8zbUXOa6WTnkwP/2bI7XrQ=,sMeQq90/mcduEChyga/KGgzL4+M=
-13,10,NwKmF8zbUXOa6WTnkwP/2bI7XrQ=,sMeQq90/mcduEChyga/KGgzL4+M=
-13,9,NwKmF8zbUXOa6WTnkwP/2bI7XrQ=,tegH0BHP5KsqJLoCkHMc1zTA2Bk=
-13,8,NwKmF8zbUXOa6WTnkwP/2bI7XrQ=,vnHKuBovyULdIFBYU1HYMHXawYs=
-13,15,NwKmF8zbUXOa6WTnkwP/2bI7XrQ=,A4VzByLzTORYzP6S3ABMynyaJhI=
-13,14,NwKmF8zbUXOa6WTnkwP/2bI7XrQ=,LLx7zxp0GmypXwYsha0lAndvh8Q=
-13,13,NwKmF8zbUXOa6WTnkwP/2bI7XrQ=,1aIqiB4aU0NFb63kUznwdFmMrRM=
-13,12,NwKmF8zbUXOa6WTnkwP/2bI7XrQ=,CUOPOMuMXaeaZez8Z0PUYBMkwSc=
-12,16,NwKmF8zbUXOa6WTnkwP/2bI7XrQ=,+1PcWGf+eGmz2Lxl5jJbBoXpUqE=
-12,17,NwKmF8zbUXOa6WTnkwP/2bI7XrQ=,t0KMsRArtJRqW9Y2/3QweVkZu3w=
-12,18,NwKmF8zbUXOa6WTnkwP/2bI7XrQ=,pOBUsQRJh77NZ1b71kb2rrzE25w=
-12,19,NwKmF8zbUXOa6WTnkwP/2bI7XrQ=,96MCCTRmuWDA1DnvipoWbXTDJS0=
-12,4,/mGvP1ag4w+M6Cp9nvIjPqNm3Gs=,VLafGSGkHKvVekawWJMmRhTBObQ=
-12,5,/mGvP1ag4w+M6Cp9nvIjPqNm3Gs=,GOKf1Yl5Xg36Ye0Iek9Fqwz/xzY=
-12,6,/mGvP1ag4w+M6Cp9nvIjPqNm3Gs=,XgSp0CBeOTjCVvb434/Wt3q6m34=
-12,7,/mGvP1ag4w+M6Cp9nvIjPqNm3Gs=,yLMApxlth2weBKksL60YGk4NPXc=
-12,0,/mGvP1ag4w+M6Cp9nvIjPqNm3Gs=,J41xFhR2qbjv685NuUiO59mezuk=
-12,1,/mGvP1ag4w+M6Cp9nvIjPqNm3Gs=,A9b/eSsDp1fGey04CUssQtM8vJo=
-12,2,/mGvP1ag4w+M6Cp9nvIjPqNm3Gs=,4np7M7xGSnZyyo/8gx/27puPogU=
-12,3,/mGvP1ag4w+M6Cp9nvIjPqNm3Gs=,st9PxxnJFMPAMfAay3fhZonfHkk=
-12,12,/mGvP1ag4w+M6Cp9nvIjPqNm3Gs=,qFuJEEJXF6CD9vGfxI8ilmpRuaI=
-12,13,/mGvP1ag4w+M6Cp9nvIjPqNm3Gs=,z7zlyZrFaXZ5+kLzlMtjXmvEFhM=
-12,14,/mGvP1ag4w+M6Cp9nvIjPqNm3Gs=,i5mkj2M2uExJTN6z1hYgzDeaAok=
-12,15,/mGvP1ag4w+M6Cp9nvIjPqNm3Gs=,BXz/9rZ+IZXj/MPRgje4tWamzI0=
-12,8,/mGvP1ag4w+M6Cp9nvIjPqNm3Gs=,eZ13CEky5PK7Ywn9KUNcrL/Auqo=
-12,9,r8Ec1LMshnEzX4wMBCzV0k4tr2w=,miu+asUnqCnzJ8FLDz/pbL7zW6A=
-12,10,r8Ec1LMshnEzX4wMBCzV0k4tr2w=,QB0pYvDnfzwfZ2985IlEZb8nOMg=
-12,11,r8Ec1LMshnEzX4wMBCzV0k4tr2w=,oWEkiIm3h/YxEGNnmSb8On20KxQ=
-11,20,r8Ec1LMshnEzX4wMBCzV0k4tr2w=,B5w/GtoA9R0SJAeytVZiamMwbLM=
-11,17,r8Ec1LMshnEzX4wMBCzV0k4tr2w=,JbhwVBnjHlUleokPtcH1KKfELaM=
-11,16,r8Ec1LMshnEzX4wMBCzV0k4tr2w=,lwRFWRgV61vmfA/dvhv0TX4psFA=
-11,19,r8Ec1LMshnEzX4wMBCzV0k4tr2w=,96MCCTRmuWDA1DnvipoWbXTDJS0=
-11,18,r8Ec1LMshnEzX4wMBCzV0k4tr2w=,7oRSoqwYL1lyOr0hlspMZdZgFBE=
-11,5,r8Ec1LMshnEzX4wMBCzV0k4tr2w=,SK5XMjNvM9FhnOzTnJZJ/tIcZEU=
-11,4,r8Ec1LMshnEzX4wMBCzV0k4tr2w=,/O1mqUFLfBB+OZ3g2wtYnXUsEzI=
-11,7,r8Ec1LMshnEzX4wMBCzV0k4tr2w=,2e5qs2e12reO+sTfygae9njG2JI=
-11,6,r8Ec1LMshnEzX4wMBCzV0k4tr2w=,w/xxYH7QZzMFIaRhiQpZ20qC0to=
-11,1,r8Ec1LMshnEzX4wMBCzV0k4tr2w=,7ak+DgEGLARH6eKbWIyXhM1ngl4=
-11,0,r8Ec1LMshnEzX4wMBCzV0k4tr2w=,w9X2KZYXjaBmi2CI0Fs8crZxH/0=
-11,3,1YdUTz1VkgMZUpLqkemJ7EMidlE=,WAiemD4EBd1e2ewQzcH8GT1NbxA=
-11,2,1YdUTz1VkgMZUpLqkemJ7EMidlE=,SKLZORME0RfHSk2gVW6UN2gAPzA=
-11,13,1YdUTz1VkgMZUpLqkemJ7EMidlE=,khwgCbHIrQZekq78an1tZkVlgNY=
-11,12,1YdUTz1VkgMZUpLqkemJ7EMidlE=,3EzVMBNyc0kfOUNssdJibSD/R3U=
-11,15,1YdUTz1VkgMZUpLqkemJ7EMidlE=,VlPhfVTAxr4HdhC9mjrO9COVCdw=
-11,14,1YdUTz1VkgMZUpLqkemJ7EMidlE=,6rMLWRNvZ3kTXQBx2B8BCB9SNbg=
-11,9,1YdUTz1VkgMZUpLqkemJ7EMidlE=,F0gmtof7SGWBE0ffctJm7/JCbgs=
-11,8,1YdUTz1VkgMZUpLqkemJ7EMidlE=,3Igs6YF+c98Zm+fYacHWXMoHOxs=
-11,11,1YdUTz1VkgMZUpLqkemJ7EMidlE=,utUh6B1TudQY09vl1e/RtHUuL9s=
-11,10,1YdUTz1VkgMZUpLqkemJ7EMidlE=,KOz3q6o9AehvXAycAjk/DQhChgw=
-10,20,1YdUTz1VkgMZUpLqkemJ7EMidlE=,gfDMuE9hyBt4Iz+BN/T4exDPq+4=
-10,18,1YdUTz1VkgMZUpLqkemJ7EMidlE=,lz7rqXDDjdNGTK2uPhbJYCK6zQs=
-10,19,MMhxAXOm3ZbR89hzmdYy1g2UH7E=,r93Gq+UurYXhUEKlMT0nlr0i+os=
-10,16,MMhxAXOm3ZbR89hzmdYy1g2UH7E=,lwRFWRgV61vmfA/dvhv0TX4psFA=
-10,17,MMhxAXOm3ZbR89hzmdYy1g2UH7E=,JbhwVBnjHlUleokPtcH1KKfELaM=
-10,6,MMhxAXOm3ZbR89hzmdYy1g2UH7E=,cuBw7tastVDnc637Op9f8JZjsYI=
-10,7,MMhxAXOm3ZbR89hzmdYy1g2UH7E=,W0+YA7pxRkpxrHUw0oZqhxU9Wys=
-10,4,MMhxAXOm3ZbR89hzmdYy1g2UH7E=,9rgbd+IlApECXc9v37eAgLJOD88=
-10,5,MMhxAXOm3ZbR89hzmdYy1g2UH7E=,N6we2hEHZq9kj2MLXOh+RVLxEew=
-10,2,MMhxAXOm3ZbR89hzmdYy1g2UH7E=,E6kn8fFloaaKtC6uEQ4EQmsCBuw=
-10,3,MMhxAXOm3ZbR89hzmdYy1g2UH7E=,E6kn8fFloaaKtC6uEQ4EQmsCBuw=
-10,0,MMhxAXOm3ZbR89hzmdYy1g2UH7E=,w9X2KZYXjaBmi2CI0Fs8crZxH/0=
-10,1,MMhxAXOm3ZbR89hzmdYy1g2UH7E=,9QNpSU/GuCiI0u6zqVM3j97HsUQ=
-10,14,MMhxAXOm3ZbR89hzmdYy1g2UH7E=,urKOLywVvgbx9FlzL6sTqEdo1+E=
-10,15,HKz4k89aUBNgz12LXvqiOPN0XOo=,8hLmMCdmzo2N+otYzICIgwUZwUI=
-10,12,HKz4k89aUBNgz12LXvqiOPN0XOo=,F464Udm8w06K500y3grcTzX379g=
-10,13,HKz4k89aUBNgz12LXvqiOPN0XOo=,gsRfcSyEfJEQ0VCbxjOYDkK85PA=
-10,10,HKz4k89aUBNgz12LXvqiOPN0XOo=,utUh6B1TudQY09vl1e/RtHUuL9s=
-10,11,HKz4k89aUBNgz12LXvqiOPN0XOo=,3EzVMBNyc0kfOUNssdJibSD/R3U=
-10,8,HKz4k89aUBNgz12LXvqiOPN0XOo=,GEBLHe5HEqKBrkCSLW9BTv+XIqg=
-10,9,HKz4k89aUBNgz12LXvqiOPN0XOo=,YkAK6yp/6C/dLunL6f7TseSD0LQ=
-9,21,HKz4k89aUBNgz12LXvqiOPN0XOo=,96MCCTRmuWDA1DnvipoWbXTDJS0=
-9,20,HKz4k89aUBNgz12LXvqiOPN0XOo=,7oRSoqwYL1lyOr0hlspMZdZgFBE=
-9,19,HKz4k89aUBNgz12LXvqiOPN0XOo=,okSeoxWiXW+W/pQxiDrpOTxXubg=
-9,18,HKz4k89aUBNgz12LXvqiOPN0XOo=,okSeoxWiXW+W/pQxiDrpOTxXubg=
-9,17,HKz4k89aUBNgz12LXvqiOPN0XOo=,zzazOOKHv4xv7w+xdLIMIyw0+as=
-9,16,HKz4k89aUBNgz12LXvqiOPN0XOo=,NSFl3d0hZGiyeF3VXMT1O2E/5Wc=
-9,7,HKz4k89aUBNgz12LXvqiOPN0XOo=,jUfWkuVu3FEaM8LMVmXiLH1WY0w=
-9,6,GsN1hD32xRjwB5FuPIqt7wPLs0o=,L8QdGqTMqwun5B2YI3kklMG3HoA=
-9,5,GsN1hD32xRjwB5FuPIqt7wPLs0o=,L8QdGqTMqwun5B2YI3kklMG3HoA=
-9,4,GsN1hD32xRjwB5FuPIqt7wPLs0o=,7cLL1fINT7fZlYKoK7Q1k8ZOuY0=
-9,3,GsN1hD32xRjwB5FuPIqt7wPLs0o=,515Iwi1yFDBJ5P8h0E9cUqtcnIo=
-9,2,GsN1hD32xRjwB5FuPIqt7wPLs0o=,uR5qcblHaQn2cppysqxfFCRSYp8=
-9,1,GsN1hD32xRjwB5FuPIqt7wPLs0o=,ra4Tht2kGXBo43N3PcuZsgYg5wI=
-9,0,GsN1hD32xRjwB5FuPIqt7wPLs0o=,qksB3dc8EXyTm58Np2xhQKLgV/c=
-9,15,GsN1hD32xRjwB5FuPIqt7wPLs0o=,8hLmMCdmzo2N+otYzICIgwUZwUI=
-9,14,GsN1hD32xRjwB5FuPIqt7wPLs0o=,pWdzau7568l/BrKPCnCqSVHVI2o=
-9,13,GsN1hD32xRjwB5FuPIqt7wPLs0o=,vR+niTiIrU1kVgGZHrE9MbwXq64=
-9,12,GsN1hD32xRjwB5FuPIqt7wPLs0o=,eV9N+pqZcIYZSaClSpaIBMW7yxY=
-9,11,GsN1hD32xRjwB5FuPIqt7wPLs0o=,eV9N+pqZcIYZSaClSpaIBMW7yxY=
-9,10,GsN1hD32xRjwB5FuPIqt7wPLs0o=,utUh6B1TudQY09vl1e/RtHUuL9s=
-9,9,K/AUhWeUf6je/5IFTsGPq63A9t4=,hfC3SsQC2q0bsXlnmx5QTxqFr38=
-9,8,K/AUhWeUf6je/5IFTsGPq63A9t4=,p19zhc4DenW8AL1MyohlVNHadnU=
-8,16,K/AUhWeUf6je/5IFTsGPq63A9t4=,qIkYRjaiNeVIowpxpr7SNItB0Fs=
-8,17,K/AUhWeUf6je/5IFTsGPq63A9t4=,eioqskgbK+vtcFS+j51QAs+GJuM=
-8,18,K/AUhWeUf6je/5IFTsGPq63A9t4=,eioqskgbK+vtcFS+j51QAs+GJuM=
-8,19,K/AUhWeUf6je/5IFTsGPq63A9t4=,ZommDTi73KOJrKolpuq2wcx/m8k=
-8,20,K/AUhWeUf6je/5IFTsGPq63A9t4=,W1XcaqAceSogxgSJjpjBm8yGDww=
-8,21,K/AUhWeUf6je/5IFTsGPq63A9t4=,k69e3KB1e+SeEd502+G+BmWFrJw=
-8,8,K/AUhWeUf6je/5IFTsGPq63A9t4=,xSTldz6GdyQOnY5QyiX37i/soEg=
-8,9,K/AUhWeUf6je/5IFTsGPq63A9t4=,3FhMk848UNy/xTydLKHRh396Kks=
-8,10,K/AUhWeUf6je/5IFTsGPq63A9t4=,AlW61R0uJBou4nA3qQyubnB/33M=
-8,11,K/AUhWeUf6je/5IFTsGPq63A9t4=,WMdfPzUKKbEryOluJlYW9YLqaTg=
-8,12,K/AUhWeUf6je/5IFTsGPq63A9t4=,mgLRuMWFHdcekb4GQJgX5UvCQ4I=
-8,13,G48kDUg/Et7aFpaH7Z9XRGfJNms=,SxaUPUg9FaKuHgtleRg3SHoKrRk=
-8,14,G48kDUg/Et7aFpaH7Z9XRGfJNms=,1yFmSnjaZnhLbKUqDrff+nTtSQg=
-8,15,G48kDUg/Et7aFpaH7Z9XRGfJNms=,/0cDOa8ldqHjILC0Q/8D+k5qNIY=
-8,0,G48kDUg/Et7aFpaH7Z9XRGfJNms=,inXyDcRC6pGBBsXPYYcCrEKJtdM=
-8,1,G48kDUg/Et7aFpaH7Z9XRGfJNms=,8JURDlJP++uCsgD6OAWuNd21sPA=
-8,2,G48kDUg/Et7aFpaH7Z9XRGfJNms=,rHMcSWQwP/vP79nKvI8cpwZICd0=
-8,3,G48kDUg/Et7aFpaH7Z9XRGfJNms=,m3nVYEnzpHVRa2Ry88UuFbuG4RI=
-8,4,G48kDUg/Et7aFpaH7Z9XRGfJNms=,m3nVYEnzpHVRa2Ry88UuFbuG4RI=
-8,5,G48kDUg/Et7aFpaH7Z9XRGfJNms=,m3nVYEnzpHVRa2Ry88UuFbuG4RI=
-8,6,G48kDUg/Et7aFpaH7Z9XRGfJNms=,mmKGQBIzyFiYeYWyY4ZHVO3ozJA=
-8,7,G48kDUg/Et7aFpaH7Z9XRGfJNms=,A70dBwJLjXV5KkHMJ8mopljcNLw=
-7,17,G48kDUg/Et7aFpaH7Z9XRGfJNms=,BvgQgel309z72uF1lIaM3PH5lrk=
-7,16,0rO9n8DLXhiZIg7ntAHCCUWgptk=,o5Tor/bCGjX/1INH8iZNn00cOs0=
-7,19,0rO9n8DLXhiZIg7ntAHCCUWgptk=,4mVYMYnDqGdRyn2hepfwqGntK28=
-7,18,0rO9n8DLXhiZIg7ntAHCCUWgptk=,Rd4ebR7r5Ed94PbxgiQVybD9pVU=
-7,21,0rO9n8DLXhiZIg7ntAHCCUWgptk=,ufbVSDEERFJeEqffeCF6cPotKKY=
-7,20,0rO9n8DLXhiZIg7ntAHCCUWgptk=,ufbVSDEERFJeEqffeCF6cPotKKY=
-7,9,0rO9n8DLXhiZIg7ntAHCCUWgptk=,1bp5Ztav8vaZ4Zu7GERs8lr//NU=
-7,8,0rO9n8DLXhiZIg7ntAHCCUWgptk=,CeUCZ4RtAfVYm0zmtCqb54J4cI4=
-7,11,0rO9n8DLXhiZIg7ntAHCCUWgptk=,ISEY7/HPnZIsA5USxxBWMiBRGDI=
-7,10,0rO9n8DLXhiZIg7ntAHCCUWgptk=,I1XGoj+Ll39OMqeY5cXyhzKv7wU=
-7,13,0rO9n8DLXhiZIg7ntAHCCUWgptk=,9kCXeAeajtg3abDrOhk7Ey4sDuI=
-7,12,0rO9n8DLXhiZIg7ntAHCCUWgptk=,4HwGgOjgla5D9DzHrI63ngL6iFo=
-7,15,0rO9n8DLXhiZIg7ntAHCCUWgptk=,oPEF4LUIJ8AGOCGcNRGyDXIcRHE=
-7,14,0rO9n8DLXhiZIg7ntAHCCUWgptk=,tddODu1MZOQxcv2y+Tba4LLYfxQ=
-7,1,q5yMjKuImU/0VHS83NyyF9BdHU0=,s3EHajZ38+lsrO21c/UMic2w1u8=
-7,0,q5yMjKuImU/0VHS83NyyF9BdHU0=,N38uNZz2Wmcl1bSZgEZDgbj/1V4=
-7,3,q5yMjKuImU/0VHS83NyyF9BdHU0=,DgZNYdHslpnPiPInTOFMc8k4fw8=
-7,2,q5yMjKuImU/0VHS83NyyF9BdHU0=,imjdgaCzkvCuRATwJp28pw4zLiU=
-7,5,q5yMjKuImU/0VHS83NyyF9BdHU0=,03xiCOSY8/WXA4hKIeOiLQSnOv4=
-7,4,q5yMjKuImU/0VHS83NyyF9BdHU0=,03xiCOSY8/WXA4hKIeOiLQSnOv4=
-7,7,q5yMjKuImU/0VHS83NyyF9BdHU0=,3byhP3Hb9DJ2sZFK95xsSU1cdWU=
-7,6,q5yMjKuImU/0VHS83NyyF9BdHU0=,X/buftaX5Kf4gOliQ+qgzmCWORY=
-6,18,q5yMjKuImU/0VHS83NyyF9BdHU0=,sRjx0Qs+UUqCnd6rgpFQa0TWAbQ=
-6,19,q5yMjKuImU/0VHS83NyyF9BdHU0=,wXdphQsogOOcYxZoN5y7mTPFzyY=
-6,16,q5yMjKuImU/0VHS83NyyF9BdHU0=,jv7Uyx6kTO+TkUxBi5UVfASOamc=
-6,17,q5yMjKuImU/0VHS83NyyF9BdHU0=,ya1R06A2CwdpMZwTtT7Xrn23XVw=
-6,22,vAiUXbdfzZojQJ8BUR2QpXUexno=,6kNac3evMPUqSTYau/MEcFDws/g=
-6,20,vAiUXbdfzZojQJ8BUR2QpXUexno=,HdSAODPjYcWbtLZPygrN60SzrHI=
-6,21,vAiUXbdfzZojQJ8BUR2QpXUexno=,woGRPDBKu5miA0mzb31bPIZDHUM=
-6,10,vAiUXbdfzZojQJ8BUR2QpXUexno=,tlJzo7qbxzdo362wBHCbdOaef6A=
-6,11,vAiUXbdfzZojQJ8BUR2QpXUexno=,JdsLPJ1BqoTDDAk1OBVkSJrY3I4=
-6,8,vAiUXbdfzZojQJ8BUR2QpXUexno=,GHtRbIfRmPP4bWtpXkZtD9HpmyY=
-6,9,vAiUXbdfzZojQJ8BUR2QpXUexno=,0zzH2qEhB13jk2+5lBGnjN2K5MA=
-6,14,vAiUXbdfzZojQJ8BUR2QpXUexno=,2EDiWokHyfYI5SL9TPMSQwfP/3g=
-6,15,vAiUXbdfzZojQJ8BUR2QpXUexno=,27AdTWmY+I2wFXs+jtUqHJMKVro=
-6,12,vAiUXbdfzZojQJ8BUR2QpXUexno=,NXJ/70ntjcgETotSK1K8P3+cZzk=
-6,13,vAiUXbdfzZojQJ8BUR2QpXUexno=,1pcW44GMRJnaKjnEM7oc1H/abXU=
-6,2,vAiUXbdfzZojQJ8BUR2QpXUexno=,FN3xBww1oYlLgRaaVGEOasB5l/c=
-6,3,vAiUXbdfzZojQJ8BUR2QpXUexno=,/vvtxm/DgrxzAxUzp9QEc9BOEP0=
-6,0,OEQVMWbMu0sNyqtbwtHjssY5rr8=,2u0wUSYLGgnxGGsBXklaK2MWH94=
-6,1,OEQVMWbMu0sNyqtbwtHjssY5rr8=,FN3xBww1oYlLgRaaVGEOasB5l/c=
-6,6,OEQVMWbMu0sNyqtbwtHjssY5rr8=,Lwh/DoTh2cSbZyv44bbuz3sq7Vk=
-6,7,OEQVMWbMu0sNyqtbwtHjssY5rr8=,ELLGE/U0onqgtBsEy5875EUmNVk=
-6,4,OEQVMWbMu0sNyqtbwtHjssY5rr8=,oRxkKzVfCJNV57rvx09X7wQE7UU=
-6,5,OEQVMWbMu0sNyqtbwtHjssY5rr8=,ZxCzXRSXDoHD56B5xqaoNFe8w84=
-5,19,OEQVMWbMu0sNyqtbwtHjssY5rr8=,vpvXSwNWD7lDE+nQfVwy6xNzC7M=
-5,18,OEQVMWbMu0sNyqtbwtHjssY5rr8=,UySoMsS3HB2iU+SzLXmgBHZzWWU=
-5,17,OEQVMWbMu0sNyqtbwtHjssY5rr8=,cdGl7iNCxerqwTXRGSrNb6Gvpz0=
-5,16,OEQVMWbMu0sNyqtbwtHjssY5rr8=,Si8oHsON4bakOqzZR+TYsJ0+ArA=
-5,22,OEQVMWbMu0sNyqtbwtHjssY5rr8=,6kNac3evMPUqSTYau/MEcFDws/g=
-5,21,OEQVMWbMu0sNyqtbwtHjssY5rr8=,LZTP3PoAAf4GBZeyMuUmelLAlek=
-5,20,OEQVMWbMu0sNyqtbwtHjssY5rr8=,vpvXSwNWD7lDE+nQfVwy6xNzC7M=
-5,11,FJJctBwq6YIQ6R1GWsZpjxlFHDM=,Ek7+kXyJIKNRjF/+Kp55kpUC+VU=
-5,10,FJJctBwq6YIQ6R1GWsZpjxlFHDM=,aUNp78uOwZ3RV9DVwX3V1lmh4sQ=
-5,9,FJJctBwq6YIQ6R1GWsZpjxlFHDM=,dBGtgpnr34tfwyHi7MwttU/UQB4=
-5,8,FJJctBwq6YIQ6R1GWsZpjxlFHDM=,L3O1agfqvZZRRYRfAtahNYkPY58=
-5,15,FJJctBwq6YIQ6R1GWsZpjxlFHDM=,4biFsDuwC5r1LAXLOY+0iGRk4e0=
-5,14,FJJctBwq6YIQ6R1GWsZpjxlFHDM=,Ztol21LqsAjsVmxhOwxg0CQ7C6k=
-5,13,FJJctBwq6YIQ6R1GWsZpjxlFHDM=,VIxqrbosvUxqXV8FPMQ9x6rpF28=
-5,12,FJJctBwq6YIQ6R1GWsZpjxlFHDM=,OOpy1Iz4Tg5TO3GzwJLN812cMQY=
-5,3,FJJctBwq6YIQ6R1GWsZpjxlFHDM=,tVjSmrBFXNxv66VM34R8PiLPVj0=
-5,2,FJJctBwq6YIQ6R1GWsZpjxlFHDM=,dqB8CJ/s1ah+ggwTkJJEl4PBI7M=
-5,1,FJJctBwq6YIQ6R1GWsZpjxlFHDM=,dqB8CJ/s1ah+ggwTkJJEl4PBI7M=
-5,0,FJJctBwq6YIQ6R1GWsZpjxlFHDM=,y+uTV0rBBiVPQ8nFpHPDqHF0FOg=
-5,7,FJJctBwq6YIQ6R1GWsZpjxlFHDM=,JKdaYYzF32gTJtAjH4zf8dY7I+U=
-5,6,gVh7YL5MnNZoirxI6ji7JJlULnM=,zzJvYy5rK2zyGJUy8lY2Hj3x2UA=
-5,5,gVh7YL5MnNZoirxI6ji7JJlULnM=,qlsEghr5zpPx2oDZkhtdXG2Jk1U=
-5,4,gVh7YL5MnNZoirxI6ji7JJlULnM=,bjvV2x8m2QaUztPfj5fswjdbnf4=
-4,20,gVh7YL5MnNZoirxI6ji7JJlULnM=,RR/nUEzfv6vmVZNtyxlnO/cbnJs=
-4,21,gVh7YL5MnNZoirxI6ji7JJlULnM=,6kNcQC8GV8+qWaB6CKIal2bsh2k=
-4,22,gVh7YL5MnNZoirxI6ji7JJlULnM=,iLN3TdTul/9MZUZxclvagAz4pqs=
-4,16,gVh7YL5MnNZoirxI6ji7JJlULnM=,GOlOOGMi61yjNibkAePiRQym5Xs=
-4,17,gVh7YL5MnNZoirxI6ji7JJlULnM=,LHCMHpsRs2oOYdAbUVehk/O6Ulw=
-4,18,gVh7YL5MnNZoirxI6ji7JJlULnM=,FNrce1xBlg+hM3ProCSJL1sqsvc=
-4,19,gVh7YL5MnNZoirxI6ji7JJlULnM=,zFoN6gDJZoTF7QJKvgtvPbk3ThU=
-4,12,gVh7YL5MnNZoirxI6ji7JJlULnM=,XokfmDskbbhwmpjVzdjZfKFrWcE=
-4,13,gVh7YL5MnNZoirxI6ji7JJlULnM=,U937hOtudZVETtsEEqdtulmZtpU=
-4,14,gVh7YL5MnNZoirxI6ji7JJlULnM=,TyXeoUAIVHJnwYpoRpVcFQbIWRI=
-4,15,SzYdbghwpQ43Xy0ggpr43Iu7Z1E=,7sRQ69vLsiDmctyEE6RXzsnnKeU=
-4,8,SzYdbghwpQ43Xy0ggpr43Iu7Z1E=,GWdTzqZkJ6+CqI5hmORfgoGGpyQ=
-4,9,SzYdbghwpQ43Xy0ggpr43Iu7Z1E=,V+dhnvgp27j/dOnikdcsAwYMYZY=
-4,10,SzYdbghwpQ43Xy0ggpr43Iu7Z1E=,rn+mn4zdi4mppdj0nzPPoIFTVPk=
-4,11,SzYdbghwpQ43Xy0ggpr43Iu7Z1E=,OLfj0CUuJsmoNbhBOPfI2Qj4XnI=
-4,4,SzYdbghwpQ43Xy0ggpr43Iu7Z1E=,4VYBsD2BNqel2QxOekbmBDAyNSA=
-4,5,SzYdbghwpQ43Xy0ggpr43Iu7Z1E=,bzSjNBEGWITjHZf+Lp8FYsAS7p0=
-4,6,SzYdbghwpQ43Xy0ggpr43Iu7Z1E=,VAMr86ItP3t7OAT1NUlKX4VF7UQ=
-4,7,SzYdbghwpQ43Xy0ggpr43Iu7Z1E=,EpZT5McbmwY1oGoebqBcSrQgtZM=
-4,0,SzYdbghwpQ43Xy0ggpr43Iu7Z1E=,k0+3UyAdihgeHHAF7SvSAmiULrI=
-4,1,7iIl2Aa9OE55ojfNn954hAkKE+4=,o3xhquLqfI+UY9Fhir9xgBTauGc=
-4,2,7iIl2Aa9OE55ojfNn954hAkKE+4=,Vf5os9SEuzg+BNJNHyP3i32v2pY=
-4,3,7iIl2Aa9OE55ojfNn954hAkKE+4=,UHve1CeqMDXbmFy4ZnUaZ5Pi/1w=
-3,21,7iIl2Aa9OE55ojfNn954hAkKE+4=,lNURUmq0UYF+7RWDbrpJH1dg/+4=
-3,20,7iIl2Aa9OE55ojfNn954hAkKE+4=,MiMK+ff/MB0xCUgm3/RTVoi+1DY=
-3,22,7iIl2Aa9OE55ojfNn954hAkKE+4=,lq0rhCZS3N2xHVMK9F4x3v1uV2Y=
-3,17,7iIl2Aa9OE55ojfNn954hAkKE+4=,3IgMYH8itBvse9UFfhhtr3PTiTg=
-3,16,7iIl2Aa9OE55ojfNn954hAkKE+4=,GXFJruhz5trI7VT/ejKefBIRNhA=
-3,19,7iIl2Aa9OE55ojfNn954hAkKE+4=,i7cwCaDSnGkcS5TnGEFscGotMpE=
-3,18,7iIl2Aa9OE55ojfNn954hAkKE+4=,2dpbRQcfMJo87hYAru2NkVmGi3A=
-3,13,7iIl2Aa9OE55ojfNn954hAkKE+4=,RJb10eLmG272K79+bOhsCq2M33g=
-3,12,7iIl2Aa9OE55ojfNn954hAkKE+4=,TCz3qa/sCUoM+40ty19ivwgW4/U=
-3,15,7iIl2Aa9OE55ojfNn954hAkKE+4=,d+IrBhdUPD8HewORLBAm+FmdKGw=
-3,14,E42ltjyxH5FliAdkLozphTlWgPk=,4CV7OEpO9p6HnO6JUDM5ZHEtF2w=
-3,9,E42ltjyxH5FliAdkLozphTlWgPk=,x9Y2WmF1AY61pP0QozJJctYG0ns=
-3,8,E42ltjyxH5FliAdkLozphTlWgPk=,xK8KgpP7FTWl+/Vh6B2HJZ8y4Gk=
-3,11,E42ltjyxH5FliAdkLozphTlWgPk=,J760//P7e11T254VwH5M/Eb8cuU=
-3,10,E42ltjyxH5FliAdkLozphTlWgPk=,DnLe2TryBGMA0KE/jNOu3vUycm8=
-3,5,E42ltjyxH5FliAdkLozphTlWgPk=,cuVITYQRXZoRmDWwi1kRu0iRmJI=
-3,4,E42ltjyxH5FliAdkLozphTlWgPk=,maPLerzeqmA0Qv463Nw7UDiXi/E=
-3,7,E42ltjyxH5FliAdkLozphTlWgPk=,jId5Qn2K1vvAlK8A9N0YBs6HSIk=
-3,6,E42ltjyxH5FliAdkLozphTlWgPk=,1rKtv6XEuS3/UFmTvzcA9SjcfnU=
-3,1,E42ltjyxH5FliAdkLozphTlWgPk=,FljAXu1UbKcSWYDmgiZeHyisRTg=
-3,0,E42ltjyxH5FliAdkLozphTlWgPk=,BNicNXAW5361smG2yBSz2D2qCws=
-3,3,E42ltjyxH5FliAdkLozphTlWgPk=,zzJvYy5rK2zyGJUy8lY2Hj3x2UA=
-3,2,r6Zd7vVjzCFQ47E83pssn/lr7EY=,JxrqVCR3HwFHYuZ8stBzqLzdie8=
-2,22,r6Zd7vVjzCFQ47E83pssn/lr7EY=,Ugt+2l6a1a7SsaSx+GqpSa0gj68=
-2,20,r6Zd7vVjzCFQ47E83pssn/lr7EY=,/mEvjXZhuCuHLoeT9fJf5k9PCzY=
-2,21,r6Zd7vVjzCFQ47E83pssn/lr7EY=,YPDHLFaN6OJ+Wku8BKshK2mQkfQ=
-2,18,r6Zd7vVjzCFQ47E83pssn/lr7EY=,XatnFc1IeJ4JjkasPIsqPlCFOTo=
-2,19,r6Zd7vVjzCFQ47E83pssn/lr7EY=,SdBrXNq4Xit6X+SoRyGorzhoW0I=
-2,16,r6Zd7vVjzCFQ47E83pssn/lr7EY=,W5zl6/QHDwJ6pMhb2tc2fvkymE8=
-2,17,r6Zd7vVjzCFQ47E83pssn/lr7EY=,9BxBLrL3D260OsvIlfkGTq66l1I=
-2,14,r6Zd7vVjzCFQ47E83pssn/lr7EY=,7H32a3E+e6cJrMpEBMqDoFp6BYg=
-2,15,r6Zd7vVjzCFQ47E83pssn/lr7EY=,2+WYqJXQLAFByGDuti1x5auK7SU=
-2,12,r6Zd7vVjzCFQ47E83pssn/lr7EY=,hc6lZaLubgFFPhr712SkQNtiaSM=
-2,13,r6Zd7vVjzCFQ47E83pssn/lr7EY=,VuUfXYNBuKM8QcLZlOd8bm4+jUo=
-2,10,r6Zd7vVjzCFQ47E83pssn/lr7EY=,fI6i5dEjSnzrOhFrxvjrTWeswdU=
-2,11,9xQaCwgvxk4NUfiJ2QlIymvtaco=,WiNobUrXPImYUjkk3frw8IRI2ZQ=
-2,8,9xQaCwgvxk4NUfiJ2QlIymvtaco=,jXEZmgvlR0B5aOsNGAqc4Rn0YlA=
-2,9,9xQaCwgvxk4NUfiJ2QlIymvtaco=,8p0DEnI3SyUVyd5SBsFkqP+Tmb4=
-2,6,9xQaCwgvxk4NUfiJ2QlIymvtaco=,JuFKy1Oq0N64QbPYIMQaL1NlCLc=
-2,7,9xQaCwgvxk4NUfiJ2QlIymvtaco=,RQxJyyXZ0EWsVWEz5b8/FP7e2uc=
-2,4,9xQaCwgvxk4NUfiJ2QlIymvtaco=,FFvqALybBBBvrp0KXKYkVvcGmXY=
-2,5,9xQaCwgvxk4NUfiJ2QlIymvtaco=,uczCam8gUtHZ0yJHuDiF+a8WDbY=
-2,2,9xQaCwgvxk4NUfiJ2QlIymvtaco=,iH+Rtc64GF9oxQmB8qybsTevOZw=
-2,3,9xQaCwgvxk4NUfiJ2QlIymvtaco=,UMlUQTZrBs8N2WuLNdgjSm6eVhE=
-2,0,9xQaCwgvxk4NUfiJ2QlIymvtaco=,CgYKOgilAr6RKgc3mksYUwgfM08=
-2,1,9xQaCwgvxk4NUfiJ2QlIymvtaco=,SnAvctMKG7b17Yp0ihrpArpp8qk=
-1,22,9xQaCwgvxk4NUfiJ2QlIymvtaco=,GC2KA7+Hsb03sodRg0N7FtFQUUM=
-1,21,9xQaCwgvxk4NUfiJ2QlIymvtaco=,c1XAUPvxjrpzjVN1jxwjucvl9j8=
-1,20,P4an/gwPp1ZFCg4U0ldIXrEpOnU=,h9mT79RuBWwBpS8OCTEQs102+6k=
-1,19,P4an/gwPp1ZFCg4U0ldIXrEpOnU=,AmfDUiILXSygCd0lz6VRB9JAXKM=
-1,18,P4an/gwPp1ZFCg4U0ldIXrEpOnU=,r8i42kvK6Eozfkc0fbCPFOXWYGE=
-1,17,P4an/gwPp1ZFCg4U0ldIXrEpOnU=,qwRjWahl3r7c83G5ucWXmgFL2JI=
-1,16,P4an/gwPp1ZFCg4U0ldIXrEpOnU=,9+CxGqXKxKvsu2LiAaMAneY3fTw=
-1,15,P4an/gwPp1ZFCg4U0ldIXrEpOnU=,/MUM/aoYCz5VfRKd0unXe1aCx+Q=
-1,14,P4an/gwPp1ZFCg4U0ldIXrEpOnU=,GFTuyc3NubvpSBPRhtFSXCb1NTA=
-1,13,P4an/gwPp1ZFCg4U0ldIXrEpOnU=,Ykrkr18crewFVqkhk91GcHKqnSE=
-1,12,P4an/gwPp1ZFCg4U0ldIXrEpOnU=,5YKBQ3e7ua9jgtGQKe4FeHGflHA=
-1,11,P4an/gwPp1ZFCg4U0ldIXrEpOnU=,QheL7HqlwTfRcc3THSP44Xrqp3M=
-1,10,P4an/gwPp1ZFCg4U0ldIXrEpOnU=,9ILhutp/OtBUJOtt7BqvSDDN6Xw=
-1,9,P4an/gwPp1ZFCg4U0ldIXrEpOnU=,EiG7YgJs/ldq/YsPvtYX7og7fXU=
-1,8,P4an/gwPp1ZFCg4U0ldIXrEpOnU=,0R1uCP5eLcEIeCDWWpfbeYw9u0U=
-1,7,yM4HLhfkuVfhX1C4rjNWSE5Ku3Q=,fGxK7J4S2MKC6ypsEMAP0F9/eCg=
-1,6,yM4HLhfkuVfhX1C4rjNWSE5Ku3Q=,4a6+S7Ikq9kgb9tfmyrla/1m84c=
-1,5,yM4HLhfkuVfhX1C4rjNWSE5Ku3Q=,4a6+S7Ikq9kgb9tfmyrla/1m84c=
-1,4,yM4HLhfkuVfhX1C4rjNWSE5Ku3Q=,pBrlpr/qseEpwdEtjvcQbsw95LU=
-1,3,yM4HLhfkuVfhX1C4rjNWSE5Ku3Q=,seBPrguwTVosC4oQlP9tWg8mD+I=
-1,2,DiASMyg5asSf5I2qrqS08qQsPdE=,Yy4snovy8OYDkF9a5X0FnaNEaUs=
-1,1,DiASMyg5asSf5I2qrqS08qQsPdE=,tnUZxAwxkjP14BKVxFkD2SJs5DM=
-1,0,DiASMyg5asSf5I2qrqS08qQsPdE=,89xhf3RvZWSSRZqyVTkUz6pQkL8=
